case:concept:name,concept:name,org:resource,enabled:timestamp,start:timestamp,time:timestamp
case_1,Create Purchase Requisition,Immanuel Karagianni,2025-08-02 14:16:19.419466,2025-08-02 14:16:19.419466,2025-08-02 14:55:19.419466
case_1,Analyze Purchase Requisition,Francis Odell,2025-08-02 14:55:19.419466,2025-08-03 01:13:19.419466,2025-08-03 01:17:19.419466
case_2,Create Purchase Requisition,Christian Francois,2025-08-03 08:58:19.419466,2025-08-03 08:58:19.419466,2025-08-03 09:15:19.419466
case_2,Create Request for Quotation Requester,Esmana Liubiata,2025-08-03 09:15:19.419466,2025-08-03 14:28:19.419466,2025-08-03 14:32:19.419466
case_3,Create Purchase Requisition,Alberto Duport,2025-08-03 19:37:19.419466,2025-08-03 19:37:19.419466,2025-08-03 21:53:19.419466
case_2,Analyze Request for Quotation,Magdalena Predutta,2025-08-03 14:32:19.419466,2025-08-03 22:56:19.419466,2025-08-03 23:28:19.419466
case_4,Create Purchase Requisition,Christian Francois,2025-08-03 23:43:19.419466,2025-08-03 23:43:19.419466,2025-08-04 00:13:19.419466
case_1,Create Request for Quotation Requester Manager,Heinz Gutschmidt,2025-08-03 01:17:19.419466,2025-08-04 01:24:19.419466,2025-08-04 01:25:19.419466
case_3,Analyze Purchase Requisition,Maris Freeman,2025-08-03 21:53:19.419466,2025-08-04 01:56:19.419466,2025-08-04 02:02:19.419466
case_3,Create Request for Quotation Requester,Kim Passa,2025-08-04 02:02:19.419466,2025-08-04 03:01:19.419466,2025-08-04 03:13:19.419466
case_4,Analyze Purchase Requisition,Maris Freeman,2025-08-04 00:13:19.419466,2025-08-04 08:07:19.419466,2025-08-04 08:12:19.419466
case_2,Send Request for Quotation to Supplier,Francois de Perrier,2025-08-03 23:28:19.419466,2025-08-04 10:07:19.419466,2025-08-04 10:23:19.419466
case_1,Analyze Request for Quotation,Magdalena Predutta,2025-08-04 01:25:19.419466,2025-08-04 11:14:19.419466,2025-08-04 11:27:19.419466
case_1,Amend Request for Quotation Requester,Esmana Liubiata,2025-08-04 11:27:19.419466,2025-08-04 12:40:19.419466,2025-08-04 12:59:19.419466
case_5,Create Purchase Requisition,Immanuel Karagianni,2025-08-04 14:56:19.419466,2025-08-04 14:56:19.419466,2025-08-04 16:12:19.419466
case_6,Create Purchase Requisition,Nico Ojenbeer,2025-08-04 16:19:19.419466,2025-08-04 16:19:19.419466,2025-08-04 16:43:19.419466
case_4,Create Request for Quotation Requester Manager,Maris Freeman,2025-08-04 08:12:19.419466,2025-08-04 17:43:19.419466,2025-08-04 17:43:19.419466
case_7,Create Purchase Requisition,Miu Hanwan,2025-08-04 18:23:19.419466,2025-08-04 18:23:19.419466,2025-08-04 18:39:19.419466
case_7,Analyze Purchase Requisition,Maris Freeman,2025-08-04 18:39:19.419466,2025-08-04 19:05:19.419466,2025-08-04 19:14:19.419466
case_2,Create Quotation comparison Map,Francois de Perrier,2025-08-04 10:23:19.419466,2025-08-04 20:33:19.419466,2025-08-05 00:27:19.419466
case_7,Create Request for Quotation Requester,Immanuel Karagianni,2025-08-04 19:14:19.419466,2025-08-04 20:36:19.419466,2025-08-04 20:47:19.419466
case_1,Analyze Request for Quotation,Francois de Perrier,2025-08-04 12:59:19.419466,2025-08-04 20:47:19.419466,2025-08-04 21:01:19.419466
case_5,Analyze Purchase Requisition,Maris Freeman,2025-08-04 16:12:19.419466,2025-08-04 21:38:19.419466,2025-08-04 21:42:19.419466
case_2,Analyze Quotation comparison Map,Penn Osterwalder,2025-08-05 00:27:19.419466,2025-08-05 01:10:19.419466,2025-08-05 01:29:19.419466
case_6,Create Request for Quotation Requester Manager,Heinz Gutschmidt,2025-08-04 16:43:19.419466,2025-08-05 02:12:19.419466,2025-08-05 02:12:19.419466
case_7,Analyze Request for Quotation,Francois de Perrier,2025-08-04 20:47:19.419466,2025-08-05 03:17:19.419466,2025-08-05 03:48:19.419466
case_7,Amend Request for Quotation Requester,Fjodor Kowalski,2025-08-05 03:48:19.419466,2025-08-05 05:14:19.419466,2025-08-05 05:24:19.419466
case_8,Create Purchase Requisition,Tesca Lobes,2025-08-05 06:45:19.419466,2025-08-05 06:45:19.419466,2025-08-05 06:55:19.419466
case_2,Choose best option,Anne Olwada,2025-08-05 01:29:19.419466,2025-08-05 06:47:19.419466,2025-08-05 06:47:19.419466
case_3,Analyze Request for Quotation,Francois de Perrier,2025-08-04 03:13:19.419466,2025-08-05 07:56:19.419466,2025-08-05 08:18:19.419466
case_5,Create Request for Quotation Requester,Esmana Liubiata,2025-08-04 21:42:19.419466,2025-08-05 08:02:19.419466,2025-08-05 08:13:19.419466
case_8,Create Request for Quotation Requester,Alberto Duport,2025-08-05 06:55:19.419466,2025-08-05 08:32:19.419466,2025-08-05 08:41:19.419466
case_3,Amend Request for Quotation Requester,Miu Hanwan,2025-08-05 08:18:19.419466,2025-08-05 10:05:19.419466,2025-08-05 10:21:19.419466
case_7,Analyze Request for Quotation,Magdalena Predutta,2025-08-05 05:24:19.419466,2025-08-05 10:13:19.419466,2025-08-05 10:42:19.419466
case_9,Create Purchase Requisition,Anne Olwada,2025-08-05 11:25:19.419466,2025-08-05 11:25:19.419466,2025-08-05 11:27:19.419466
case_6,Analyze Request for Quotation,Magdalena Predutta,2025-08-05 02:12:19.419466,2025-08-05 13:49:19.419466,2025-08-05 14:23:19.419466
case_10,Create Purchase Requisition,Alberto Duport,2025-08-05 14:35:19.419466,2025-08-05 14:35:19.419466,2025-08-05 14:51:19.419466
case_8,Analyze Request for Quotation,Magdalena Predutta,2025-08-05 08:41:19.419466,2025-08-05 15:33:19.419466,2025-08-05 15:57:19.419466
case_5,Analyze Request for Quotation,Francois de Perrier,2025-08-05 08:13:19.419466,2025-08-05 16:28:19.419466,2025-08-05 16:35:19.419466
case_8,Amend Request for Quotation Requester,Christian Francois,2025-08-05 15:57:19.419466,2025-08-05 18:07:19.419466,2025-08-05 18:23:19.419466
case_5,Amend Request for Quotation Requester,Esmana Liubiata,2025-08-05 16:35:19.419466,2025-08-05 18:14:19.419466,2025-08-05 18:20:19.419466
case_8,Analyze Request for Quotation,Francois de Perrier,2025-08-05 18:23:19.419466,2025-08-05 18:30:19.419466,2025-08-05 19:02:19.419466
case_9,Create Request for Quotation Requester Manager,Francis Odell,2025-08-05 11:27:19.419466,2025-08-05 19:30:19.419466,2025-08-05 19:34:19.419466
case_10,Analyze Purchase Requisition,Francis Odell,2025-08-05 14:51:19.419466,2025-08-05 21:50:19.419466,2025-08-05 21:53:19.419466
case_9,Analyze Request for Quotation,Magdalena Predutta,2025-08-05 19:34:19.419466,2025-08-05 22:11:19.419466,2025-08-05 22:47:19.419466
case_11,Create Purchase Requisition,Kim Passa,2025-08-05 23:25:19.419466,2025-08-05 23:25:19.419466,2025-08-06 01:01:19.419466
case_9,Send Request for Quotation to Supplier,Karel de Groot,2025-08-05 22:47:19.419466,2025-08-06 00:04:19.419466,2025-08-06 00:13:19.419466
case_2,Settle conditions with supplier,Francois de Perrier,2025-08-05 06:47:19.419466,2025-08-06 01:08:19.419466,2025-08-06 07:44:19.419466
case_12,Create Purchase Requisition,Fjodor Kowalski,2025-08-06 02:45:19.419466,2025-08-06 02:45:19.419466,2025-08-06 02:58:19.419466
case_10,Create Request for Quotation Requester,Anne Olwada,2025-08-05 21:53:19.419466,2025-08-06 03:48:19.419466,2025-08-06 03:50:19.419466
case_10,Analyze Request for Quotation,Magdalena Predutta,2025-08-06 03:50:19.419466,2025-08-06 07:57:19.419466,2025-08-06 08:09:19.419466
case_12,Analyze Purchase Requisition,Maris Freeman,2025-08-06 02:58:19.419466,2025-08-06 08:25:19.419466,2025-08-06 08:29:19.419466
case_12,Create Request for Quotation Requester,Anne Olwada,2025-08-06 08:29:19.419466,2025-08-06 08:46:19.419466,2025-08-06 08:56:19.419466
case_10,Send Request for Quotation to Supplier,Magdalena Predutta,2025-08-06 08:09:19.419466,2025-08-06 11:58:19.419466,2025-08-06 13:17:19.419466
case_9,Create Quotation comparison Map,Karel de Groot,2025-08-06 00:13:19.419466,2025-08-06 14:36:19.419466,2025-08-06 19:15:19.419466
case_1,Send Request for Quotation to Supplier,Magdalena Predutta,2025-08-04 21:01:19.419466,2025-08-06 16:48:19.419466,2025-08-06 17:08:19.419466
case_8,Send Request for Quotation to Supplier,Karel de Groot,2025-08-05 19:02:19.419466,2025-08-06 17:55:19.419466,2025-08-06 18:17:19.419466
case_1,Create Quotation comparison Map,Karel de Groot,2025-08-06 17:08:19.419466,2025-08-06 18:15:19.419466,2025-08-07 00:08:19.419466
case_11,Create Request for Quotation Requester Manager,Heinz Gutschmidt,2025-08-06 01:01:19.419466,2025-08-06 19:09:19.419466,2025-08-06 19:11:19.419466
case_9,Analyze Quotation comparison Map,Immanuel Karagianni,2025-08-06 19:15:19.419466,2025-08-06 20:26:19.419466,2025-08-06 20:45:19.419466
case_12,Analyze Request for Quotation,Magdalena Predutta,2025-08-06 08:56:19.419466,2025-08-06 20:33:19.419466,2025-08-06 21:07:19.419466
case_12,Amend Request for Quotation Requester,Immanuel Karagianni,2025-08-06 21:07:19.419466,2025-08-06 22:31:19.419466,2025-08-06 22:36:19.419466
case_8,Create Quotation comparison Map,Magdalena Predutta,2025-08-06 18:17:19.419466,2025-08-06 22:43:19.419466,2025-08-07 03:31:19.419466
case_13,Create Purchase Requisition,Christian Francois,2025-08-06 22:56:19.419466,2025-08-06 22:56:19.419466,2025-08-06 23:32:19.419466
case_10,Create Quotation comparison Map,Magdalena Predutta,2025-08-06 13:17:19.419466,2025-08-06 23:41:19.419466,2025-08-07 03:12:19.419466
case_12,Analyze Request for Quotation,Francois de Perrier,2025-08-06 22:36:19.419466,2025-08-07 00:44:19.419466,2025-08-07 01:20:19.419466
case_1,Analyze Quotation comparison Map,Alberto Duport,2025-08-07 00:08:19.419466,2025-08-07 01:01:19.419466,2025-08-07 01:14:19.419466
case_13,Analyze Purchase Requisition,Heinz Gutschmidt,2025-08-06 23:32:19.419466,2025-08-07 01:26:19.419466,2025-08-07 01:32:19.419466
case_9,Choose best option,Anne Olwada,2025-08-06 20:45:19.419466,2025-08-07 01:57:19.419466,2025-08-07 01:57:19.419466
case_14,Create Purchase Requisition,Immanuel Karagianni,2025-08-07 02:34:19.419466,2025-08-07 02:34:19.419466,2025-08-07 02:35:19.419466
case_12,Send Request for Quotation to Supplier,Karel de Groot,2025-08-07 01:20:19.419466,2025-08-07 02:46:19.419466,2025-08-07 03:08:19.419466
case_14,Analyze Purchase Requisition,Francis Odell,2025-08-07 02:35:19.419466,2025-08-07 03:04:19.419466,2025-08-07 03:06:19.419466
case_5,Analyze Request for Quotation,Karel de Groot,2025-08-05 18:20:19.419466,2025-08-07 03:09:19.419466,2025-08-07 03:35:19.419466
case_3,Analyze Request for Quotation,Karel de Groot,2025-08-05 10:21:19.419466,2025-08-07 03:40:19.419466,2025-08-07 04:16:19.419466
case_8,Analyze Quotation comparison Map,Penn Osterwalder,2025-08-07 03:31:19.419466,2025-08-07 04:20:19.419466,2025-08-07 04:35:19.419466
case_5,Amend Request for Quotation Requester,Anne Olwada,2025-08-07 03:35:19.419466,2025-08-07 06:34:19.419466,2025-08-07 06:50:19.419466
case_13,Create Request for Quotation Requester,Christian Francois,2025-08-07 01:32:19.419466,2025-08-07 07:01:19.419466,2025-08-07 07:12:19.419466
case_5,Analyze Request for Quotation,Magdalena Predutta,2025-08-07 06:50:19.419466,2025-08-07 07:24:19.419466,2025-08-07 07:48:19.419466
case_8,Choose best option,Fjodor Kowalski,2025-08-07 04:35:19.419466,2025-08-07 07:30:19.419466,2025-08-07 07:30:19.419466
case_1,Choose best option,Kim Passa,2025-08-07 01:14:19.419466,2025-08-07 08:03:19.419466,2025-08-07 08:03:19.419466
case_9,Settle conditions with supplier,Francois de Perrier,2025-08-07 01:57:19.419466,2025-08-07 10:33:19.419466,2025-08-07 16:42:19.419466
case_10,Analyze Quotation comparison Map,Tesca Lobes,2025-08-07 03:12:19.419466,2025-08-07 10:55:19.419466,2025-08-07 11:14:19.419466
case_14,Create Request for Quotation Requester Manager,Francis Odell,2025-08-07 03:06:19.419466,2025-08-07 11:19:19.419466,2025-08-07 11:20:19.419466
case_8,Settle conditions with supplier,Magdalena Predutta,2025-08-07 07:30:19.419466,2025-08-07 11:37:19.419466,2025-08-07 21:32:19.419466
case_11,Analyze Request for Quotation,Karel de Groot,2025-08-06 19:11:19.419466,2025-08-07 11:38:19.419466,2025-08-07 13:09:19.419466
case_14,Analyze Request for Quotation,Karel de Groot,2025-08-07 11:20:19.419466,2025-08-07 11:44:19.419466,2025-08-07 13:13:19.419466
case_3,Send Request for Quotation to Supplier,Francois de Perrier,2025-08-07 04:16:19.419466,2025-08-07 12:50:19.419466,2025-08-07 13:12:19.419466
case_10,Choose best option,Kim Passa,2025-08-07 11:14:19.419466,2025-08-07 14:15:19.419466,2025-08-07 14:15:19.419466
case_2,Create Purchase Order,Francois de Perrier,2025-08-06 07:44:19.419466,2025-08-07 16:08:19.419466,2025-08-07 16:14:19.419466
case_3,Create Quotation comparison Map,Magdalena Predutta,2025-08-07 13:12:19.419466,2025-08-07 16:54:19.419466,2025-08-07 22:11:19.419466
case_12,Create Quotation comparison Map,Karel de Groot,2025-08-07 03:08:19.419466,2025-08-07 19:28:19.419466,2025-08-08 00:01:19.419466
case_2,Confirm Purchase Order,Sean Manney,2025-08-07 16:14:19.419466,2025-08-07 21:30:19.419466,2025-08-07 21:42:19.419466
case_1,Settle conditions with supplier,Magdalena Predutta,2025-08-07 08:03:19.419466,2025-08-07 21:51:19.419466,2025-08-08 00:49:19.419466
case_8,Create Purchase Order,Karel de Groot,2025-08-07 21:32:19.419466,2025-08-07 23:50:19.419466,2025-08-07 23:54:19.419466
case_11,Send Request for Quotation to Supplier,Magdalena Predutta,2025-08-07 13:09:19.419466,2025-08-08 00:01:19.419466,2025-08-08 00:18:19.419466
case_4,Analyze Request for Quotation,Magdalena Predutta,2025-08-04 17:43:19.419466,2025-08-08 00:22:19.419466,2025-08-08 00:52:19.419466
case_12,Analyze Quotation comparison Map,Anne Olwada,2025-08-08 00:01:19.419466,2025-08-08 00:58:19.419466,2025-08-08 01:21:19.419466
case_9,Create Purchase Order,Magdalena Predutta,2025-08-07 16:42:19.419466,2025-08-08 02:19:19.419466,2025-08-08 02:29:19.419466
case_5,Send Request for Quotation to Supplier,Magdalena Predutta,2025-08-07 07:48:19.419466,2025-08-08 02:22:19.419466,2025-08-08 02:42:19.419466
case_4,Amend Request for Quotation Requester,Alberto Duport,2025-08-08 00:52:19.419466,2025-08-08 02:27:19.419466,2025-08-08 02:35:19.419466
case_11,Create Quotation comparison Map,Magdalena Predutta,2025-08-08 00:18:19.419466,2025-08-08 03:48:19.419466,2025-08-08 09:45:19.419466
case_1,Create Purchase Order,Magdalena Predutta,2025-08-08 00:49:19.419466,2025-08-08 03:51:19.419466,2025-08-08 03:58:19.419466
case_4,Analyze Request for Quotation,Francois de Perrier,2025-08-08 02:35:19.419466,2025-08-08 06:04:19.419466,2025-08-08 06:40:19.419466
case_5,Create Quotation comparison Map,Karel de Groot,2025-08-08 02:42:19.419466,2025-08-08 06:20:19.419466,2025-08-08 08:46:19.419466
case_8,Confirm Purchase Order,Carmen Finacse,2025-08-07 23:54:19.419466,2025-08-08 06:34:19.419466,2025-08-08 06:57:19.419466
case_9,Confirm Purchase Order,Karen Clarens,2025-08-08 02:29:19.419466,2025-08-08 06:42:19.419466,2025-08-08 07:02:19.419466
case_2,Deliver Goods Services,Carmen Finacse,2025-08-07 21:42:19.419466,2025-08-08 07:36:19.419466,2025-08-08 14:44:19.419466
case_3,Analyze Quotation comparison Map,Miu Hanwan,2025-08-07 22:11:19.419466,2025-08-08 08:20:19.419466,2025-08-08 08:58:19.419466
case_3,Choose best option,Tesca Lobes,2025-08-08 08:58:19.419466,2025-08-08 09:07:19.419466,2025-08-08 09:07:19.419466
case_5,Analyze Quotation comparison Map,Penn Osterwalder,2025-08-08 08:46:19.419466,2025-08-08 09:58:19.419466,2025-08-08 10:17:19.419466
case_5,Choose best option,Kim Passa,2025-08-08 10:17:19.419466,2025-08-08 11:58:19.419466,2025-08-08 11:58:19.419466
case_12,Choose best option,Immanuel Karagianni,2025-08-08 01:21:19.419466,2025-08-08 13:02:19.419466,2025-08-08 13:02:19.419466
case_11,Analyze Quotation comparison Map,Kim Passa,2025-08-08 09:45:19.419466,2025-08-08 14:38:19.419466,2025-08-08 15:05:19.419466
case_5,Settle conditions with supplier,Magdalena Predutta,2025-08-08 11:58:19.419466,2025-08-08 14:46:19.419466,2025-08-08 22:57:19.419466
case_3,Settle conditions with supplier,Karel de Groot,2025-08-08 09:07:19.419466,2025-08-08 15:30:19.419466,2025-08-09 02:48:19.419466
case_11,Choose best option,Immanuel Karagianni,2025-08-08 15:05:19.419466,2025-08-08 15:43:19.419466,2025-08-08 15:43:19.419466
case_2,Release Purchase Order,Immanuel Karagianni,2025-08-08 14:44:19.419466,2025-08-08 15:47:19.419466,2025-08-08 15:47:19.419466
case_1,Confirm Purchase Order,Carmen Finacse,2025-08-08 03:58:19.419466,2025-08-08 16:46:19.419466,2025-08-08 17:16:19.419466
case_12,Settle conditions with supplier,Magdalena Predutta,2025-08-08 13:02:19.419466,2025-08-08 17:57:19.419466,2025-08-09 04:33:19.419466
case_11,Settle conditions with supplier,Magdalena Predutta,2025-08-08 15:43:19.419466,2025-08-08 22:19:19.419466,2025-08-09 01:33:19.419466
case_13,Analyze Request for Quotation,Magdalena Predutta,2025-08-07 07:12:19.419466,2025-08-08 22:53:19.419466,2025-08-08 23:22:19.419466
case_10,Settle conditions with supplier,Karel de Groot,2025-08-07 14:15:19.419466,2025-08-08 23:08:19.419466,2025-08-09 03:59:19.419466
case_2,Approve Purchase Order for payment,Francois de Perrier,2025-08-08 15:47:19.419466,2025-08-08 23:35:19.419466,2025-08-08 23:35:19.419466
case_5,Create Purchase Order,Karel de Groot,2025-08-08 22:57:19.419466,2025-08-09 01:45:19.419466,2025-08-09 01:53:19.419466
case_11,Create Purchase Order,Magdalena Predutta,2025-08-09 01:33:19.419466,2025-08-09 04:34:19.419466,2025-08-09 04:38:19.419466
case_5,Confirm Purchase Order,Carmen Finacse,2025-08-09 01:53:19.419466,2025-08-09 08:34:19.419466,2025-08-09 09:01:19.419466
case_8,Deliver Goods Services,Esmeralda Clay,2025-08-08 06:57:19.419466,2025-08-09 11:23:19.419466,2025-08-10 20:22:19.419466
case_3,Create Purchase Order,Francois de Perrier,2025-08-09 02:48:19.419466,2025-08-09 12:27:19.419466,2025-08-09 12:32:19.419466
case_10,Create Purchase Order,Magdalena Predutta,2025-08-09 03:59:19.419466,2025-08-09 12:52:19.419466,2025-08-09 13:02:19.419466
case_15,Create Purchase Requisition,Fjodor Kowalski,2025-08-09 13:11:19.419466,2025-08-09 13:11:19.419466,2025-08-09 13:11:19.419466
case_16,Create Purchase Requisition,Esmana Liubiata,2025-08-09 14:35:19.419466,2025-08-09 14:35:19.419466,2025-08-09 15:28:19.419466
case_1,Deliver Goods Services,Sean Manney,2025-08-08 17:16:19.419466,2025-08-09 18:06:19.419466,2025-08-11 14:03:19.419466
case_16,Analyze Purchase Requisition,Heinz Gutschmidt,2025-08-09 15:28:19.419466,2025-08-09 18:49:19.419466,2025-08-09 18:53:19.419466
case_12,Create Purchase Order,Karel de Groot,2025-08-09 04:33:19.419466,2025-08-09 18:53:19.419466,2025-08-09 19:01:19.419466
case_7,Send Request for Quotation to Supplier,Karel de Groot,2025-08-05 10:42:19.419466,2025-08-09 19:14:19.419466,2025-08-09 19:30:19.419466
case_3,Confirm Purchase Order,Carmen Finacse,2025-08-09 12:32:19.419466,2025-08-09 19:59:19.419466,2025-08-09 21:29:19.419466
case_17,Create Purchase Requisition,Fjodor Kowalski,2025-08-09 21:03:19.419466,2025-08-09 21:03:19.419466,2025-08-09 21:34:19.419466
case_16,Create Request for Quotation Requester,Tesca Lobes,2025-08-09 18:53:19.419466,2025-08-10 00:25:19.419466,2025-08-10 00:35:19.419466
case_17,Create Request for Quotation Requester,Kim Passa,2025-08-09 21:34:19.419466,2025-08-10 01:45:19.419466,2025-08-10 01:55:19.419466
case_18,Create Purchase Requisition,Tesca Lobes,2025-08-10 05:43:19.419466,2025-08-10 05:43:19.419466,2025-08-10 06:22:19.419466
case_11,Confirm Purchase Order,Esmeralda Clay,2025-08-09 04:38:19.419466,2025-08-10 06:07:19.419466,2025-08-10 06:32:19.419466
case_18,Create Request for Quotation Requester Manager,Maris Freeman,2025-08-10 06:22:19.419466,2025-08-10 06:24:19.419466,2025-08-10 06:26:19.419466
case_18,Analyze Request for Quotation,Magdalena Predutta,2025-08-10 06:26:19.419466,2025-08-10 08:43:19.419466,2025-08-10 09:09:19.419466
case_18,Amend Request for Quotation Requester,Penn Osterwalder,2025-08-10 09:09:19.419466,2025-08-10 09:44:19.419466,2025-08-10 10:00:19.419466
case_15,Create Request for Quotation Requester Manager,Heinz Gutschmidt,2025-08-09 13:11:19.419466,2025-08-10 10:17:19.419466,2025-08-10 10:18:19.419466
case_2,Send invoice,Carmen Finacse,2025-08-08 23:35:19.419466,2025-08-10 12:56:19.419466,2025-08-10 12:56:19.419466
case_2,Release Supplier's Invoice,Pedro Alvares,2025-08-10 12:56:19.419466,2025-08-10 14:50:19.419466,2025-08-10 14:53:19.419466
case_2,Authorize Supplier's Invoice payment,Pedro Alvares,2025-08-10 14:53:19.419466,2025-08-10 14:53:19.419466,2025-08-10 14:53:19.419466
case_16,Analyze Request for Quotation,Karel de Groot,2025-08-10 00:35:19.419466,2025-08-10 14:55:19.419466,2025-08-10 15:24:19.419466
case_19,Create Purchase Requisition,Anne Olwada,2025-08-10 15:56:19.419466,2025-08-10 15:56:19.419466,2025-08-10 17:55:19.419466
case_2,Pay invoice,Pedro Alvares,2025-08-10 14:53:19.419466,2025-08-10 16:47:19.419466,2025-08-10 16:53:19.419466
case_9,Deliver Goods Services,Esmeralda Clay,2025-08-08 07:02:19.419466,2025-08-10 20:51:19.419466,2025-08-11 09:53:19.419466
case_20,Create Purchase Requisition,Penn Osterwalder,2025-08-10 22:09:19.419466,2025-08-10 22:09:19.419466,2025-08-10 22:16:19.419466
case_8,Release Purchase Order,Immanuel Karagianni,2025-08-10 20:22:19.419466,2025-08-11 00:38:19.419466,2025-08-11 00:38:19.419466
case_15,Analyze Request for Quotation,Magdalena Predutta,2025-08-10 10:18:19.419466,2025-08-11 00:56:19.419466,2025-08-11 01:02:19.419466
case_12,Confirm Purchase Order,Carmen Finacse,2025-08-09 19:01:19.419466,2025-08-11 01:30:19.419466,2025-08-11 01:44:19.419466
case_8,Approve Purchase Order for payment,Francois de Perrier,2025-08-11 00:38:19.419466,2025-08-11 02:21:19.419466,2025-08-11 02:21:19.419466
case_3,Deliver Goods Services,Kiu Kan,2025-08-09 21:29:19.419466,2025-08-11 03:37:19.419466,2025-08-12 11:01:19.419466
case_20,Analyze Purchase Requisition,Francis Odell,2025-08-10 22:16:19.419466,2025-08-11 05:49:19.419466,2025-08-11 05:54:19.419466
case_15,Amend Request for Quotation Requester,Anne Olwada,2025-08-11 01:02:19.419466,2025-08-11 07:42:19.419466,2025-08-11 07:52:19.419466
case_19,Analyze Purchase Requisition,Francis Odell,2025-08-10 17:55:19.419466,2025-08-11 08:01:19.419466,2025-08-11 08:08:19.419466
case_17,Analyze Request for Quotation,Francois de Perrier,2025-08-10 01:55:19.419466,2025-08-11 10:19:19.419466,2025-08-11 10:38:19.419466
case_15,Analyze Request for Quotation,Karel de Groot,2025-08-11 07:52:19.419466,2025-08-11 11:42:19.419466,2025-08-11 13:01:19.419466
case_21,Create Purchase Requisition,Alberto Duport,2025-08-11 12:16:19.419466,2025-08-11 12:16:19.419466,2025-08-11 14:31:19.419466
case_19,Create Request for Quotation Requester Manager,Francis Odell,2025-08-11 08:08:19.419466,2025-08-11 12:27:19.419466,2025-08-11 12:29:19.419466
case_9,Release Purchase Order,Nico Ojenbeer,2025-08-11 09:53:19.419466,2025-08-11 12:40:19.419466,2025-08-11 12:40:19.419466
case_22,Create Purchase Requisition,Nico Ojenbeer,2025-08-11 14:02:19.419466,2025-08-11 14:02:19.419466,2025-08-11 14:35:19.419466
case_20,Create Request for Quotation Requester Manager,Maris Freeman,2025-08-11 05:54:19.419466,2025-08-11 14:06:19.419466,2025-08-11 14:09:19.419466
case_11,Deliver Goods Services,Sean Manney,2025-08-10 06:32:19.419466,2025-08-11 14:42:19.419466,2025-08-12 08:01:19.419466
case_7,Create Quotation comparison Map,Karel de Groot,2025-08-09 19:30:19.419466,2025-08-11 14:49:19.419466,2025-08-11 17:05:19.419466
case_17,Amend Request for Quotation Requester,Tesca Lobes,2025-08-11 10:38:19.419466,2025-08-11 15:16:19.419466,2025-08-11 15:31:19.419466
case_20,Analyze Request for Quotation,Karel de Groot,2025-08-11 14:09:19.419466,2025-08-11 15:16:19.419466,2025-08-11 15:44:19.419466
case_21,Create Request for Quotation Requester,Miu Hanwan,2025-08-11 14:31:19.419466,2025-08-11 16:58:19.419466,2025-08-11 17:04:19.419466
case_1,Release Purchase Order,Kim Passa,2025-08-11 14:03:19.419466,2025-08-11 19:37:19.419466,2025-08-11 19:37:19.419466
case_7,Analyze Quotation comparison Map,Kim Passa,2025-08-11 17:05:19.419466,2025-08-11 19:48:19.419466,2025-08-11 20:16:19.419466
case_10,Confirm Purchase Order,Carmen Finacse,2025-08-09 13:02:19.419466,2025-08-11 21:43:19.419466,2025-08-11 22:03:19.419466
case_19,Analyze Request for Quotation,Francois de Perrier,2025-08-11 12:29:19.419466,2025-08-11 22:48:19.419466,2025-08-11 23:03:19.419466
case_22,Analyze Purchase Requisition,Heinz Gutschmidt,2025-08-11 14:35:19.419466,2025-08-12 00:24:19.419466,2025-08-12 00:31:19.419466
case_22,Create Request for Quotation Requester,Tesca Lobes,2025-08-12 00:31:19.419466,2025-08-12 01:19:19.419466,2025-08-12 01:23:19.419466
case_1,Approve Purchase Order for payment,Magdalena Predutta,2025-08-11 19:37:19.419466,2025-08-12 03:13:19.419466,2025-08-12 03:13:19.419466
case_7,Choose best option,Miu Hanwan,2025-08-11 20:16:19.419466,2025-08-12 03:24:19.419466,2025-08-12 03:24:19.419466
case_22,Analyze Request for Quotation,Karel de Groot,2025-08-12 01:23:19.419466,2025-08-12 05:19:19.419466,2025-08-12 05:34:19.419466
case_21,Analyze Request for Quotation,Karel de Groot,2025-08-11 17:04:19.419466,2025-08-12 05:44:19.419466,2025-08-12 06:08:19.419466
case_18,Analyze Request for Quotation,Francois de Perrier,2025-08-10 10:00:19.419466,2025-08-12 06:52:19.419466,2025-08-12 07:26:19.419466
case_22,Amend Request for Quotation Requester,Anne Olwada,2025-08-12 05:34:19.419466,2025-08-12 08:31:19.419466,2025-08-12 08:37:19.419466
case_21,Amend Request for Quotation Requester Manager,Heinz Gutschmidt,2025-08-12 06:08:19.419466,2025-08-12 10:47:19.419466,2025-08-12 10:58:19.419466
case_9,Approve Purchase Order for payment,Magdalena Predutta,2025-08-11 12:40:19.419466,2025-08-12 10:48:19.419466,2025-08-12 10:48:19.419466
case_18,Send Request for Quotation to Supplier,Francois de Perrier,2025-08-12 07:26:19.419466,2025-08-12 10:55:19.419466,2025-08-12 12:10:19.419466
case_3,Release Purchase Order,Tesca Lobes,2025-08-12 11:01:19.419466,2025-08-12 11:41:19.419466,2025-08-12 11:41:19.419466
case_11,Release Purchase Order,Alberto Duport,2025-08-12 08:01:19.419466,2025-08-12 13:28:19.419466,2025-08-12 13:28:19.419466
case_9,Send invoice,Esmeralda Clay,2025-08-12 10:48:19.419466,2025-08-12 14:57:19.419466,2025-08-12 14:57:19.419466
case_9,Release Supplier's Invoice,Pedro Alvares,2025-08-12 14:57:19.419466,2025-08-12 14:57:19.419466,2025-08-12 15:01:19.419466
case_8,Send invoice,Karen Clarens,2025-08-11 02:21:19.419466,2025-08-12 17:00:19.419466,2025-08-12 17:00:19.419466
case_8,Release Supplier's Invoice,Karalda Nimwada,2025-08-12 17:00:19.419466,2025-08-12 17:11:19.419466,2025-08-12 17:17:19.419466
case_8,Authorize Supplier's Invoice payment,Pedro Alvares,2025-08-12 17:17:19.419466,2025-08-12 17:17:19.419466,2025-08-12 17:17:19.419466
case_3,Approve Purchase Order for payment,Magdalena Predutta,2025-08-12 11:41:19.419466,2025-08-12 18:09:19.419466,2025-08-12 18:09:19.419466
case_8,Pay invoice,Karalda Nimwada,2025-08-12 17:17:19.419466,2025-08-12 18:20:19.419466,2025-08-12 18:29:19.419466
case_9,Settle dispute with supplier Financial Manager,Karalda Nimwada,2025-08-12 15:01:19.419466,2025-08-12 19:04:19.419466,2025-08-12 19:17:19.419466
case_1,Send invoice,Kiu Kan,2025-08-12 03:13:19.419466,2025-08-12 20:54:19.419466,2025-08-12 20:54:19.419466
case_1,Release Supplier's Invoice,Karalda Nimwada,2025-08-12 20:54:19.419466,2025-08-12 21:05:19.419466,2025-08-12 21:10:19.419466
case_9,Authorize Supplier's Invoice payment,Pedro Alvares,2025-08-12 19:17:19.419466,2025-08-12 21:11:19.419466,2025-08-12 21:11:19.419466
case_1,Authorize Supplier's Invoice payment,Pedro Alvares,2025-08-12 21:10:19.419466,2025-08-12 21:14:19.419466,2025-08-12 21:14:19.419466
case_22,Analyze Request for Quotation,Karel de Groot,2025-08-12 08:37:19.419466,2025-08-12 22:18:19.419466,2025-08-12 22:42:19.419466
case_9,Pay invoice,Karalda Nimwada,2025-08-12 21:11:19.419466,2025-08-12 22:53:19.419466,2025-08-12 23:03:19.419466
case_18,Create Quotation comparison Map,Karel de Groot,2025-08-12 12:10:19.419466,2025-08-12 23:15:19.419466,2025-08-13 02:45:19.419466
case_1,Pay invoice,Karalda Nimwada,2025-08-12 21:14:19.419466,2025-08-13 01:50:19.419466,2025-08-13 01:58:19.419466
case_17,Analyze Request for Quotation,Karel de Groot,2025-08-11 15:31:19.419466,2025-08-13 02:31:19.419466,2025-08-13 02:55:19.419466
case_7,Settle conditions with supplier,Magdalena Predutta,2025-08-12 03:24:19.419466,2025-08-13 04:39:19.419466,2025-08-13 17:15:19.419466
case_23,Create Purchase Requisition,Tesca Lobes,2025-08-13 07:51:19.419466,2025-08-13 07:51:19.419466,2025-08-13 08:56:19.419466
case_18,Analyze Quotation comparison Map,Alberto Duport,2025-08-13 02:45:19.419466,2025-08-13 09:37:19.419466,2025-08-13 10:09:19.419466
case_19,Send Request for Quotation to Supplier,Karel de Groot,2025-08-11 23:03:19.419466,2025-08-13 11:06:19.419466,2025-08-13 11:37:19.419466
case_24,Create Purchase Requisition,Immanuel Karagianni,2025-08-13 11:10:19.419466,2025-08-13 11:10:19.419466,2025-08-13 12:30:19.419466
case_18,Choose best option,Alberto Duport,2025-08-13 10:09:19.419466,2025-08-13 13:46:19.419466,2025-08-13 13:46:19.419466
case_25,Create Purchase Requisition,Esmana Liubiata,2025-08-13 14:58:19.419466,2025-08-13 14:58:19.419466,2025-08-13 16:51:19.419466
case_23,Analyze Purchase Requisition,Heinz Gutschmidt,2025-08-13 08:56:19.419466,2025-08-13 15:28:19.419466,2025-08-13 15:30:19.419466
case_18,Settle conditions with supplier,Magdalena Predutta,2025-08-13 13:46:19.419466,2025-08-13 16:09:19.419466,2025-08-13 23:20:19.419466
case_23,Create Request for Quotation Requester,Fjodor Kowalski,2025-08-13 15:30:19.419466,2025-08-13 21:32:19.419466,2025-08-13 21:43:19.419466
case_25,Analyze Purchase Requisition,Heinz Gutschmidt,2025-08-13 16:51:19.419466,2025-08-13 22:02:19.419466,2025-08-13 22:10:19.419466
case_11,Approve Purchase Order for payment,Magdalena Predutta,2025-08-12 13:28:19.419466,2025-08-14 00:37:19.419466,2025-08-14 00:37:19.419466
case_26,Create Purchase Requisition,Alberto Duport,2025-08-14 00:38:19.419466,2025-08-14 00:38:19.419466,2025-08-14 01:31:19.419466
case_24,Create Request for Quotation Requester Manager,Heinz Gutschmidt,2025-08-13 12:30:19.419466,2025-08-14 01:11:19.419466,2025-08-14 01:12:19.419466
case_25,Create Request for Quotation Requester Manager,Francis Odell,2025-08-13 22:10:19.419466,2025-08-14 01:37:19.419466,2025-08-14 01:39:19.419466
case_17,Send Request for Quotation to Supplier,Karel de Groot,2025-08-13 02:55:19.419466,2025-08-14 02:09:19.419466,2025-08-14 02:32:19.419466
case_5,Deliver Goods Services,Esmeralda Clay,2025-08-09 09:01:19.419466,2025-08-14 03:24:19.419466,2025-08-15 11:14:19.419466
case_25,Analyze Request for Quotation,Francois de Perrier,2025-08-14 01:39:19.419466,2025-08-14 04:29:19.419466,2025-08-14 04:42:19.419466
case_10,Deliver Goods Services,Esmeralda Clay,2025-08-11 22:03:19.419466,2025-08-14 05:52:19.419466,2025-08-16 05:08:19.419466
case_26,Create Request for Quotation Requester,Kim Passa,2025-08-14 01:31:19.419466,2025-08-14 07:14:19.419466,2025-08-14 07:16:19.419466
case_18,Create Purchase Order,Magdalena Predutta,2025-08-13 23:20:19.419466,2025-08-14 08:39:19.419466,2025-08-14 08:48:19.419466
case_12,Deliver Goods Services,Kiu Kan,2025-08-11 01:44:19.419466,2025-08-14 10:14:19.419466,2025-08-15 04:09:19.419466
case_24,Analyze Request for Quotation,Francois de Perrier,2025-08-14 01:12:19.419466,2025-08-14 12:22:19.419466,2025-08-14 12:56:19.419466
case_19,Create Quotation comparison Map,Magdalena Predutta,2025-08-13 11:37:19.419466,2025-08-14 12:27:19.419466,2025-08-14 15:05:19.419466
case_19,Analyze Quotation comparison Map,Alberto Duport,2025-08-14 15:05:19.419466,2025-08-14 15:17:19.419466,2025-08-14 15:32:19.419466
case_19,Choose best option,Tesca Lobes,2025-08-14 15:32:19.419466,2025-08-14 16:02:19.419466,2025-08-14 16:02:19.419466
case_19,Settle conditions with supplier,Magdalena Predutta,2025-08-14 16:02:19.419466,2025-08-14 20:51:19.419466,2025-08-15 05:42:19.419466
case_26,Analyze Request for Quotation,Francois de Perrier,2025-08-14 07:16:19.419466,2025-08-14 23:48:19.419466,2025-08-15 00:23:19.419466
case_23,Analyze Request for Quotation,Francois de Perrier,2025-08-13 21:43:19.419466,2025-08-15 00:44:19.419466,2025-08-15 01:20:19.419466
case_24,Send Request for Quotation to Supplier,Magdalena Predutta,2025-08-14 12:56:19.419466,2025-08-15 07:17:19.419466,2025-08-15 07:37:19.419466
case_12,Release Purchase Order,Christian Francois,2025-08-15 04:09:19.419466,2025-08-15 08:28:19.419466,2025-08-15 08:28:19.419466
case_24,Create Quotation comparison Map,Karel de Groot,2025-08-15 07:37:19.419466,2025-08-15 09:25:19.419466,2025-08-15 15:19:19.419466
case_18,Confirm Purchase Order,Sean Manney,2025-08-14 08:48:19.419466,2025-08-15 10:42:19.419466,2025-08-15 10:49:19.419466
case_23,Send Request for Quotation to Supplier,Magdalena Predutta,2025-08-15 01:20:19.419466,2025-08-15 11:50:19.419466,2025-08-15 12:12:19.419466
case_5,Release Purchase Order,Christian Francois,2025-08-15 11:14:19.419466,2025-08-15 13:19:19.419466,2025-08-15 13:19:19.419466
case_7,Create Purchase Order,Magdalena Predutta,2025-08-13 17:15:19.419466,2025-08-15 13:40:19.419466,2025-08-15 13:51:19.419466
case_19,Create Purchase Order,Francois de Perrier,2025-08-15 05:42:19.419466,2025-08-15 15:07:19.419466,2025-08-15 15:16:19.419466
case_5,Approve Purchase Order for payment,Magdalena Predutta,2025-08-15 13:19:19.419466,2025-08-15 15:36:19.419466,2025-08-15 15:36:19.419466
case_11,Send invoice,Karen Clarens,2025-08-14 00:37:19.419466,2025-08-15 16:00:19.419466,2025-08-15 16:00:19.419466
case_11,Release Supplier's Invoice,Karalda Nimwada,2025-08-15 16:00:19.419466,2025-08-15 16:46:19.419466,2025-08-15 16:50:19.419466
case_26,Amend Request for Quotation Requester Manager,Heinz Gutschmidt,2025-08-15 00:23:19.419466,2025-08-15 17:44:19.419466,2025-08-15 18:05:19.419466
case_27,Create Purchase Requisition,Miu Hanwan,2025-08-15 18:12:19.419466,2025-08-15 18:12:19.419466,2025-08-15 19:35:19.419466
case_11,Authorize Supplier's Invoice payment,Karalda Nimwada,2025-08-15 16:50:19.419466,2025-08-15 18:18:19.419466,2025-08-15 18:18:19.419466
case_11,Pay invoice,Karalda Nimwada,2025-08-15 18:18:19.419466,2025-08-15 20:28:19.419466,2025-08-15 20:31:19.419466
case_24,Analyze Quotation comparison Map,Esmana Liubiata,2025-08-15 15:19:19.419466,2025-08-15 21:35:19.419466,2025-08-15 21:56:19.419466
case_24,Choose best option,Kim Passa,2025-08-15 21:56:19.419466,2025-08-16 00:59:19.419466,2025-08-16 00:59:19.419466
case_27,Analyze Purchase Requisition,Francis Odell,2025-08-15 19:35:19.419466,2025-08-16 01:01:19.419466,2025-08-16 01:06:19.419466
case_27,Create Request for Quotation Requester,Alberto Duport,2025-08-16 01:06:19.419466,2025-08-16 01:21:19.419466,2025-08-16 01:26:19.419466
case_27,Analyze Request for Quotation,Magdalena Predutta,2025-08-16 01:26:19.419466,2025-08-16 02:00:19.419466,2025-08-16 02:28:19.419466
case_25,Send Request for Quotation to Supplier,Francois de Perrier,2025-08-14 04:42:19.419466,2025-08-16 05:57:19.419466,2025-08-16 06:20:19.419466
case_27,Amend Request for Quotation Requester,Nico Ojenbeer,2025-08-16 02:28:19.419466,2025-08-16 06:27:19.419466,2025-08-16 06:37:19.419466
case_26,Analyze Request for Quotation,Magdalena Predutta,2025-08-15 18:05:19.419466,2025-08-16 06:48:19.419466,2025-08-16 07:07:19.419466
case_12,Approve Purchase Order for payment,Magdalena Predutta,2025-08-15 08:28:19.419466,2025-08-16 07:25:19.419466,2025-08-16 07:25:19.419466
case_28,Create Purchase Requisition,Christian Francois,2025-08-16 09:16:19.419466,2025-08-16 09:16:19.419466,2025-08-16 10:09:19.419466
case_10,Release Purchase Order,Tesca Lobes,2025-08-16 05:08:19.419466,2025-08-16 09:19:19.419466,2025-08-16 09:19:19.419466
case_10,Approve Purchase Order for payment,Magdalena Predutta,2025-08-16 09:19:19.419466,2025-08-16 10:57:19.419466,2025-08-16 10:57:19.419466
case_5,Send invoice,Esmeralda Clay,2025-08-15 15:36:19.419466,2025-08-16 11:58:19.419466,2025-08-16 11:58:19.419466
case_5,Release Supplier's Invoice,Pedro Alvares,2025-08-16 11:58:19.419466,2025-08-16 11:58:19.419466,2025-08-16 14:02:19.419466
case_23,Create Quotation comparison Map,Karel de Groot,2025-08-15 12:12:19.419466,2025-08-16 15:21:19.419466,2025-08-16 19:19:19.419466
case_5,Authorize Supplier's Invoice payment,Pedro Alvares,2025-08-16 14:02:19.419466,2025-08-16 15:56:19.419466,2025-08-16 15:56:19.419466
case_5,Pay invoice,Pedro Alvares,2025-08-16 15:56:19.419466,2025-08-16 15:56:19.419466,2025-08-16 16:02:19.419466
case_25,Create Quotation comparison Map,Magdalena Predutta,2025-08-16 06:20:19.419466,2025-08-16 17:10:19.419466,2025-08-16 19:58:19.419466
case_28,Create Request for Quotation Requester Manager,Maris Freeman,2025-08-16 10:09:19.419466,2025-08-16 17:49:19.419466,2025-08-16 17:52:19.419466
case_27,Analyze Request for Quotation,Francois de Perrier,2025-08-16 06:37:19.419466,2025-08-16 17:56:19.419466,2025-08-16 18:23:19.419466
case_29,Create Purchase Requisition,Alberto Duport,2025-08-16 18:28:19.419466,2025-08-16 18:28:19.419466,2025-08-16 19:30:19.419466
case_28,Analyze Request for Quotation,Karel de Groot,2025-08-16 17:52:19.419466,2025-08-16 20:15:19.419466,2025-08-16 20:26:19.419466
case_28,Amend Request for Quotation Requester,Esmana Liubiata,2025-08-16 20:26:19.419466,2025-08-16 20:35:19.419466,2025-08-16 20:37:19.419466
case_30,Create Purchase Requisition,Anne Olwada,2025-08-16 21:15:19.419466,2025-08-16 21:15:19.419466,2025-08-16 21:56:19.419466
case_23,Analyze Quotation comparison Map,Christian Francois,2025-08-16 19:19:19.419466,2025-08-16 21:42:19.419466,2025-08-16 23:02:19.419466
case_26,Send Request for Quotation to Supplier,Karel de Groot,2025-08-16 07:07:19.419466,2025-08-16 21:48:19.419466,2025-08-16 23:13:19.419466
case_17,Create Quotation comparison Map,Karel de Groot,2025-08-14 02:32:19.419466,2025-08-16 23:02:19.419466,2025-08-17 00:39:19.419466
case_25,Analyze Quotation comparison Map,Christian Francois,2025-08-16 19:58:19.419466,2025-08-16 23:05:19.419466,2025-08-16 23:24:19.419466
case_18,Deliver Goods Services,Karen Clarens,2025-08-15 10:49:19.419466,2025-08-17 00:38:19.419466,2025-08-18 16:42:19.419466
case_12,Send invoice,Carmen Finacse,2025-08-16 07:25:19.419466,2025-08-17 01:13:19.419466,2025-08-17 01:13:19.419466
case_12,Release Supplier's Invoice,Pedro Alvares,2025-08-17 01:13:19.419466,2025-08-17 01:17:19.419466,2025-08-17 01:21:19.419466
case_25,Choose best option,Esmana Liubiata,2025-08-16 23:24:19.419466,2025-08-17 01:28:19.419466,2025-08-17 01:28:19.419466
case_12,Authorize Supplier's Invoice payment,Karalda Nimwada,2025-08-17 01:21:19.419466,2025-08-17 01:44:19.419466,2025-08-17 01:44:19.419466
case_17,Analyze Quotation comparison Map,Alberto Duport,2025-08-17 00:39:19.419466,2025-08-17 01:56:19.419466,2025-08-17 02:34:19.419466
case_23,Choose best option,Penn Osterwalder,2025-08-16 23:02:19.419466,2025-08-17 02:13:19.419466,2025-08-17 02:13:19.419466
case_28,Analyze Request for Quotation,Francois de Perrier,2025-08-16 20:37:19.419466,2025-08-17 02:52:19.419466,2025-08-17 02:58:19.419466
case_17,Choose best option,Miu Hanwan,2025-08-17 02:34:19.419466,2025-08-17 03:09:19.419466,2025-08-17 03:09:19.419466
case_10,Send invoice,Carmen Finacse,2025-08-16 10:57:19.419466,2025-08-17 03:12:19.419466,2025-08-17 03:12:19.419466
case_29,Analyze Purchase Requisition,Maris Freeman,2025-08-16 19:30:19.419466,2025-08-17 03:16:19.419466,2025-08-17 03:19:19.419466
case_29,Create Request for Quotation Requester,Fjodor Kowalski,2025-08-17 03:19:19.419466,2025-08-17 03:29:19.419466,2025-08-17 03:40:19.419466
case_28,Amend Request for Quotation Requester,Anne Olwada,2025-08-17 02:58:19.419466,2025-08-17 04:05:19.419466,2025-08-17 04:16:19.419466
case_12,Pay invoice,Karalda Nimwada,2025-08-17 01:44:19.419466,2025-08-17 07:19:19.419466,2025-08-17 07:21:19.419466
case_25,Settle conditions with supplier,Magdalena Predutta,2025-08-17 01:28:19.419466,2025-08-17 10:05:19.419466,2025-08-17 22:56:19.419466
case_7,Confirm Purchase Order,Carmen Finacse,2025-08-15 13:51:19.419466,2025-08-17 10:35:19.419466,2025-08-17 10:45:19.419466
case_10,Release Supplier's Invoice,Karalda Nimwada,2025-08-17 03:12:19.419466,2025-08-17 13:15:19.419466,2025-08-17 13:16:19.419466
case_29,Analyze Request for Quotation,Magdalena Predutta,2025-08-17 03:40:19.419466,2025-08-17 13:38:19.419466,2025-08-17 14:14:19.419466
case_10,Settle dispute with supplier Financial Manager,Pedro Alvares,2025-08-17 13:16:19.419466,2025-08-17 15:10:19.419466,2025-08-17 15:36:19.419466
case_10,Authorize Supplier's Invoice payment,Pedro Alvares,2025-08-17 15:36:19.419466,2025-08-17 15:36:19.419466,2025-08-17 15:36:19.419466
case_10,Pay invoice,Karalda Nimwada,2025-08-17 15:36:19.419466,2025-08-17 19:20:19.419466,2025-08-17 19:31:19.419466
case_29,Send Request for Quotation to Supplier,Francois de Perrier,2025-08-17 14:14:19.419466,2025-08-17 20:50:19.419466,2025-08-17 21:10:19.419466
case_29,Create Quotation comparison Map,Karel de Groot,2025-08-17 21:10:19.419466,2025-08-17 22:58:19.419466,2025-08-18 02:56:19.419466
case_17,Settle conditions with supplier,Francois de Perrier,2025-08-17 03:09:19.419466,2025-08-17 23:57:19.419466,2025-08-18 07:29:19.419466
case_30,Analyze Purchase Requisition,Maris Freeman,2025-08-16 21:56:19.419466,2025-08-18 00:44:19.419466,2025-08-18 00:49:19.419466
case_19,Confirm Purchase Order,Kiu Kan,2025-08-15 15:16:19.419466,2025-08-18 01:59:19.419466,2025-08-18 02:33:19.419466
case_31,Create Purchase Requisition,Christian Francois,2025-08-18 02:46:19.419466,2025-08-18 02:46:19.419466,2025-08-18 03:23:19.419466
case_25,Create Purchase Order,Francois de Perrier,2025-08-17 22:56:19.419466,2025-08-18 03:19:19.419466,2025-08-18 03:23:19.419466
case_7,Deliver Goods Services,Esmeralda Clay,2025-08-17 10:45:19.419466,2025-08-18 04:26:19.419466,2025-08-19 02:21:19.419466
case_3,Send invoice,Carmen Finacse,2025-08-12 18:09:19.419466,2025-08-18 04:30:19.419466,2025-08-18 04:30:19.419466
case_30,Create Request for Quotation Requester Manager,Francis Odell,2025-08-18 00:49:19.419466,2025-08-18 05:28:19.419466,2025-08-18 05:29:19.419466
case_30,Analyze Request for Quotation,Karel de Groot,2025-08-18 05:29:19.419466,2025-08-18 06:13:19.419466,2025-08-18 06:27:19.419466
case_29,Analyze Quotation comparison Map,Immanuel Karagianni,2025-08-18 02:56:19.419466,2025-08-18 06:19:19.419466,2025-08-18 06:31:19.419466
case_29,Choose best option,Nico Ojenbeer,2025-08-18 06:31:19.419466,2025-08-18 06:54:19.419466,2025-08-18 06:54:19.419466
case_3,Release Supplier's Invoice,Pedro Alvares,2025-08-18 04:30:19.419466,2025-08-18 07:54:19.419466,2025-08-18 07:59:19.419466
case_3,Authorize Supplier's Invoice payment,Pedro Alvares,2025-08-18 07:59:19.419466,2025-08-18 07:59:19.419466,2025-08-18 07:59:19.419466
case_32,Create Purchase Requisition,Miu Hanwan,2025-08-18 09:17:19.419466,2025-08-18 09:17:19.419466,2025-08-18 09:42:19.419466
case_17,Create Purchase Order,Francois de Perrier,2025-08-18 07:29:19.419466,2025-08-18 11:52:19.419466,2025-08-18 11:58:19.419466
case_30,Amend Request for Quotation Requester,Esmana Liubiata,2025-08-18 06:27:19.419466,2025-08-18 13:26:19.419466,2025-08-18 13:28:19.419466
case_3,Pay invoice,Karalda Nimwada,2025-08-18 07:59:19.419466,2025-08-18 14:27:19.419466,2025-08-18 14:33:19.419466
case_33,Create Purchase Requisition,Nico Ojenbeer,2025-08-18 17:38:19.419466,2025-08-18 17:38:19.419466,2025-08-18 18:33:19.419466
case_18,Release Purchase Order,Tesca Lobes,2025-08-18 16:42:19.419466,2025-08-18 17:51:19.419466,2025-08-18 17:51:19.419466
case_34,Create Purchase Requisition,Alberto Duport,2025-08-18 19:38:19.419466,2025-08-18 19:38:19.419466,2025-08-18 20:07:19.419466
case_35,Create Purchase Requisition,Christian Francois,2025-08-18 20:22:19.419466,2025-08-18 20:22:19.419466,2025-08-18 20:38:19.419466
case_29,Settle conditions with supplier,Francois de Perrier,2025-08-18 06:54:19.419466,2025-08-18 20:32:19.419466,2025-08-19 03:07:19.419466
case_35,Create Request for Quotation Requester Manager,Heinz Gutschmidt,2025-08-18 20:38:19.419466,2025-08-18 21:27:19.419466,2025-08-18 21:29:19.419466
case_32,Analyze Purchase Requisition,Heinz Gutschmidt,2025-08-18 09:42:19.419466,2025-08-18 21:34:19.419466,2025-08-18 21:41:19.419466
case_34,Create Request for Quotation Requester,Anne Olwada,2025-08-18 20:07:19.419466,2025-08-18 21:36:19.419466,2025-08-18 21:38:19.419466
case_23,Settle conditions with supplier,Francois de Perrier,2025-08-17 02:13:19.419466,2025-08-18 21:58:19.419466,2025-08-19 03:47:19.419466
case_17,Confirm Purchase Order,Carmen Finacse,2025-08-18 11:58:19.419466,2025-08-18 22:21:19.419466,2025-08-18 22:57:19.419466
case_36,Create Purchase Requisition,Immanuel Karagianni,2025-08-19 00:47:19.419466,2025-08-19 00:47:19.419466,2025-08-19 02:31:19.419466
case_37,Create Purchase Requisition,Anne Olwada,2025-08-19 01:27:19.419466,2025-08-19 01:27:19.419466,2025-08-19 02:24:19.419466
case_7,Release Purchase Order,Christian Francois,2025-08-19 02:21:19.419466,2025-08-19 02:24:19.419466,2025-08-19 02:24:19.419466
case_37,Create Request for Quotation Requester,Nico Ojenbeer,2025-08-19 02:24:19.419466,2025-08-19 02:48:19.419466,2025-08-19 02:53:19.419466
case_29,Create Purchase Order,Francois de Perrier,2025-08-19 03:07:19.419466,2025-08-19 04:19:19.419466,2025-08-19 04:26:19.419466
case_34,Analyze Request for Quotation,Karel de Groot,2025-08-18 21:38:19.419466,2025-08-19 04:28:19.419466,2025-08-19 05:03:19.419466
case_38,Create Purchase Requisition,Immanuel Karagianni,2025-08-19 04:56:19.419466,2025-08-19 04:56:19.419466,2025-08-19 05:49:19.419466
case_31,Analyze Purchase Requisition,Heinz Gutschmidt,2025-08-18 03:23:19.419466,2025-08-19 05:10:19.419466,2025-08-19 05:16:19.419466
case_39,Create Purchase Requisition,Esmana Liubiata,2025-08-19 05:13:19.419466,2025-08-19 05:13:19.419466,2025-08-19 07:30:19.419466
case_40,Create Purchase Requisition,Nico Ojenbeer,2025-08-19 05:35:19.419466,2025-08-19 05:35:19.419466,2025-08-19 05:42:19.419466
case_34,Amend Request for Quotation Requester Manager,Heinz Gutschmidt,2025-08-19 05:03:19.419466,2025-08-19 05:56:19.419466,2025-08-19 06:22:19.419466
case_37,Analyze Request for Quotation,Magdalena Predutta,2025-08-19 02:53:19.419466,2025-08-19 06:11:19.419466,2025-08-19 06:41:19.419466
case_31,Create Request for Quotation Requester,Miu Hanwan,2025-08-19 05:16:19.419466,2025-08-19 06:27:19.419466,2025-08-19 06:33:19.419466
case_37,Amend Request for Quotation Requester,Nico Ojenbeer,2025-08-19 06:41:19.419466,2025-08-19 06:42:19.419466,2025-08-19 06:52:19.419466
case_38,Analyze Purchase Requisition,Heinz Gutschmidt,2025-08-19 05:49:19.419466,2025-08-19 09:33:19.419466,2025-08-19 09:38:19.419466
case_32,Create Request for Quotation Requester Manager,Francis Odell,2025-08-18 21:41:19.419466,2025-08-19 10:31:19.419466,2025-08-19 10:33:19.419466
case_38,Create Request for Quotation Requester,Kim Passa,2025-08-19 09:38:19.419466,2025-08-19 10:36:19.419466,2025-08-19 10:49:19.419466
case_38,Analyze Request for Quotation,Francois de Perrier,2025-08-19 10:49:19.419466,2025-08-19 13:02:19.419466,2025-08-19 13:10:19.419466
case_40,Create Request for Quotation Requester,Fjodor Kowalski,2025-08-19 05:42:19.419466,2025-08-19 14:44:19.419466,2025-08-19 14:52:19.419466
case_35,Analyze Request for Quotation,Magdalena Predutta,2025-08-18 21:29:19.419466,2025-08-19 15:03:19.419466,2025-08-19 15:23:19.419466
case_26,Create Quotation comparison Map,Francois de Perrier,2025-08-16 23:13:19.419466,2025-08-19 16:06:19.419466,2025-08-19 19:12:19.419466
case_30,Analyze Request for Quotation,Magdalena Predutta,2025-08-18 13:28:19.419466,2025-08-19 17:24:19.419466,2025-08-19 17:37:19.419466
case_30,Amend Request for Quotation Requester,Kim Passa,2025-08-19 17:37:19.419466,2025-08-19 17:37:19.419466,2025-08-19 17:48:19.419466
case_40,Analyze Request for Quotation,Francois de Perrier,2025-08-19 14:52:19.419466,2025-08-19 17:46:19.419466,2025-08-19 18:17:19.419466
case_31,Analyze Request for Quotation,Francois de Perrier,2025-08-19 06:33:19.419466,2025-08-19 18:12:19.419466,2025-08-19 18:48:19.419466
case_35,Amend Request for Quotation Requester,Anne Olwada,2025-08-19 15:23:19.419466,2025-08-19 18:15:19.419466,2025-08-19 18:24:19.419466
case_40,Amend Request for Quotation Requester,Miu Hanwan,2025-08-19 18:17:19.419466,2025-08-19 18:50:19.419466,2025-08-19 18:59:19.419466
case_17,Deliver Goods Services,Esmeralda Clay,2025-08-18 22:57:19.419466,2025-08-19 19:22:19.419466,2025-08-21 05:46:19.419466
case_26,Analyze Quotation comparison Map,Nico Ojenbeer,2025-08-19 19:12:19.419466,2025-08-19 19:52:19.419466,2025-08-19 20:19:19.419466
case_41,Create Purchase Requisition,Christian Francois,2025-08-19 20:03:19.419466,2025-08-19 20:03:19.419466,2025-08-19 20:10:19.419466
case_33,Analyze Purchase Requisition,Maris Freeman,2025-08-18 18:33:19.419466,2025-08-19 20:06:19.419466,2025-08-19 20:14:19.419466
case_39,Analyze Purchase Requisition,Francis Odell,2025-08-19 07:30:19.419466,2025-08-19 21:36:19.419466,2025-08-19 21:41:19.419466
case_41,Create Request for Quotation Requester,Esmana Liubiata,2025-08-19 20:10:19.419466,2025-08-19 21:51:19.419466,2025-08-19 21:57:19.419466
case_39,Create Request for Quotation Requester,Christian Francois,2025-08-19 21:41:19.419466,2025-08-19 22:23:19.419466,2025-08-19 22:35:19.419466
case_37,Analyze Request for Quotation,Karel de Groot,2025-08-19 06:52:19.419466,2025-08-19 22:42:19.419466,2025-08-19 22:56:19.419466
case_26,Choose best option,Miu Hanwan,2025-08-19 20:19:19.419466,2025-08-19 23:57:19.419466,2025-08-19 23:57:19.419466
case_31,Amend Request for Quotation Requester,Miu Hanwan,2025-08-19 18:48:19.419466,2025-08-20 02:20:19.419466,2025-08-20 02:31:19.419466
case_34,Analyze Request for Quotation,Karel de Groot,2025-08-19 06:22:19.419466,2025-08-20 02:22:19.419466,2025-08-20 02:52:19.419466
case_33,Create Request for Quotation Requester Manager,Maris Freeman,2025-08-19 20:14:19.419466,2025-08-20 02:55:19.419466,2025-08-20 02:57:19.419466
case_7,Approve Purchase Order for payment,Francois de Perrier,2025-08-19 02:24:19.419466,2025-08-20 03:24:19.419466,2025-08-20 03:24:19.419466
case_37,Amend Request for Quotation Requester,Immanuel Karagianni,2025-08-19 22:56:19.419466,2025-08-20 04:47:19.419466,2025-08-20 04:53:19.419466
case_36,Analyze Purchase Requisition,Heinz Gutschmidt,2025-08-19 02:31:19.419466,2025-08-20 05:36:19.419466,2025-08-20 05:43:19.419466
case_35,Analyze Request for Quotation,Karel de Groot,2025-08-19 18:24:19.419466,2025-08-20 06:51:19.419466,2025-08-20 07:25:19.419466
case_31,Analyze Request for Quotation,Francois de Perrier,2025-08-20 02:31:19.419466,2025-08-20 07:03:19.419466,2025-08-20 07:23:19.419466
case_30,Analyze Request for Quotation,Magdalena Predutta,2025-08-19 17:48:19.419466,2025-08-20 07:12:19.419466,2025-08-20 07:30:19.419466
case_37,Analyze Request for Quotation,Karel de Groot,2025-08-20 04:53:19.419466,2025-08-20 07:26:19.419466,2025-08-20 07:50:19.419466
case_31,Amend Request for Quotation Requester,Alberto Duport,2025-08-20 07:23:19.419466,2025-08-20 07:28:19.419466,2025-08-20 07:29:19.419466
case_23,Create Purchase Order,Francois de Perrier,2025-08-19 03:47:19.419466,2025-08-20 08:23:19.419466,2025-08-20 08:28:19.419466
case_36,Create Request for Quotation Requester,Kim Passa,2025-08-20 05:43:19.419466,2025-08-20 08:36:19.419466,2025-08-20 08:49:19.419466
case_24,Settle conditions with supplier,Magdalena Predutta,2025-08-16 00:59:19.419466,2025-08-20 08:51:19.419466,2025-08-20 17:20:19.419466
case_37,Amend Request for Quotation Requester,Alberto Duport,2025-08-20 07:50:19.419466,2025-08-20 09:08:19.419466,2025-08-20 09:17:19.419466
case_7,Send invoice,Kiu Kan,2025-08-20 03:24:19.419466,2025-08-20 09:21:19.419466,2025-08-20 09:21:19.419466
case_31,Analyze Request for Quotation,Karel de Groot,2025-08-20 07:29:19.419466,2025-08-20 10:26:19.419466,2025-08-20 10:47:19.419466
case_33,Analyze Request for Quotation,Karel de Groot,2025-08-20 02:57:19.419466,2025-08-20 11:41:19.419466,2025-08-20 11:52:19.419466
case_30,Amend Request for Quotation Requester,Fjodor Kowalski,2025-08-20 07:30:19.419466,2025-08-20 13:18:19.419466,2025-08-20 13:32:19.419466
case_31,Amend Request for Quotation Requester,Alberto Duport,2025-08-20 10:47:19.419466,2025-08-20 13:35:19.419466,2025-08-20 13:49:19.419466
case_23,Confirm Purchase Order,Karen Clarens,2025-08-20 08:28:19.419466,2025-08-20 17:02:19.419466,2025-08-20 17:30:19.419466
case_7,Release Supplier's Invoice,Karalda Nimwada,2025-08-20 09:21:19.419466,2025-08-20 18:24:19.419466,2025-08-20 18:28:19.419466
case_7,Authorize Supplier's Invoice payment,Pedro Alvares,2025-08-20 18:28:19.419466,2025-08-20 18:28:19.419466,2025-08-20 18:28:19.419466
case_29,Confirm Purchase Order,Kiu Kan,2025-08-19 04:26:19.419466,2025-08-20 19:26:19.419466,2025-08-20 19:44:19.419466
case_30,Analyze Request for Quotation,Magdalena Predutta,2025-08-20 13:32:19.419466,2025-08-20 19:39:19.419466,2025-08-20 19:58:19.419466
case_42,Create Purchase Requisition,Alberto Duport,2025-08-20 21:37:19.419466,2025-08-20 21:37:19.419466,2025-08-20 22:35:19.419466
case_32,Analyze Request for Quotation,Francois de Perrier,2025-08-19 10:33:19.419466,2025-08-20 22:42:19.419466,2025-08-20 22:48:19.419466
case_32,Amend Request for Quotation Requester,Esmana Liubiata,2025-08-20 22:48:19.419466,2025-08-20 23:36:19.419466,2025-08-20 23:46:19.419466
case_7,Pay invoice,Karalda Nimwada,2025-08-20 18:28:19.419466,2025-08-21 00:32:19.419466,2025-08-21 00:38:19.419466
case_42,Create Request for Quotation Requester,Nico Ojenbeer,2025-08-20 22:35:19.419466,2025-08-21 01:07:19.419466,2025-08-21 01:12:19.419466
case_30,Amend Request for Quotation Requester Manager,Heinz Gutschmidt,2025-08-20 19:58:19.419466,2025-08-21 02:13:19.419466,2025-08-21 02:22:19.419466
case_41,Analyze Request for Quotation,Karel de Groot,2025-08-19 21:57:19.419466,2025-08-21 08:26:19.419466,2025-08-21 08:48:19.419466
case_43,Create Purchase Requisition,Christian Francois,2025-08-21 08:36:19.419466,2025-08-21 08:36:19.419466,2025-08-21 09:15:19.419466
case_17,Release Purchase Order,Anne Olwada,2025-08-21 05:46:19.419466,2025-08-21 10:25:19.419466,2025-08-21 10:25:19.419466
case_42,Analyze Request for Quotation,Francois de Perrier,2025-08-21 01:12:19.419466,2025-08-21 15:03:19.419466,2025-08-21 15:18:19.419466
case_37,Analyze Request for Quotation,Karel de Groot,2025-08-20 09:17:19.419466,2025-08-21 15:26:19.419466,2025-08-21 15:45:19.419466
case_31,Analyze Request for Quotation,Francois de Perrier,2025-08-20 13:49:19.419466,2025-08-21 15:39:19.419466,2025-08-21 16:01:19.419466
case_21,Analyze Request for Quotation,Francois de Perrier,2025-08-12 10:58:19.419466,2025-08-21 16:40:19.419466,2025-08-21 16:52:19.419466
case_42,Amend Request for Quotation Requester,Tesca Lobes,2025-08-21 15:18:19.419466,2025-08-21 17:23:19.419466,2025-08-21 17:26:19.419466
case_43,Analyze Purchase Requisition,Francis Odell,2025-08-21 09:15:19.419466,2025-08-21 18:31:19.419466,2025-08-21 18:35:19.419466
case_33,Send Request for Quotation to Supplier,Karel de Groot,2025-08-20 11:52:19.419466,2025-08-21 19:00:19.419466,2025-08-21 19:20:19.419466
case_29,Deliver Goods Services,Karen Clarens,2025-08-20 19:44:19.419466,2025-08-21 21:29:19.419466,2025-08-22 06:23:19.419466
case_21,Amend Request for Quotation Requester,Kim Passa,2025-08-21 16:52:19.419466,2025-08-21 21:34:19.419466,2025-08-21 21:51:19.419466
case_31,Amend Request for Quotation Requester,Immanuel Karagianni,2025-08-21 16:01:19.419466,2025-08-21 21:59:19.419466,2025-08-21 23:07:19.419466
case_21,Analyze Request for Quotation,Karel de Groot,2025-08-21 21:51:19.419466,2025-08-21 23:16:19.419466,2025-08-21 23:33:19.419466
case_41,Amend Request for Quotation Requester Manager,Heinz Gutschmidt,2025-08-21 08:48:19.419466,2025-08-21 23:54:19.419466,2025-08-22 00:15:19.419466
case_33,Create Quotation comparison Map,Magdalena Predutta,2025-08-21 19:20:19.419466,2025-08-22 00:29:19.419466,2025-08-22 06:33:19.419466
case_41,Analyze Request for Quotation,Francois de Perrier,2025-08-22 00:15:19.419466,2025-08-22 01:58:19.419466,2025-08-22 02:03:19.419466
case_44,Create Purchase Requisition,Miu Hanwan,2025-08-22 02:31:19.419466,2025-08-22 02:31:19.419466,2025-08-22 02:38:19.419466
case_21,Amend Request for Quotation Requester,Miu Hanwan,2025-08-21 23:33:19.419466,2025-08-22 05:29:19.419466,2025-08-22 05:42:19.419466
case_41,Amend Request for Quotation Requester,Penn Osterwalder,2025-08-22 02:03:19.419466,2025-08-22 05:42:19.419466,2025-08-22 05:49:19.419466
case_45,Create Purchase Requisition,Nico Ojenbeer,2025-08-22 05:53:19.419466,2025-08-22 05:53:19.419466,2025-08-22 06:17:19.419466
case_29,Release Purchase Order,Anne Olwada,2025-08-22 06:23:19.419466,2025-08-22 06:55:19.419466,2025-08-22 06:55:19.419466
case_43,Create Request for Quotation Requester Manager,Heinz Gutschmidt,2025-08-21 18:35:19.419466,2025-08-22 07:10:19.419466,2025-08-22 07:13:19.419466
case_33,Analyze Quotation comparison Map,Tesca Lobes,2025-08-22 06:33:19.419466,2025-08-22 10:07:19.419466,2025-08-22 10:16:19.419466
case_45,Create Request for Quotation Requester Manager,Francis Odell,2025-08-22 06:17:19.419466,2025-08-22 12:23:19.419466,2025-08-22 12:24:19.419466
case_41,Analyze Request for Quotation,Francois de Perrier,2025-08-22 05:49:19.419466,2025-08-22 12:39:19.419466,2025-08-22 13:06:19.419466
case_24,Create Purchase Order,Magdalena Predutta,2025-08-20 17:20:19.419466,2025-08-22 12:46:19.419466,2025-08-22 12:52:19.419466
case_36,Analyze Request for Quotation,Karel de Groot,2025-08-20 08:49:19.419466,2025-08-22 13:03:19.419466,2025-08-22 13:24:19.419466
case_44,Analyze Purchase Requisition,Maris Freeman,2025-08-22 02:38:19.419466,2025-08-22 13:05:19.419466,2025-08-22 13:11:19.419466
case_33,Choose best option,Kim Passa,2025-08-22 10:16:19.419466,2025-08-22 15:49:19.419466,2025-08-22 15:49:19.419466
case_45,Analyze Request for Quotation,Francois de Perrier,2025-08-22 12:24:19.419466,2025-08-22 16:27:19.419466,2025-08-22 16:57:19.419466
case_44,Create Request for Quotation Requester Manager,Maris Freeman,2025-08-22 13:11:19.419466,2025-08-22 16:37:19.419466,2025-08-22 16:38:19.419466
case_31,Analyze Request for Quotation,Karel de Groot,2025-08-21 23:07:19.419466,2025-08-22 16:56:19.419466,2025-08-22 18:20:19.419466
case_26,Settle conditions with supplier,Magdalena Predutta,2025-08-19 23:57:19.419466,2025-08-22 19:03:19.419466,2025-08-23 02:19:19.419466
case_31,Amend Request for Quotation Requester,Esmana Liubiata,2025-08-22 18:20:19.419466,2025-08-22 19:16:19.419466,2025-08-22 19:18:19.419466
case_32,Analyze Request for Quotation,Magdalena Predutta,2025-08-20 23:46:19.419466,2025-08-22 21:11:19.419466,2025-08-22 21:17:19.419466
case_40,Analyze Request for Quotation,Magdalena Predutta,2025-08-19 18:59:19.419466,2025-08-23 03:36:19.419466,2025-08-23 04:10:19.419466
case_29,Approve Purchase Order for payment,Magdalena Predutta,2025-08-22 06:55:19.419466,2025-08-23 04:45:19.419466,2025-08-23 04:45:19.419466
case_46,Create Purchase Requisition,Christian Francois,2025-08-23 05:20:19.419466,2025-08-23 05:20:19.419466,2025-08-23 05:30:19.419466
case_19,Deliver Goods Services,Karen Clarens,2025-08-18 02:33:19.419466,2025-08-23 06:55:19.419466,2025-08-24 05:35:19.419466
case_35,Send Request for Quotation to Supplier,Magdalena Predutta,2025-08-20 07:25:19.419466,2025-08-23 11:30:19.419466,2025-08-23 11:48:19.419466
case_41,Send Request for Quotation to Supplier,Francois de Perrier,2025-08-22 13:06:19.419466,2025-08-23 11:50:19.419466,2025-08-23 12:19:19.419466
case_42,Analyze Request for Quotation,Francois de Perrier,2025-08-21 17:26:19.419466,2025-08-23 13:26:19.419466,2025-08-23 14:00:19.419466
case_42,Amend Request for Quotation Requester,Anne Olwada,2025-08-23 14:00:19.419466,2025-08-23 14:07:19.419466,2025-08-23 14:12:19.419466
case_42,Analyze Request for Quotation,Karel de Groot,2025-08-23 14:12:19.419466,2025-08-23 15:39:19.419466,2025-08-23 16:11:19.419466
case_41,Create Quotation comparison Map,Magdalena Predutta,2025-08-23 12:19:19.419466,2025-08-23 16:47:19.419466,2025-08-23 18:24:19.419466
case_29,Send invoice,Kiu Kan,2025-08-23 04:45:19.419466,2025-08-23 18:08:19.419466,2025-08-23 18:08:19.419466
case_24,Confirm Purchase Order,Carmen Finacse,2025-08-22 12:52:19.419466,2025-08-23 19:33:19.419466,2025-08-23 19:57:19.419466
case_40,Send Request for Quotation to Supplier,Karel de Groot,2025-08-23 04:10:19.419466,2025-08-23 19:59:19.419466,2025-08-23 20:33:19.419466
case_29,Release Supplier's Invoice,Karalda Nimwada,2025-08-23 18:08:19.419466,2025-08-23 20:17:19.419466,2025-08-23 20:20:19.419466
case_29,Authorize Supplier's Invoice payment,Pedro Alvares,2025-08-23 20:20:19.419466,2025-08-23 20:20:19.419466,2025-08-23 20:20:19.419466
case_44,Analyze Request for Quotation,Francois de Perrier,2025-08-22 16:38:19.419466,2025-08-23 20:43:19.419466,2025-08-23 21:04:19.419466
case_31,Analyze Request for Quotation,Francois de Perrier,2025-08-22 19:18:19.419466,2025-08-23 21:19:19.419466,2025-08-23 21:37:19.419466
case_40,Create Quotation comparison Map,Karel de Groot,2025-08-23 20:33:19.419466,2025-08-23 21:50:19.419466,2025-08-24 00:06:19.419466
case_30,Analyze Request for Quotation,Karel de Groot,2025-08-21 02:22:19.419466,2025-08-23 21:52:19.419466,2025-08-23 23:16:19.419466
case_31,Send Request for Quotation to Supplier,Magdalena Predutta,2025-08-23 21:37:19.419466,2025-08-23 22:33:19.419466,2025-08-24 00:07:19.419466
case_47,Create Purchase Requisition,Nico Ojenbeer,2025-08-23 22:57:19.419466,2025-08-23 22:57:19.419466,2025-08-24 01:33:19.419466
case_43,Analyze Request for Quotation,Karel de Groot,2025-08-22 07:13:19.419466,2025-08-23 23:16:19.419466,2025-08-23 23:40:19.419466
case_33,Settle conditions with supplier,Francois de Perrier,2025-08-22 15:49:19.419466,2025-08-24 00:13:19.419466,2025-08-24 06:02:19.419466
case_40,Analyze Quotation comparison Map,Penn Osterwalder,2025-08-24 00:06:19.419466,2025-08-24 00:35:19.419466,2025-08-24 00:50:19.419466
case_36,Send Request for Quotation to Supplier,Francois de Perrier,2025-08-22 13:24:19.419466,2025-08-24 01:33:19.419466,2025-08-24 01:57:19.419466
case_44,Amend Request for Quotation Requester,Anne Olwada,2025-08-23 21:04:19.419466,2025-08-24 01:38:19.419466,2025-08-24 01:54:19.419466
case_41,Analyze Quotation comparison Map,Esmana Liubiata,2025-08-23 18:24:19.419466,2025-08-24 02:01:19.419466,2025-08-24 02:23:19.419466
case_47,Analyze Purchase Requisition,Heinz Gutschmidt,2025-08-24 01:33:19.419466,2025-08-24 02:20:19.419466,2025-08-24 02:27:19.419466
case_40,Choose best option,Anne Olwada,2025-08-24 00:50:19.419466,2025-08-24 02:36:19.419466,2025-08-24 02:36:19.419466
case_30,Send Request for Quotation to Supplier,Magdalena Predutta,2025-08-23 23:16:19.419466,2025-08-24 02:37:19.419466,2025-08-24 02:57:19.419466
case_43,Amend Request for Quotation Requester,Tesca Lobes,2025-08-23 23:40:19.419466,2025-08-24 02:38:19.419466,2025-08-24 02:47:19.419466
case_40,Settle conditions with supplier,Magdalena Predutta,2025-08-24 02:36:19.419466,2025-08-24 02:44:19.419466,2025-08-24 10:17:19.419466
case_36,Create Quotation comparison Map,Magdalena Predutta,2025-08-24 01:57:19.419466,2025-08-24 02:53:19.419466,2025-08-24 08:50:19.419466
case_29,Pay invoice,Karalda Nimwada,2025-08-23 20:20:19.419466,2025-08-24 04:23:19.419466,2025-08-24 04:34:19.419466
case_43,Analyze Request for Quotation,Francois de Perrier,2025-08-24 02:47:19.419466,2025-08-24 05:37:19.419466,2025-08-24 05:59:19.419466
case_41,Choose best option,Alberto Duport,2025-08-24 02:23:19.419466,2025-08-24 06:00:19.419466,2025-08-24 06:00:19.419466
case_19,Release Purchase Order,Immanuel Karagianni,2025-08-24 05:35:19.419466,2025-08-24 06:37:19.419466,2025-08-24 06:37:19.419466
case_41,Settle conditions with supplier,Karel de Groot,2025-08-24 06:00:19.419466,2025-08-24 06:56:19.419466,2025-08-24 15:16:19.419466
case_28,Analyze Request for Quotation,Francois de Perrier,2025-08-17 04:16:19.419466,2025-08-24 10:34:19.419466,2025-08-24 10:50:19.419466
case_36,Analyze Quotation comparison Map,Tesca Lobes,2025-08-24 08:50:19.419466,2025-08-24 10:43:19.419466,2025-08-24 11:03:19.419466
case_36,Choose best option,Esmana Liubiata,2025-08-24 11:03:19.419466,2025-08-24 12:04:19.419466,2025-08-24 12:04:19.419466
case_36,Settle conditions with supplier,Francois de Perrier,2025-08-24 12:04:19.419466,2025-08-24 13:29:19.419466,2025-08-25 04:19:19.419466
case_48,Create Purchase Requisition,Penn Osterwalder,2025-08-24 15:08:19.419466,2025-08-24 15:08:19.419466,2025-08-24 17:04:19.419466
case_46,Create Request for Quotation Requester Manager,Maris Freeman,2025-08-23 05:30:19.419466,2025-08-24 16:45:19.419466,2025-08-24 16:46:19.419466
case_26,Create Purchase Order,Francois de Perrier,2025-08-23 02:19:19.419466,2025-08-24 16:55:19.419466,2025-08-24 17:04:19.419466
case_40,Create Purchase Order,Francois de Perrier,2025-08-24 10:17:19.419466,2025-08-24 18:32:19.419466,2025-08-24 18:42:19.419466
case_48,Analyze Purchase Requisition,Maris Freeman,2025-08-24 17:04:19.419466,2025-08-24 18:47:19.419466,2025-08-24 18:52:19.419466
case_41,Create Purchase Order,Francois de Perrier,2025-08-24 15:16:19.419466,2025-08-24 20:02:19.419466,2025-08-24 20:07:19.419466
case_19,Approve Purchase Order for payment,Francois de Perrier,2025-08-24 06:37:19.419466,2025-08-24 21:58:19.419466,2025-08-24 21:58:19.419466
case_21,Analyze Request for Quotation,Karel de Groot,2025-08-22 05:42:19.419466,2025-08-24 22:13:19.419466,2025-08-24 22:34:19.419466
case_21,Amend Request for Quotation Requester,Esmana Liubiata,2025-08-24 22:34:19.419466,2025-08-25 00:39:19.419466,2025-08-25 00:49:19.419466
case_19,Send invoice,Carmen Finacse,2025-08-24 21:58:19.419466,2025-08-25 01:54:19.419466,2025-08-25 01:54:19.419466
case_33,Create Purchase Order,Karel de Groot,2025-08-24 06:02:19.419466,2025-08-25 02:19:19.419466,2025-08-25 02:25:19.419466
case_28,Send Request for Quotation to Supplier,Francois de Perrier,2025-08-24 10:50:19.419466,2025-08-25 02:38:19.419466,2025-08-25 03:07:19.419466
case_31,Create Quotation comparison Map,Francois de Perrier,2025-08-24 00:07:19.419466,2025-08-25 03:43:19.419466,2025-08-25 05:20:19.419466
case_19,Release Supplier's Invoice,Pedro Alvares,2025-08-25 01:54:19.419466,2025-08-25 03:54:19.419466,2025-08-25 03:58:19.419466
case_31,Analyze Quotation comparison Map,Tesca Lobes,2025-08-25 05:20:19.419466,2025-08-25 06:31:19.419466,2025-08-25 06:53:19.419466
case_48,Create Request for Quotation Requester Manager,Francis Odell,2025-08-24 18:52:19.419466,2025-08-25 07:01:19.419466,2025-08-25 07:02:19.419466
case_31,Choose best option,Alberto Duport,2025-08-25 06:53:19.419466,2025-08-25 07:08:19.419466,2025-08-25 07:08:19.419466
case_21,Analyze Request for Quotation,Karel de Groot,2025-08-25 00:49:19.419466,2025-08-25 07:27:19.419466,2025-08-25 08:03:19.419466
case_33,Confirm Purchase Order,Karen Clarens,2025-08-25 02:25:19.419466,2025-08-25 07:35:19.419466,2025-08-25 07:48:19.419466
case_19,Settle dispute with supplier Financial Manager,Pedro Alvares,2025-08-25 03:58:19.419466,2025-08-25 07:52:19.419466,2025-08-25 08:14:19.419466
case_21,Amend Request for Quotation Requester,Christian Francois,2025-08-25 08:03:19.419466,2025-08-25 08:03:19.419466,2025-08-25 09:16:19.419466
case_19,Authorize Supplier's Invoice payment,Pedro Alvares,2025-08-25 08:14:19.419466,2025-08-25 08:14:19.419466,2025-08-25 08:14:19.419466
case_19,Pay invoice,Pedro Alvares,2025-08-25 08:14:19.419466,2025-08-25 08:14:19.419466,2025-08-25 08:22:19.419466
case_49,Create Purchase Requisition,Esmana Liubiata,2025-08-25 09:46:19.419466,2025-08-25 09:46:19.419466,2025-08-25 10:24:19.419466
case_47,Create Request for Quotation Requester Manager,Maris Freeman,2025-08-24 02:27:19.419466,2025-08-25 11:33:19.419466,2025-08-25 11:35:19.419466
case_50,Create Purchase Requisition,Anne Olwada,2025-08-25 12:14:19.419466,2025-08-25 12:14:19.419466,2025-08-25 12:45:19.419466
case_28,Create Quotation comparison Map,Magdalena Predutta,2025-08-25 03:07:19.419466,2025-08-25 15:50:19.419466,2025-08-25 20:43:19.419466
case_50,Create Request for Quotation Requester Manager,Francis Odell,2025-08-25 12:45:19.419466,2025-08-25 19:14:19.419466,2025-08-25 19:18:19.419466
case_31,Settle conditions with supplier,Francois de Perrier,2025-08-25 07:08:19.419466,2025-08-25 19:20:19.419466,2025-08-26 03:48:19.419466
case_44,Analyze Request for Quotation,Magdalena Predutta,2025-08-24 01:54:19.419466,2025-08-25 21:37:19.419466,2025-08-25 21:59:19.419466
case_21,Analyze Request for Quotation,Karel de Groot,2025-08-25 09:16:19.419466,2025-08-25 21:42:19.419466,2025-08-25 22:14:19.419466
case_51,Create Purchase Requisition,Alberto Duport,2025-08-25 21:47:19.419466,2025-08-25 21:47:19.419466,2025-08-25 22:17:19.419466
case_49,Analyze Purchase Requisition,Francis Odell,2025-08-25 10:24:19.419466,2025-08-26 00:16:19.419466,2025-08-26 00:23:19.419466
case_28,Analyze Quotation comparison Map,Alberto Duport,2025-08-25 20:43:19.419466,2025-08-26 00:20:19.419466,2025-08-26 00:25:19.419466
case_23,Deliver Goods Services,Carmen Finacse,2025-08-20 17:30:19.419466,2025-08-26 00:46:19.419466,2025-08-27 04:23:19.419466
case_28,Choose best option,Esmana Liubiata,2025-08-26 00:25:19.419466,2025-08-26 01:31:19.419466,2025-08-26 01:31:19.419466
case_44,Amend Request for Quotation Requester,Penn Osterwalder,2025-08-25 21:59:19.419466,2025-08-26 02:03:19.419466,2025-08-26 02:07:19.419466
case_51,Analyze Purchase Requisition,Heinz Gutschmidt,2025-08-25 22:17:19.419466,2025-08-26 02:17:19.419466,2025-08-26 02:20:19.419466
case_44,Analyze Request for Quotation,Karel de Groot,2025-08-26 02:07:19.419466,2025-08-26 03:19:19.419466,2025-08-26 03:54:19.419466
case_49,Create Request for Quotation Requester,Anne Olwada,2025-08-26 00:23:19.419466,2025-08-26 03:20:19.419466,2025-08-26 03:33:19.419466
case_21,Amend Request for Quotation Requester,Miu Hanwan,2025-08-25 22:14:19.419466,2025-08-26 04:32:19.419466,2025-08-26 04:49:19.419466
case_39,Analyze Request for Quotation,Magdalena Predutta,2025-08-19 22:35:19.419466,2025-08-26 07:42:19.419466,2025-08-26 07:53:19.419466
case_51,Create Request for Quotation Requester Manager,Francis Odell,2025-08-26 02:20:19.419466,2025-08-26 07:49:19.419466,2025-08-26 07:50:19.419466
case_41,Confirm Purchase Order,Kiu Kan,2025-08-24 20:07:19.419466,2025-08-26 08:31:19.419466,2025-08-26 08:56:19.419466
case_39,Amend Request for Quotation Requester,Nico Ojenbeer,2025-08-26 07:53:19.419466,2025-08-26 08:34:19.419466,2025-08-26 08:43:19.419466
case_26,Confirm Purchase Order,Carmen Finacse,2025-08-24 17:04:19.419466,2025-08-26 08:35:19.419466,2025-08-26 08:54:19.419466
case_21,Analyze Request for Quotation,Karel de Groot,2025-08-26 04:49:19.419466,2025-08-26 09:07:19.419466,2025-08-26 09:35:19.419466
case_31,Create Purchase Order,Magdalena Predutta,2025-08-26 03:48:19.419466,2025-08-26 09:17:19.419466,2025-08-26 09:25:19.419466
case_52,Create Purchase Requisition,Kim Passa,2025-08-26 10:56:19.419466,2025-08-26 10:56:19.419466,2025-08-26 12:35:19.419466
case_44,Send Request for Quotation to Supplier,Magdalena Predutta,2025-08-26 03:54:19.419466,2025-08-26 12:55:19.419466,2025-08-26 13:17:19.419466
case_51,Analyze Request for Quotation,Francois de Perrier,2025-08-26 07:50:19.419466,2025-08-26 13:40:19.419466,2025-08-26 15:08:19.419466
case_21,Amend Request for Quotation Requester,Immanuel Karagianni,2025-08-26 09:35:19.419466,2025-08-26 13:47:19.419466,2025-08-26 13:57:19.419466
case_51,Amend Request for Quotation Requester,Fjodor Kowalski,2025-08-26 15:08:19.419466,2025-08-26 15:36:19.419466,2025-08-26 15:56:19.419466
case_40,Confirm Purchase Order,Kiu Kan,2025-08-24 18:42:19.419466,2025-08-26 16:46:19.419466,2025-08-26 17:00:19.419466
case_53,Create Purchase Requisition,Tesca Lobes,2025-08-26 17:04:19.419466,2025-08-26 17:04:19.419466,2025-08-26 17:34:19.419466
case_18,Approve Purchase Order for payment,Francois de Perrier,2025-08-18 17:51:19.419466,2025-08-26 17:35:19.419466,2025-08-26 17:35:19.419466
case_54,Create Purchase Requisition,Kim Passa,2025-08-26 20:25:19.419466,2025-08-26 20:25:19.419466,2025-08-26 21:05:19.419466
case_44,Create Quotation comparison Map,Francois de Perrier,2025-08-26 13:17:19.419466,2025-08-26 21:02:19.419466,2025-08-26 23:15:19.419466
case_54,Create Request for Quotation Requester Manager,Francis Odell,2025-08-26 21:05:19.419466,2025-08-26 21:18:19.419466,2025-08-26 21:20:19.419466
case_52,Analyze Purchase Requisition,Francis Odell,2025-08-26 12:35:19.419466,2025-08-26 21:25:19.419466,2025-08-26 21:32:19.419466
case_31,Confirm Purchase Order,Kiu Kan,2025-08-26 09:25:19.419466,2025-08-26 23:27:19.419466,2025-08-26 23:37:19.419466
case_51,Analyze Request for Quotation,Magdalena Predutta,2025-08-26 15:56:19.419466,2025-08-26 23:57:19.419466,2025-08-27 00:14:19.419466
case_55,Create Purchase Requisition,Fjodor Kowalski,2025-08-27 01:03:19.419466,2025-08-27 01:03:19.419466,2025-08-27 02:08:19.419466
case_28,Settle conditions with supplier,Karel de Groot,2025-08-26 01:31:19.419466,2025-08-27 01:35:19.419466,2025-08-27 09:01:19.419466
case_55,Create Request for Quotation Requester,Fjodor Kowalski,2025-08-27 02:08:19.419466,2025-08-27 02:15:19.419466,2025-08-27 02:25:19.419466
case_52,Create Request for Quotation Requester,Nico Ojenbeer,2025-08-26 21:32:19.419466,2025-08-27 02:19:19.419466,2025-08-27 02:35:19.419466
case_44,Analyze Quotation comparison Map,Kim Passa,2025-08-26 23:15:19.419466,2025-08-27 02:24:19.419466,2025-08-27 02:50:19.419466
case_51,Send Request for Quotation to Supplier,Karel de Groot,2025-08-27 00:14:19.419466,2025-08-27 02:58:19.419466,2025-08-27 03:12:19.419466
case_44,Choose best option,Immanuel Karagianni,2025-08-27 02:50:19.419466,2025-08-27 04:16:19.419466,2025-08-27 04:16:19.419466
case_33,Deliver Goods Services,Carmen Finacse,2025-08-25 07:48:19.419466,2025-08-27 04:47:19.419466,2025-08-28 21:44:19.419466
case_24,Deliver Goods Services,Esmeralda Clay,2025-08-23 19:57:19.419466,2025-08-27 05:01:19.419466,2025-08-28 13:35:19.419466
case_35,Create Quotation comparison Map,Francois de Perrier,2025-08-23 11:48:19.419466,2025-08-27 05:15:19.419466,2025-08-27 07:32:19.419466
case_41,Deliver Goods Services,Karen Clarens,2025-08-26 08:56:19.419466,2025-08-27 05:52:19.419466,2025-08-27 17:46:19.419466
case_53,Analyze Purchase Requisition,Francis Odell,2025-08-26 17:34:19.419466,2025-08-27 05:56:19.419466,2025-08-27 06:01:19.419466
case_44,Settle conditions with supplier,Karel de Groot,2025-08-27 04:16:19.419466,2025-08-27 06:04:19.419466,2025-08-27 12:02:19.419466
case_35,Analyze Quotation comparison Map,Fjodor Kowalski,2025-08-27 07:32:19.419466,2025-08-27 09:02:19.419466,2025-08-27 09:09:19.419466
case_28,Create Purchase Order,Francois de Perrier,2025-08-27 09:01:19.419466,2025-08-27 09:37:19.419466,2025-08-27 09:47:19.419466
case_49,Analyze Request for Quotation,Karel de Groot,2025-08-26 03:33:19.419466,2025-08-27 10:26:19.419466,2025-08-27 11:08:19.419466
case_21,Analyze Request for Quotation,Francois de Perrier,2025-08-26 13:57:19.419466,2025-08-27 10:45:19.419466,2025-08-27 11:02:19.419466
case_40,Deliver Goods Services,Kiu Kan,2025-08-26 17:00:19.419466,2025-08-27 10:56:19.419466,2025-08-28 08:36:19.419466
case_52,Analyze Request for Quotation,Magdalena Predutta,2025-08-27 02:35:19.419466,2025-08-27 11:12:19.419466,2025-08-27 11:45:19.419466
case_31,Deliver Goods Services,Karen Clarens,2025-08-26 23:37:19.419466,2025-08-27 13:15:19.419466,2025-08-28 20:16:19.419466
case_49,Amend Request for Quotation Requester,Anne Olwada,2025-08-27 11:08:19.419466,2025-08-27 14:07:19.419466,2025-08-27 14:13:19.419466
case_23,Release Purchase Order,Immanuel Karagianni,2025-08-27 04:23:19.419466,2025-08-27 14:50:19.419466,2025-08-27 14:50:19.419466
case_49,Analyze Request for Quotation,Karel de Groot,2025-08-27 14:13:19.419466,2025-08-27 14:57:19.419466,2025-08-27 15:12:19.419466
case_52,Amend Request for Quotation Requester,Anne Olwada,2025-08-27 11:45:19.419466,2025-08-27 15:36:19.419466,2025-08-27 15:52:19.419466
case_50,Analyze Request for Quotation,Magdalena Predutta,2025-08-25 19:18:19.419466,2025-08-27 16:44:19.419466,2025-08-27 17:01:19.419466
case_49,Send Request for Quotation to Supplier,Francois de Perrier,2025-08-27 15:12:19.419466,2025-08-27 17:24:19.419466,2025-08-27 17:44:19.419466
case_41,Release Purchase Order,Esmana Liubiata,2025-08-27 17:46:19.419466,2025-08-27 18:04:19.419466,2025-08-27 18:04:19.419466
case_49,Create Quotation comparison Map,Magdalena Predutta,2025-08-27 17:44:19.419466,2025-08-27 19:22:19.419466,2025-08-27 19:36:19.419466
case_35,Choose best option,Nico Ojenbeer,2025-08-27 09:09:19.419466,2025-08-27 20:06:19.419466,2025-08-27 20:06:19.419466
case_23,Settle dispute with supplier Purchasing Agent,Magdalena Predutta,2025-08-27 14:50:19.419466,2025-08-27 20:26:19.419466,2025-08-28 05:06:19.419466
case_35,Settle conditions with supplier,Magdalena Predutta,2025-08-27 20:06:19.419466,2025-08-27 21:02:19.419466,2025-08-28 04:38:19.419466
case_54,Analyze Request for Quotation,Magdalena Predutta,2025-08-26 21:20:19.419466,2025-08-27 22:17:19.419466,2025-08-27 22:41:19.419466
case_49,Analyze Quotation comparison Map,Anne Olwada,2025-08-27 19:36:19.419466,2025-08-27 23:05:19.419466,2025-08-27 23:29:19.419466
case_49,Choose best option,Esmana Liubiata,2025-08-27 23:29:19.419466,2025-08-28 00:03:19.419466,2025-08-28 00:03:19.419466
case_49,Settle conditions with supplier,Karel de Groot,2025-08-28 00:03:19.419466,2025-08-28 01:03:19.419466,2025-08-28 13:41:19.419466
case_56,Create Purchase Requisition,Tesca Lobes,2025-08-28 03:18:19.419466,2025-08-28 03:18:19.419466,2025-08-28 04:35:19.419466
case_57,Create Purchase Requisition,Kim Passa,2025-08-28 03:47:19.419466,2025-08-28 03:47:19.419466,2025-08-28 07:36:19.419466
case_44,Create Purchase Order,Francois de Perrier,2025-08-27 12:02:19.419466,2025-08-28 05:55:19.419466,2025-08-28 06:05:19.419466
case_26,Deliver Goods Services,Karen Clarens,2025-08-26 08:54:19.419466,2025-08-28 06:17:19.419466,2025-08-29 20:22:19.419466
case_53,Create Request for Quotation Requester Manager,Heinz Gutschmidt,2025-08-27 06:01:19.419466,2025-08-28 08:07:19.419466,2025-08-28 08:08:19.419466
case_58,Create Purchase Requisition,Fjodor Kowalski,2025-08-28 08:35:19.419466,2025-08-28 08:35:19.419466,2025-08-28 09:20:19.419466
case_50,Send Request for Quotation to Supplier,Francois de Perrier,2025-08-27 17:01:19.419466,2025-08-28 08:58:19.419466,2025-08-28 09:23:19.419466
case_17,Approve Purchase Order for payment,Francois de Perrier,2025-08-21 10:25:19.419466,2025-08-28 09:31:19.419466,2025-08-28 09:31:19.419466
case_40,Release Purchase Order,Kim Passa,2025-08-28 08:36:19.419466,2025-08-28 10:34:19.419466,2025-08-28 10:34:19.419466
case_23,Release Purchase Order,Anne Olwada,2025-08-28 05:06:19.419466,2025-08-28 11:07:19.419466,2025-08-28 11:07:19.419466
case_57,Analyze Purchase Requisition,Francis Odell,2025-08-28 07:36:19.419466,2025-08-28 13:36:19.419466,2025-08-28 13:39:19.419466
case_24,Release Purchase Order,Penn Osterwalder,2025-08-28 13:35:19.419466,2025-08-28 15:20:19.419466,2025-08-28 15:20:19.419466
case_56,Create Request for Quotation Requester Manager,Heinz Gutschmidt,2025-08-28 04:35:19.419466,2025-08-28 16:17:19.419466,2025-08-28 16:18:19.419466
case_51,Create Quotation comparison Map,Francois de Perrier,2025-08-27 03:12:19.419466,2025-08-28 16:48:19.419466,2025-08-28 21:23:19.419466
case_23,Approve Purchase Order for payment,Karel de Groot,2025-08-28 11:07:19.419466,2025-08-28 18:57:19.419466,2025-08-28 18:57:19.419466
case_28,Confirm Purchase Order,Karen Clarens,2025-08-27 09:47:19.419466,2025-08-28 19:12:19.419466,2025-08-28 19:13:19.419466
case_58,Analyze Purchase Requisition,Maris Freeman,2025-08-28 09:20:19.419466,2025-08-28 20:52:19.419466,2025-08-28 20:58:19.419466
case_51,Analyze Quotation comparison Map,Nico Ojenbeer,2025-08-28 21:23:19.419466,2025-08-28 21:43:19.419466,2025-08-28 22:11:19.419466
case_40,Approve Purchase Order for payment,Karel de Groot,2025-08-28 10:34:19.419466,2025-08-28 21:49:19.419466,2025-08-28 21:49:19.419466
case_33,Release Purchase Order,Penn Osterwalder,2025-08-28 21:44:19.419466,2025-08-28 22:05:19.419466,2025-08-28 22:05:19.419466
case_54,Send Request for Quotation to Supplier,Karel de Groot,2025-08-27 22:41:19.419466,2025-08-28 22:55:19.419466,2025-08-28 23:11:19.419466
case_25,Confirm Purchase Order,Carmen Finacse,2025-08-18 03:23:19.419466,2025-08-29 00:22:19.419466,2025-08-29 00:53:19.419466
case_39,Analyze Request for Quotation,Francois de Perrier,2025-08-26 08:43:19.419466,2025-08-29 02:36:19.419466,2025-08-29 02:41:19.419466
case_42,Send Request for Quotation to Supplier,Karel de Groot,2025-08-23 16:11:19.419466,2025-08-29 02:39:19.419466,2025-08-29 03:13:19.419466
case_31,Release Purchase Order,Penn Osterwalder,2025-08-28 20:16:19.419466,2025-08-29 02:43:19.419466,2025-08-29 02:43:19.419466
case_59,Create Purchase Requisition,Kim Passa,2025-08-29 03:01:19.419466,2025-08-29 03:01:19.419466,2025-08-29 03:29:19.419466
case_24,Approve Purchase Order for payment,Francois de Perrier,2025-08-28 15:20:19.419466,2025-08-29 03:02:19.419466,2025-08-29 03:02:19.419466
case_57,Create Request for Quotation Requester Manager,Heinz Gutschmidt,2025-08-28 13:39:19.419466,2025-08-29 03:53:19.419466,2025-08-29 03:54:19.419466
case_59,Create Request for Quotation Requester,Christian Francois,2025-08-29 03:29:19.419466,2025-08-29 04:00:19.419466,2025-08-29 04:11:19.419466
case_59,Analyze Request for Quotation,Karel de Groot,2025-08-29 04:11:19.419466,2025-08-29 04:15:19.419466,2025-08-29 04:40:19.419466
case_51,Choose best option,Penn Osterwalder,2025-08-28 22:11:19.419466,2025-08-29 05:21:19.419466,2025-08-29 05:21:19.419466
case_31,Approve Purchase Order for payment,Magdalena Predutta,2025-08-29 02:43:19.419466,2025-08-29 05:31:19.419466,2025-08-29 05:31:19.419466
case_51,Settle conditions with supplier,Francois de Perrier,2025-08-29 05:21:19.419466,2025-08-29 06:47:19.419466,2025-08-29 16:07:19.419466
case_47,Analyze Request for Quotation,Francois de Perrier,2025-08-25 11:35:19.419466,2025-08-29 07:48:19.419466,2025-08-29 08:10:19.419466
case_59,Amend Request for Quotation Requester,Anne Olwada,2025-08-29 04:40:19.419466,2025-08-29 10:07:19.419466,2025-08-29 10:21:19.419466
case_47,Send Request for Quotation to Supplier,Magdalena Predutta,2025-08-29 08:10:19.419466,2025-08-29 11:04:19.419466,2025-08-29 11:17:19.419466
case_42,Create Quotation comparison Map,Magdalena Predutta,2025-08-29 03:13:19.419466,2025-08-29 11:32:19.419466,2025-08-29 17:08:19.419466
case_24,Send invoice,Kiu Kan,2025-08-29 03:02:19.419466,2025-08-29 12:38:19.419466,2025-08-29 12:38:19.419466
case_24,Release Supplier's Invoice,Karalda Nimwada,2025-08-29 12:38:19.419466,2025-08-29 13:24:19.419466,2025-08-29 13:26:19.419466
case_24,Settle dispute with supplier Financial Manager,Karalda Nimwada,2025-08-29 13:26:19.419466,2025-08-29 13:36:19.419466,2025-08-29 13:47:19.419466
case_24,Authorize Supplier's Invoice payment,Karalda Nimwada,2025-08-29 13:47:19.419466,2025-08-29 15:00:19.419466,2025-08-29 15:00:19.419466
case_24,Pay invoice,Karalda Nimwada,2025-08-29 15:00:19.419466,2025-08-29 15:03:19.419466,2025-08-29 15:08:19.419466
case_57,Analyze Request for Quotation,Francois de Perrier,2025-08-29 03:54:19.419466,2025-08-29 15:04:19.419466,2025-08-29 15:31:19.419466
case_59,Analyze Request for Quotation,Karel de Groot,2025-08-29 10:21:19.419466,2025-08-29 15:07:19.419466,2025-08-29 15:24:19.419466
case_57,Amend Request for Quotation Requester,Anne Olwada,2025-08-29 15:31:19.419466,2025-08-29 16:16:19.419466,2025-08-29 16:32:19.419466
case_25,Deliver Goods Services,Carmen Finacse,2025-08-29 00:53:19.419466,2025-08-29 16:48:19.419466,2025-08-31 01:44:19.419466
case_59,Amend Request for Quotation Requester,Penn Osterwalder,2025-08-29 15:24:19.419466,2025-08-29 17:09:19.419466,2025-08-29 17:16:19.419466
case_60,Create Purchase Requisition,Christian Francois,2025-08-29 17:28:19.419466,2025-08-29 17:28:19.419466,2025-08-29 17:45:19.419466
case_23,Send invoice,Carmen Finacse,2025-08-28 18:57:19.419466,2025-08-29 17:39:19.419466,2025-08-29 17:39:19.419466
case_23,Release Supplier's Invoice,Pedro Alvares,2025-08-29 17:39:19.419466,2025-08-29 17:39:19.419466,2025-08-29 17:42:19.419466
case_23,Authorize Supplier's Invoice payment,Karalda Nimwada,2025-08-29 17:42:19.419466,2025-08-29 18:28:19.419466,2025-08-29 18:28:19.419466
case_23,Pay invoice,Pedro Alvares,2025-08-29 18:28:19.419466,2025-08-29 18:28:19.419466,2025-08-29 18:38:19.419466
case_50,Create Quotation comparison Map,Karel de Groot,2025-08-28 09:23:19.419466,2025-08-29 19:16:19.419466,2025-08-30 01:52:19.419466
case_44,Confirm Purchase Order,Sean Manney,2025-08-28 06:05:19.419466,2025-08-29 19:27:19.419466,2025-08-29 19:42:19.419466
case_26,Release Purchase Order,Nico Ojenbeer,2025-08-29 20:22:19.419466,2025-08-29 20:27:19.419466,2025-08-29 20:27:19.419466
case_58,Create Request for Quotation Requester Manager,Heinz Gutschmidt,2025-08-28 20:58:19.419466,2025-08-29 21:07:19.419466,2025-08-29 21:07:19.419466
case_33,Approve Purchase Order for payment,Magdalena Predutta,2025-08-28 22:05:19.419466,2025-08-29 22:02:19.419466,2025-08-29 22:02:19.419466
case_41,Settle dispute with supplier Purchasing Agent,Francois de Perrier,2025-08-27 18:04:19.419466,2025-08-30 01:45:19.419466,2025-08-30 10:46:19.419466
case_47,Create Quotation comparison Map,Karel de Groot,2025-08-29 11:17:19.419466,2025-08-30 03:23:19.419466,2025-08-30 06:14:19.419466
case_50,Analyze Quotation comparison Map,Miu Hanwan,2025-08-30 01:52:19.419466,2025-08-30 03:25:19.419466,2025-08-30 03:44:19.419466
case_17,Send invoice,Kiu Kan,2025-08-28 09:31:19.419466,2025-08-30 04:05:19.419466,2025-08-30 04:05:19.419466
case_42,Analyze Quotation comparison Map,Esmana Liubiata,2025-08-29 17:08:19.419466,2025-08-30 04:07:19.419466,2025-08-30 04:26:19.419466
case_42,Choose best option,Alberto Duport,2025-08-30 04:26:19.419466,2025-08-30 04:29:19.419466,2025-08-30 04:29:19.419466
case_50,Choose best option,Kim Passa,2025-08-30 03:44:19.419466,2025-08-30 05:04:19.419466,2025-08-30 05:04:19.419466
case_57,Analyze Request for Quotation,Karel de Groot,2025-08-29 16:32:19.419466,2025-08-30 06:59:19.419466,2025-08-30 07:28:19.419466
case_40,Send invoice,Sean Manney,2025-08-28 21:49:19.419466,2025-08-30 07:18:19.419466,2025-08-30 07:18:19.419466
case_28,Deliver Goods Services,Carmen Finacse,2025-08-28 19:13:19.419466,2025-08-30 07:28:19.419466,2025-08-31 21:24:19.419466
case_61,Create Purchase Requisition,Fjodor Kowalski,2025-08-30 07:32:19.419466,2025-08-30 07:32:19.419466,2025-08-30 07:49:19.419466
case_35,Create Purchase Order,Karel de Groot,2025-08-28 04:38:19.419466,2025-08-30 07:52:19.419466,2025-08-30 07:57:19.419466
case_40,Release Supplier's Invoice,Karalda Nimwada,2025-08-30 07:18:19.419466,2025-08-30 07:54:19.419466,2025-08-30 07:59:19.419466
case_40,Authorize Supplier's Invoice payment,Pedro Alvares,2025-08-30 07:59:19.419466,2025-08-30 07:59:19.419466,2025-08-30 07:59:19.419466
case_54,Create Quotation comparison Map,Karel de Groot,2025-08-28 23:11:19.419466,2025-08-30 09:04:19.419466,2025-08-30 11:48:19.419466
case_40,Pay invoice,Karalda Nimwada,2025-08-30 07:59:19.419466,2025-08-30 09:09:19.419466,2025-08-30 09:19:19.419466
case_17,Release Supplier's Invoice,Karalda Nimwada,2025-08-30 04:05:19.419466,2025-08-30 09:23:19.419466,2025-08-30 09:26:19.419466
case_17,Settle dispute with supplier Financial Manager,Pedro Alvares,2025-08-30 09:26:19.419466,2025-08-30 11:20:19.419466,2025-08-30 11:49:19.419466
case_42,Settle conditions with supplier,Karel de Groot,2025-08-30 04:29:19.419466,2025-08-30 11:28:19.419466,2025-08-30 16:51:19.419466
case_17,Authorize Supplier's Invoice payment,Pedro Alvares,2025-08-30 11:49:19.419466,2025-08-30 11:49:19.419466,2025-08-30 11:49:19.419466
case_17,Pay invoice,Pedro Alvares,2025-08-30 11:49:19.419466,2025-08-30 11:49:19.419466,2025-08-30 11:53:19.419466
case_49,Create Purchase Order,Francois de Perrier,2025-08-28 13:41:19.419466,2025-08-30 12:56:19.419466,2025-08-30 13:06:19.419466
case_41,Release Purchase Order,Christian Francois,2025-08-30 10:46:19.419466,2025-08-30 13:09:19.419466,2025-08-30 13:09:19.419466
case_47,Analyze Quotation comparison Map,Nico Ojenbeer,2025-08-30 06:14:19.419466,2025-08-30 13:11:19.419466,2025-08-30 13:33:19.419466
case_62,Create Purchase Requisition,Tesca Lobes,2025-08-30 15:29:19.419466,2025-08-30 15:29:19.419466,2025-08-30 15:44:19.419466
case_60,Analyze Purchase Requisition,Maris Freeman,2025-08-29 17:45:19.419466,2025-08-30 15:48:19.419466,2025-08-30 15:52:19.419466
case_60,Create Request for Quotation Requester,Kim Passa,2025-08-30 15:52:19.419466,2025-08-30 15:57:19.419466,2025-08-30 16:09:19.419466
case_54,Analyze Quotation comparison Map,Miu Hanwan,2025-08-30 11:48:19.419466,2025-08-30 16:55:19.419466,2025-08-30 18:23:19.419466
case_35,Confirm Purchase Order,Sean Manney,2025-08-30 07:57:19.419466,2025-08-30 17:22:19.419466,2025-08-30 17:27:19.419466
case_47,Choose best option,Nico Ojenbeer,2025-08-30 13:33:19.419466,2025-08-30 18:26:19.419466,2025-08-30 18:26:19.419466
case_31,Send invoice,Carmen Finacse,2025-08-29 05:31:19.419466,2025-08-30 19:01:19.419466,2025-08-30 19:01:19.419466
case_31,Release Supplier's Invoice,Pedro Alvares,2025-08-30 19:01:19.419466,2025-08-30 19:01:19.419466,2025-08-30 19:06:19.419466
case_31,Authorize Supplier's Invoice payment,Pedro Alvares,2025-08-30 19:06:19.419466,2025-08-30 19:06:19.419466,2025-08-30 19:06:19.419466
case_31,Pay invoice,Pedro Alvares,2025-08-30 19:06:19.419466,2025-08-30 19:06:19.419466,2025-08-30 19:10:19.419466
case_41,Approve Purchase Order for payment,Magdalena Predutta,2025-08-30 13:09:19.419466,2025-08-30 19:45:19.419466,2025-08-30 19:45:19.419466
case_56,Analyze Request for Quotation,Karel de Groot,2025-08-28 16:18:19.419466,2025-08-30 20:14:19.419466,2025-08-30 20:36:19.419466
case_47,Settle conditions with supplier,Karel de Groot,2025-08-30 18:26:19.419466,2025-08-30 21:04:19.419466,2025-08-31 07:12:19.419466
case_63,Create Purchase Requisition,Anne Olwada,2025-08-30 21:08:19.419466,2025-08-30 21:08:19.419466,2025-08-30 21:30:19.419466
case_60,Analyze Request for Quotation,Francois de Perrier,2025-08-30 16:09:19.419466,2025-08-30 22:03:19.419466,2025-08-30 22:39:19.419466
case_50,Settle conditions with supplier,Magdalena Predutta,2025-08-30 05:04:19.419466,2025-08-30 22:35:19.419466,2025-08-31 13:04:19.419466
case_56,Amend Request for Quotation Requester,Penn Osterwalder,2025-08-30 20:36:19.419466,2025-08-30 23:28:19.419466,2025-08-30 23:40:19.419466
case_54,Choose best option,Penn Osterwalder,2025-08-30 18:23:19.419466,2025-08-30 23:50:19.419466,2025-08-30 23:50:19.419466
case_33,Send invoice,Sean Manney,2025-08-29 22:02:19.419466,2025-08-31 00:54:19.419466,2025-08-31 00:54:19.419466
case_63,Create Request for Quotation Requester Manager,Maris Freeman,2025-08-30 21:30:19.419466,2025-08-31 01:31:19.419466,2025-08-31 01:32:19.419466
case_25,Release Purchase Order,Alberto Duport,2025-08-31 01:44:19.419466,2025-08-31 01:44:19.419466,2025-08-31 01:44:19.419466
case_59,Analyze Request for Quotation,Karel de Groot,2025-08-29 17:16:19.419466,2025-08-31 01:53:19.419466,2025-08-31 02:18:19.419466
case_51,Create Purchase Order,Magdalena Predutta,2025-08-29 16:07:19.419466,2025-08-31 02:08:19.419466,2025-08-31 02:12:19.419466
case_33,Release Supplier's Invoice,Pedro Alvares,2025-08-31 00:54:19.419466,2025-08-31 02:48:19.419466,2025-08-31 02:50:19.419466
case_33,Authorize Supplier's Invoice payment,Pedro Alvares,2025-08-31 02:50:19.419466,2025-08-31 02:50:19.419466,2025-08-31 02:50:19.419466
case_59,Amend Request for Quotation Requester,Immanuel Karagianni,2025-08-31 02:18:19.419466,2025-08-31 02:55:19.419466,2025-08-31 03:11:19.419466
case_61,Analyze Purchase Requisition,Maris Freeman,2025-08-30 07:49:19.419466,2025-08-31 03:10:19.419466,2025-08-31 03:20:19.419466
case_62,Analyze Purchase Requisition,Francis Odell,2025-08-30 15:44:19.419466,2025-08-31 03:24:19.419466,2025-08-31 03:27:19.419466
case_25,Approve Purchase Order for payment,Francois de Perrier,2025-08-31 01:44:19.419466,2025-08-31 04:30:19.419466,2025-08-31 04:30:19.419466
case_33,Pay invoice,Pedro Alvares,2025-08-31 02:50:19.419466,2025-08-31 04:44:19.419466,2025-08-31 04:52:19.419466
case_62,Create Request for Quotation Requester,Esmana Liubiata,2025-08-31 03:27:19.419466,2025-08-31 05:03:19.419466,2025-08-31 05:15:19.419466
case_26,Approve Purchase Order for payment,Francois de Perrier,2025-08-29 20:27:19.419466,2025-08-31 05:27:19.419466,2025-08-31 05:27:19.419466
case_44,Deliver Goods Services,Esmeralda Clay,2025-08-29 19:42:19.419466,2025-08-31 06:40:19.419466,2025-08-31 19:17:19.419466
case_59,Analyze Request for Quotation,Karel de Groot,2025-08-31 03:11:19.419466,2025-08-31 07:07:19.419466,2025-08-31 07:37:19.419466
case_58,Analyze Request for Quotation,Karel de Groot,2025-08-29 21:07:19.419466,2025-08-31 08:25:19.419466,2025-08-31 08:50:19.419466
case_61,Create Request for Quotation Requester,Christian Francois,2025-08-31 03:20:19.419466,2025-08-31 08:35:19.419466,2025-08-31 08:42:19.419466
case_30,Create Quotation comparison Map,Francois de Perrier,2025-08-24 02:57:19.419466,2025-08-31 09:15:19.419466,2025-08-31 16:58:19.419466
case_60,Amend Request for Quotation Requester,Nico Ojenbeer,2025-08-30 22:39:19.419466,2025-08-31 09:18:19.419466,2025-08-31 09:24:19.419466
case_59,Amend Request for Quotation Requester,Fjodor Kowalski,2025-08-31 07:37:19.419466,2025-08-31 09:29:19.419466,2025-08-31 09:33:19.419466
case_64,Create Purchase Requisition,Penn Osterwalder,2025-08-31 09:32:19.419466,2025-08-31 09:32:19.419466,2025-08-31 10:06:19.419466
case_46,Analyze Request for Quotation,Francois de Perrier,2025-08-24 16:46:19.419466,2025-08-31 09:47:19.419466,2025-08-31 10:06:19.419466
case_65,Create Purchase Requisition,Tesca Lobes,2025-08-31 09:55:19.419466,2025-08-31 09:55:19.419466,2025-08-31 10:31:19.419466
case_42,Create Purchase Order,Magdalena Predutta,2025-08-30 16:51:19.419466,2025-08-31 10:22:19.419466,2025-08-31 10:32:19.419466
case_58,Amend Request for Quotation Requester,Alberto Duport,2025-08-31 08:50:19.419466,2025-08-31 10:37:19.419466,2025-08-31 10:53:19.419466
case_63,Analyze Request for Quotation,Francois de Perrier,2025-08-31 01:32:19.419466,2025-08-31 10:55:19.419466,2025-08-31 11:20:19.419466
case_64,Analyze Purchase Requisition,Heinz Gutschmidt,2025-08-31 10:06:19.419466,2025-08-31 13:32:19.419466,2025-08-31 13:38:19.419466
case_58,Analyze Request for Quotation,Magdalena Predutta,2025-08-31 10:53:19.419466,2025-08-31 15:42:19.419466,2025-08-31 17:13:19.419466
case_50,Create Purchase Order,Francois de Perrier,2025-08-31 13:04:19.419466,2025-08-31 17:06:19.419466,2025-08-31 17:14:19.419466
case_58,Amend Request for Quotation Requester,Nico Ojenbeer,2025-08-31 17:13:19.419466,2025-08-31 18:04:19.419466,2025-08-31 18:16:19.419466
case_60,Analyze Request for Quotation,Francois de Perrier,2025-08-31 09:24:19.419466,2025-08-31 19:00:19.419466,2025-08-31 19:34:19.419466
case_30,Analyze Quotation comparison Map,Fjodor Kowalski,2025-08-31 16:58:19.419466,2025-08-31 20:30:19.419466,2025-08-31 20:39:19.419466
case_30,Choose best option,Esmana Liubiata,2025-08-31 20:39:19.419466,2025-08-31 20:55:19.419466,2025-08-31 20:55:19.419466
case_46,Send Request for Quotation to Supplier,Francois de Perrier,2025-08-31 10:06:19.419466,2025-08-31 21:16:19.419466,2025-08-31 21:51:19.419466
case_44,Release Purchase Order,Christian Francois,2025-08-31 19:17:19.419466,2025-08-31 23:30:19.419466,2025-08-31 23:30:19.419466
case_18,Send invoice,Esmeralda Clay,2025-08-26 17:35:19.419466,2025-08-31 23:42:19.419466,2025-08-31 23:42:19.419466
case_18,Release Supplier's Invoice,Pedro Alvares,2025-08-31 23:42:19.419466,2025-08-31 23:42:19.419466,2025-08-31 23:46:19.419466
case_18,Authorize Supplier's Invoice payment,Pedro Alvares,2025-08-31 23:46:19.419466,2025-08-31 23:46:19.419466,2025-08-31 23:46:19.419466
case_60,Send Request for Quotation to Supplier,Karel de Groot,2025-08-31 19:34:19.419466,2025-08-31 23:47:19.419466,2025-09-01 00:19:19.419466
case_44,Approve Purchase Order for payment,Karel de Groot,2025-08-31 23:30:19.419466,2025-08-31 23:59:19.419466,2025-08-31 23:59:19.419466
case_47,Create Purchase Order,Francois de Perrier,2025-08-31 07:12:19.419466,2025-09-01 00:09:19.419466,2025-09-01 00:20:19.419466
case_60,Create Quotation comparison Map,Francois de Perrier,2025-09-01 00:19:19.419466,2025-09-01 00:26:19.419466,2025-09-01 05:15:19.419466
case_46,Create Quotation comparison Map,Magdalena Predutta,2025-08-31 21:51:19.419466,2025-09-01 00:39:19.419466,2025-09-01 05:11:19.419466
case_52,Analyze Request for Quotation,Magdalena Predutta,2025-08-27 15:52:19.419466,2025-09-01 00:52:19.419466,2025-09-01 01:05:19.419466
case_28,Release Purchase Order,Alberto Duport,2025-08-31 21:24:19.419466,2025-09-01 01:17:19.419466,2025-09-01 01:17:19.419466
case_58,Analyze Request for Quotation,Karel de Groot,2025-08-31 18:16:19.419466,2025-09-01 01:39:19.419466,2025-09-01 01:52:19.419466
case_18,Pay invoice,Karalda Nimwada,2025-08-31 23:46:19.419466,2025-09-01 04:13:19.419466,2025-09-01 04:21:19.419466
case_46,Analyze Quotation comparison Map,Penn Osterwalder,2025-09-01 05:11:19.419466,2025-09-01 05:45:19.419466,2025-09-01 06:05:19.419466
case_60,Analyze Quotation comparison Map,Tesca Lobes,2025-09-01 05:15:19.419466,2025-09-01 06:09:19.419466,2025-09-01 06:24:19.419466
case_51,Confirm Purchase Order,Kiu Kan,2025-08-31 02:12:19.419466,2025-09-01 06:23:19.419466,2025-09-01 06:44:19.419466
case_44,Send invoice,Karen Clarens,2025-08-31 23:59:19.419466,2025-09-01 06:41:19.419466,2025-09-01 06:41:19.419466
case_62,Analyze Request for Quotation,Magdalena Predutta,2025-08-31 05:15:19.419466,2025-09-01 07:11:19.419466,2025-09-01 07:40:19.419466
case_41,Send invoice,Sean Manney,2025-08-30 19:45:19.419466,2025-09-01 07:52:19.419466,2025-09-01 07:52:19.419466
case_41,Release Supplier's Invoice,Pedro Alvares,2025-09-01 07:52:19.419466,2025-09-01 07:52:19.419466,2025-09-01 07:56:19.419466
case_60,Choose best option,Nico Ojenbeer,2025-09-01 06:24:19.419466,2025-09-01 08:51:19.419466,2025-09-01 08:51:19.419466
case_44,Release Supplier's Invoice,Karalda Nimwada,2025-09-01 06:41:19.419466,2025-09-01 08:53:19.419466,2025-09-01 08:55:19.419466
case_46,Choose best option,Alberto Duport,2025-09-01 06:05:19.419466,2025-09-01 08:55:19.419466,2025-09-01 08:55:19.419466
case_44,Authorize Supplier's Invoice payment,Pedro Alvares,2025-09-01 08:55:19.419466,2025-09-01 08:55:19.419466,2025-09-01 08:55:19.419466
case_44,Pay invoice,Pedro Alvares,2025-09-01 08:55:19.419466,2025-09-01 09:06:19.419466,2025-09-01 09:07:19.419466
case_65,Analyze Purchase Requisition,Heinz Gutschmidt,2025-08-31 10:31:19.419466,2025-09-01 09:41:19.419466,2025-09-01 09:47:19.419466
case_41,Authorize Supplier's Invoice payment,Karalda Nimwada,2025-09-01 07:56:19.419466,2025-09-01 11:12:19.419466,2025-09-01 11:12:19.419466
case_41,Pay invoice,Pedro Alvares,2025-09-01 11:12:19.419466,2025-09-01 11:16:19.419466,2025-09-01 11:18:19.419466
case_46,Settle conditions with supplier,Karel de Groot,2025-09-01 08:55:19.419466,2025-09-01 11:43:19.419466,2025-09-01 20:56:19.419466
case_62,Amend Request for Quotation Requester,Christian Francois,2025-09-01 07:40:19.419466,2025-09-01 14:02:19.419466,2025-09-01 14:22:19.419466
case_54,Settle conditions with supplier,Karel de Groot,2025-08-30 23:50:19.419466,2025-09-01 15:08:19.419466,2025-09-01 17:35:19.419466
case_65,Create Request for Quotation Requester,Alberto Duport,2025-09-01 09:47:19.419466,2025-09-01 15:34:19.419466,2025-09-01 15:49:19.419466
case_61,Analyze Request for Quotation,Karel de Groot,2025-08-31 08:42:19.419466,2025-09-01 18:35:19.419466,2025-09-01 18:40:19.419466
case_61,Amend Request for Quotation Requester Manager,Heinz Gutschmidt,2025-09-01 18:40:19.419466,2025-09-01 20:20:19.419466,2025-09-01 20:27:19.419466
case_35,Deliver Goods Services,Karen Clarens,2025-08-30 17:27:19.419466,2025-09-01 20:29:19.419466,2025-09-02 21:53:19.419466
case_61,Analyze Request for Quotation,Francois de Perrier,2025-09-01 20:27:19.419466,2025-09-01 21:25:19.419466,2025-09-01 21:50:19.419466
case_54,Create Purchase Order,Francois de Perrier,2025-09-01 17:35:19.419466,2025-09-01 23:50:19.419466,2025-09-01 23:59:19.419466
case_25,Send invoice,Carmen Finacse,2025-08-31 04:30:19.419466,2025-09-01 23:55:19.419466,2025-09-01 23:55:19.419466
case_25,Release Supplier's Invoice,Karalda Nimwada,2025-09-01 23:55:19.419466,2025-09-02 00:01:19.419466,2025-09-02 00:02:19.419466
case_49,Confirm Purchase Order,Sean Manney,2025-08-30 13:06:19.419466,2025-09-02 00:34:19.419466,2025-09-02 00:54:19.419466
case_25,Authorize Supplier's Invoice payment,Karalda Nimwada,2025-09-02 00:02:19.419466,2025-09-02 01:50:19.419466,2025-09-02 01:50:19.419466
case_25,Pay invoice,Pedro Alvares,2025-09-02 01:50:19.419466,2025-09-02 01:50:19.419466,2025-09-02 01:51:19.419466
case_62,Analyze Request for Quotation,Magdalena Predutta,2025-09-01 14:22:19.419466,2025-09-02 01:53:19.419466,2025-09-02 03:29:19.419466
case_65,Analyze Request for Quotation,Karel de Groot,2025-09-01 15:49:19.419466,2025-09-02 02:24:19.419466,2025-09-02 02:41:19.419466
case_58,Send Request for Quotation to Supplier,Magdalena Predutta,2025-09-01 01:52:19.419466,2025-09-02 03:49:19.419466,2025-09-02 04:03:19.419466
case_65,Amend Request for Quotation Requester,Alberto Duport,2025-09-02 02:41:19.419466,2025-09-02 04:08:19.419466,2025-09-02 04:15:19.419466
case_30,Settle conditions with supplier,Francois de Perrier,2025-08-31 20:55:19.419466,2025-09-02 04:19:19.419466,2025-09-02 09:46:19.419466
case_51,Deliver Goods Services,Kiu Kan,2025-09-01 06:44:19.419466,2025-09-02 04:53:19.419466,2025-09-03 01:33:19.419466
case_36,Create Purchase Order,Magdalena Predutta,2025-08-25 04:19:19.419466,2025-09-02 05:13:19.419466,2025-09-02 05:20:19.419466
case_62,Amend Request for Quotation Requester,Nico Ojenbeer,2025-09-02 03:29:19.419466,2025-09-02 06:03:19.419466,2025-09-02 06:10:19.419466
case_66,Create Purchase Requisition,Nico Ojenbeer,2025-09-02 06:12:19.419466,2025-09-02 06:12:19.419466,2025-09-02 07:01:19.419466
case_54,Confirm Purchase Order,Esmeralda Clay,2025-09-01 23:59:19.419466,2025-09-02 06:13:19.419466,2025-09-02 06:42:19.419466
case_47,Confirm Purchase Order,Sean Manney,2025-09-01 00:20:19.419466,2025-09-02 08:52:19.419466,2025-09-02 09:22:19.419466
case_62,Analyze Request for Quotation,Karel de Groot,2025-09-02 06:10:19.419466,2025-09-02 10:16:19.419466,2025-09-02 10:22:19.419466
case_58,Create Quotation comparison Map,Karel de Groot,2025-09-02 04:03:19.419466,2025-09-02 11:16:19.419466,2025-09-02 14:17:19.419466
case_64,Create Request for Quotation Requester Manager,Maris Freeman,2025-08-31 13:38:19.419466,2025-09-02 12:21:19.419466,2025-09-02 12:22:19.419466
case_42,Confirm Purchase Order,Karen Clarens,2025-08-31 10:32:19.419466,2025-09-02 12:25:19.419466,2025-09-02 12:46:19.419466
case_67,Create Purchase Requisition,Christian Francois,2025-09-02 13:43:19.419466,2025-09-02 13:43:19.419466,2025-09-02 13:52:19.419466
case_30,Create Purchase Order,Magdalena Predutta,2025-09-02 09:46:19.419466,2025-09-02 13:53:19.419466,2025-09-02 14:02:19.419466
case_66,Analyze Purchase Requisition,Francis Odell,2025-09-02 07:01:19.419466,2025-09-02 14:48:19.419466,2025-09-02 14:54:19.419466
case_64,Analyze Request for Quotation,Magdalena Predutta,2025-09-02 12:22:19.419466,2025-09-02 15:33:19.419466,2025-09-02 15:57:19.419466
case_58,Analyze Quotation comparison Map,Nico Ojenbeer,2025-09-02 14:17:19.419466,2025-09-02 16:56:19.419466,2025-09-02 17:11:19.419466
case_67,Create Request for Quotation Requester,Miu Hanwan,2025-09-02 13:52:19.419466,2025-09-02 18:03:19.419466,2025-09-02 18:16:19.419466
case_54,Deliver Goods Services,Carmen Finacse,2025-09-02 06:42:19.419466,2025-09-02 20:24:19.419466,2025-09-03 08:32:19.419466
case_53,Analyze Request for Quotation,Francois de Perrier,2025-08-28 08:08:19.419466,2025-09-02 22:28:19.419466,2025-09-02 22:57:19.419466
case_58,Choose best option,Kim Passa,2025-09-02 17:11:19.419466,2025-09-02 23:41:19.419466,2025-09-02 23:41:19.419466
case_68,Create Purchase Requisition,Esmana Liubiata,2025-09-02 23:54:19.419466,2025-09-02 23:54:19.419466,2025-09-03 02:48:19.419466
case_53,Amend Request for Quotation Requester,Miu Hanwan,2025-09-02 22:57:19.419466,2025-09-03 00:42:19.419466,2025-09-03 01:02:19.419466
case_67,Analyze Request for Quotation,Magdalena Predutta,2025-09-02 18:16:19.419466,2025-09-03 02:17:19.419466,2025-09-03 02:53:19.419466
case_51,Release Purchase Order,Nico Ojenbeer,2025-09-03 01:33:19.419466,2025-09-03 02:20:19.419466,2025-09-03 02:20:19.419466
case_69,Create Purchase Requisition,Esmana Liubiata,2025-09-03 02:49:19.419466,2025-09-03 02:49:19.419466,2025-09-03 03:20:19.419466
case_35,Release Purchase Order,Esmana Liubiata,2025-09-02 21:53:19.419466,2025-09-03 03:27:19.419466,2025-09-03 03:27:19.419466
case_35,Approve Purchase Order for payment,Magdalena Predutta,2025-09-03 03:27:19.419466,2025-09-03 03:31:19.419466,2025-09-03 03:31:19.419466
case_69,Analyze Purchase Requisition,Maris Freeman,2025-09-03 03:20:19.419466,2025-09-03 03:46:19.419466,2025-09-03 03:55:19.419466
case_36,Confirm Purchase Order,Esmeralda Clay,2025-09-02 05:20:19.419466,2025-09-03 04:21:19.419466,2025-09-03 04:41:19.419466
case_67,Amend Request for Quotation Requester,Immanuel Karagianni,2025-09-03 02:53:19.419466,2025-09-03 04:57:19.419466,2025-09-03 05:06:19.419466
case_30,Confirm Purchase Order,Kiu Kan,2025-09-02 14:02:19.419466,2025-09-03 05:41:19.419466,2025-09-03 06:00:19.419466
case_66,Create Request for Quotation Requester Manager,Francis Odell,2025-09-02 14:54:19.419466,2025-09-03 05:50:19.419466,2025-09-03 05:51:19.419466
case_51,Approve Purchase Order for payment,Magdalena Predutta,2025-09-03 02:20:19.419466,2025-09-03 06:09:19.419466,2025-09-03 06:09:19.419466
case_68,Create Request for Quotation Requester Manager,Heinz Gutschmidt,2025-09-03 02:48:19.419466,2025-09-03 06:41:19.419466,2025-09-03 06:42:19.419466
case_58,Settle conditions with supplier,Francois de Perrier,2025-09-02 23:41:19.419466,2025-09-03 07:29:19.419466,2025-09-03 19:08:19.419466
case_70,Create Purchase Requisition,Nico Ojenbeer,2025-09-03 08:18:19.419466,2025-09-03 08:18:19.419466,2025-09-03 08:48:19.419466
case_55,Analyze Request for Quotation,Francois de Perrier,2025-08-27 02:25:19.419466,2025-09-03 08:43:19.419466,2025-09-03 09:18:19.419466
case_70,Create Request for Quotation Requester,Anne Olwada,2025-09-03 08:48:19.419466,2025-09-03 10:17:19.419466,2025-09-03 10:30:19.419466
case_66,Analyze Request for Quotation,Francois de Perrier,2025-09-03 05:51:19.419466,2025-09-03 10:23:19.419466,2025-09-03 10:39:19.419466
case_49,Deliver Goods Services,Kiu Kan,2025-09-02 00:54:19.419466,2025-09-03 10:28:19.419466,2025-09-05 02:33:19.419466
case_64,Send Request for Quotation to Supplier,Karel de Groot,2025-09-02 15:57:19.419466,2025-09-03 10:39:19.419466,2025-09-03 11:14:19.419466
case_48,Analyze Request for Quotation,Francois de Perrier,2025-08-25 07:02:19.419466,2025-09-03 10:44:19.419466,2025-09-03 11:16:19.419466
case_59,Analyze Request for Quotation,Magdalena Predutta,2025-08-31 09:33:19.419466,2025-09-03 11:53:19.419466,2025-09-03 13:23:19.419466
case_67,Analyze Request for Quotation,Karel de Groot,2025-09-03 05:06:19.419466,2025-09-03 11:56:19.419466,2025-09-03 12:18:19.419466
case_66,Amend Request for Quotation Requester,Immanuel Karagianni,2025-09-03 10:39:19.419466,2025-09-03 12:14:19.419466,2025-09-03 12:20:19.419466
case_28,Approve Purchase Order for payment,Karel de Groot,2025-09-01 01:17:19.419466,2025-09-03 12:30:19.419466,2025-09-03 12:30:19.419466
case_54,Release Purchase Order,Immanuel Karagianni,2025-09-03 08:32:19.419466,2025-09-03 13:30:19.419466,2025-09-03 13:30:19.419466
case_55,Amend Request for Quotation Requester,Christian Francois,2025-09-03 09:18:19.419466,2025-09-03 14:56:19.419466,2025-09-03 15:11:19.419466
case_65,Analyze Request for Quotation,Magdalena Predutta,2025-09-02 04:15:19.419466,2025-09-03 16:24:19.419466,2025-09-03 16:46:19.419466
case_69,Create Request for Quotation Requester Manager,Francis Odell,2025-09-03 03:55:19.419466,2025-09-03 16:45:19.419466,2025-09-03 16:46:19.419466
case_65,Amend Request for Quotation Requester,Anne Olwada,2025-09-03 16:46:19.419466,2025-09-03 16:54:19.419466,2025-09-03 18:03:19.419466
case_66,Analyze Request for Quotation,Francois de Perrier,2025-09-03 12:20:19.419466,2025-09-03 17:43:19.419466,2025-09-03 17:57:19.419466
case_70,Analyze Request for Quotation,Magdalena Predutta,2025-09-03 10:30:19.419466,2025-09-03 20:10:19.419466,2025-09-03 20:29:19.419466
case_66,Amend Request for Quotation Requester,Tesca Lobes,2025-09-03 17:57:19.419466,2025-09-03 20:14:19.419466,2025-09-03 20:33:19.419466
case_58,Create Purchase Order,Karel de Groot,2025-09-03 19:08:19.419466,2025-09-03 20:15:19.419466,2025-09-03 20:24:19.419466
case_71,Create Purchase Requisition,Kim Passa,2025-09-03 22:27:19.419466,2025-09-03 22:27:19.419466,2025-09-03 23:47:19.419466
case_70,Amend Request for Quotation Requester,Nico Ojenbeer,2025-09-03 20:29:19.419466,2025-09-03 22:31:19.419466,2025-09-03 22:35:19.419466
case_26,Send invoice,Sean Manney,2025-08-31 05:27:19.419466,2025-09-04 00:36:19.419466,2025-09-04 00:36:19.419466
case_67,Send Request for Quotation to Supplier,Francois de Perrier,2025-09-03 12:18:19.419466,2025-09-04 00:36:19.419466,2025-09-04 00:59:19.419466
case_26,Release Supplier's Invoice,Pedro Alvares,2025-09-04 00:36:19.419466,2025-09-04 00:36:19.419466,2025-09-04 01:04:19.419466
case_71,Create Request for Quotation Requester Manager,Francis Odell,2025-09-03 23:47:19.419466,2025-09-04 01:14:19.419466,2025-09-04 01:16:19.419466
case_51,Send invoice,Karen Clarens,2025-09-03 06:09:19.419466,2025-09-04 01:26:19.419466,2025-09-04 01:26:19.419466
case_48,Send Request for Quotation to Supplier,Francois de Perrier,2025-09-03 11:16:19.419466,2025-09-04 01:57:19.419466,2025-09-04 02:13:19.419466
case_69,Analyze Request for Quotation,Karel de Groot,2025-09-03 16:46:19.419466,2025-09-04 03:02:19.419466,2025-09-04 03:51:19.419466
case_28,Send invoice,Kiu Kan,2025-09-03 12:30:19.419466,2025-09-04 03:30:19.419466,2025-09-04 03:30:19.419466
case_28,Release Supplier's Invoice,Pedro Alvares,2025-09-04 03:30:19.419466,2025-09-04 03:30:19.419466,2025-09-04 03:36:19.419466
case_28,Authorize Supplier's Invoice payment,Pedro Alvares,2025-09-04 03:36:19.419466,2025-09-04 03:36:19.419466,2025-09-04 03:36:19.419466
case_70,Analyze Request for Quotation,Francois de Perrier,2025-09-03 22:35:19.419466,2025-09-04 03:38:19.419466,2025-09-04 03:58:19.419466
case_51,Release Supplier's Invoice,Karalda Nimwada,2025-09-04 01:26:19.419466,2025-09-04 03:39:19.419466,2025-09-04 03:44:19.419466
case_51,Authorize Supplier's Invoice payment,Pedro Alvares,2025-09-04 03:44:19.419466,2025-09-04 03:44:19.419466,2025-09-04 03:44:19.419466
case_51,Pay invoice,Pedro Alvares,2025-09-04 03:44:19.419466,2025-09-04 03:44:19.419466,2025-09-04 03:49:19.419466
case_26,Authorize Supplier's Invoice payment,Karalda Nimwada,2025-09-04 01:04:19.419466,2025-09-04 04:48:19.419466,2025-09-04 04:48:19.419466
case_54,Approve Purchase Order for payment,Francois de Perrier,2025-09-03 13:30:19.419466,2025-09-04 05:00:19.419466,2025-09-04 05:00:19.419466
case_28,Pay invoice,Karalda Nimwada,2025-09-04 03:36:19.419466,2025-09-04 05:35:19.419466,2025-09-04 05:42:19.419466
case_66,Analyze Request for Quotation,Francois de Perrier,2025-09-03 20:33:19.419466,2025-09-04 05:56:19.419466,2025-09-04 06:09:19.419466
case_26,Pay invoice,Karalda Nimwada,2025-09-04 04:48:19.419466,2025-09-04 05:58:19.419466,2025-09-04 06:03:19.419466
case_70,Amend Request for Quotation Requester,Fjodor Kowalski,2025-09-04 03:58:19.419466,2025-09-04 07:59:19.419466,2025-09-04 08:06:19.419466
case_30,Deliver Goods Services,Karen Clarens,2025-09-03 06:00:19.419466,2025-09-04 08:09:19.419466,2025-09-05 17:43:19.419466
case_36,Deliver Goods Services,Karen Clarens,2025-09-03 04:41:19.419466,2025-09-04 08:40:19.419466,2025-09-05 21:31:19.419466
case_56,Analyze Request for Quotation,Magdalena Predutta,2025-08-30 23:40:19.419466,2025-09-04 08:52:19.419466,2025-09-04 09:08:19.419466
case_48,Create Quotation comparison Map,Francois de Perrier,2025-09-04 02:13:19.419466,2025-09-04 09:47:19.419466,2025-09-04 14:05:19.419466
case_70,Analyze Request for Quotation,Magdalena Predutta,2025-09-04 08:06:19.419466,2025-09-04 10:36:19.419466,2025-09-04 10:51:19.419466
case_58,Confirm Purchase Order,Esmeralda Clay,2025-09-03 20:24:19.419466,2025-09-04 10:59:19.419466,2025-09-04 11:26:19.419466
case_46,Create Purchase Order,Karel de Groot,2025-09-01 20:56:19.419466,2025-09-04 11:09:19.419466,2025-09-04 11:15:19.419466
case_56,Amend Request for Quotation Requester,Anne Olwada,2025-09-04 09:08:19.419466,2025-09-04 11:54:19.419466,2025-09-04 12:04:19.419466
case_48,Analyze Quotation comparison Map,Kim Passa,2025-09-04 14:05:19.419466,2025-09-04 14:11:19.419466,2025-09-04 14:30:19.419466
case_71,Analyze Request for Quotation,Karel de Groot,2025-09-04 01:16:19.419466,2025-09-04 14:31:19.419466,2025-09-04 15:01:19.419466
case_54,Send invoice,Kiu Kan,2025-09-04 05:00:19.419466,2025-09-04 18:50:19.419466,2025-09-04 18:50:19.419466
case_54,Release Supplier's Invoice,Pedro Alvares,2025-09-04 18:50:19.419466,2025-09-04 18:50:19.419466,2025-09-04 18:53:19.419466
case_48,Choose best option,Penn Osterwalder,2025-09-04 14:30:19.419466,2025-09-04 19:39:19.419466,2025-09-04 19:39:19.419466
case_54,Settle dispute with supplier Financial Manager,Karalda Nimwada,2025-09-04 18:53:19.419466,2025-09-04 20:03:19.419466,2025-09-04 20:17:19.419466
case_54,Authorize Supplier's Invoice payment,Pedro Alvares,2025-09-04 20:17:19.419466,2025-09-04 20:17:19.419466,2025-09-04 20:17:19.419466
case_54,Pay invoice,Pedro Alvares,2025-09-04 20:17:19.419466,2025-09-04 20:17:19.419466,2025-09-04 20:21:19.419466
case_65,Analyze Request for Quotation,Karel de Groot,2025-09-03 18:03:19.419466,2025-09-04 20:56:19.419466,2025-09-04 21:18:19.419466
case_58,Deliver Goods Services,Kiu Kan,2025-09-04 11:26:19.419466,2025-09-04 22:47:19.419466,2025-09-06 12:21:19.419466
case_53,Analyze Request for Quotation,Karel de Groot,2025-09-03 01:02:19.419466,2025-09-05 02:16:19.419466,2025-09-05 02:40:19.419466
case_72,Create Purchase Requisition,Esmana Liubiata,2025-09-05 03:24:19.419466,2025-09-05 03:24:19.419466,2025-09-05 05:17:19.419466
case_49,Release Purchase Order,Fjodor Kowalski,2025-09-05 02:33:19.419466,2025-09-05 04:12:19.419466,2025-09-05 04:12:19.419466
case_69,Send Request for Quotation to Supplier,Francois de Perrier,2025-09-04 03:51:19.419466,2025-09-05 04:51:19.419466,2025-09-05 05:03:19.419466
case_48,Settle conditions with supplier,Magdalena Predutta,2025-09-04 19:39:19.419466,2025-09-05 05:01:19.419466,2025-09-05 11:56:19.419466
case_68,Analyze Request for Quotation,Francois de Perrier,2025-09-03 06:42:19.419466,2025-09-05 05:04:19.419466,2025-09-05 05:16:19.419466
case_72,Analyze Purchase Requisition,Heinz Gutschmidt,2025-09-05 05:17:19.419466,2025-09-05 05:21:19.419466,2025-09-05 05:26:19.419466
case_42,Deliver Goods Services,Carmen Finacse,2025-09-02 12:46:19.419466,2025-09-05 06:06:19.419466,2025-09-05 16:52:19.419466
case_59,Send Request for Quotation to Supplier,Magdalena Predutta,2025-09-03 13:23:19.419466,2025-09-05 07:04:19.419466,2025-09-05 07:33:19.419466
case_46,Confirm Purchase Order,Carmen Finacse,2025-09-04 11:15:19.419466,2025-09-05 07:54:19.419466,2025-09-05 07:59:19.419466
case_64,Create Quotation comparison Map,Magdalena Predutta,2025-09-03 11:14:19.419466,2025-09-05 10:40:19.419466,2025-09-05 10:54:19.419466
case_53,Amend Request for Quotation Requester,Miu Hanwan,2025-09-05 02:40:19.419466,2025-09-05 12:09:19.419466,2025-09-05 12:15:19.419466
case_56,Analyze Request for Quotation,Karel de Groot,2025-09-04 12:04:19.419466,2025-09-05 12:14:19.419466,2025-09-05 12:21:19.419466
case_67,Create Quotation comparison Map,Karel de Groot,2025-09-04 00:59:19.419466,2025-09-05 12:46:19.419466,2025-09-05 16:04:19.419466
case_68,Amend Request for Quotation Requester,Penn Osterwalder,2025-09-05 05:16:19.419466,2025-09-05 14:03:19.419466,2025-09-05 14:19:19.419466
case_56,Amend Request for Quotation Requester,Alberto Duport,2025-09-05 12:21:19.419466,2025-09-05 14:18:19.419466,2025-09-05 14:37:19.419466
case_67,Analyze Quotation comparison Map,Kim Passa,2025-09-05 16:04:19.419466,2025-09-05 16:09:19.419466,2025-09-05 16:34:19.419466
case_64,Analyze Quotation comparison Map,Esmana Liubiata,2025-09-05 10:54:19.419466,2025-09-05 17:33:19.419466,2025-09-05 17:51:19.419466
case_60,Settle conditions with supplier,Karel de Groot,2025-09-01 08:51:19.419466,2025-09-05 18:23:19.419466,2025-09-05 23:52:19.419466
case_42,Release Purchase Order,Immanuel Karagianni,2025-09-05 16:52:19.419466,2025-09-05 19:20:19.419466,2025-09-05 19:20:19.419466
case_30,Release Purchase Order,Tesca Lobes,2025-09-05 17:43:19.419466,2025-09-05 20:20:19.419466,2025-09-05 20:20:19.419466
case_64,Choose best option,Miu Hanwan,2025-09-05 17:51:19.419466,2025-09-05 20:30:19.419466,2025-09-05 20:30:19.419466
case_64,Settle conditions with supplier,Francois de Perrier,2025-09-05 20:30:19.419466,2025-09-05 20:37:19.419466,2025-09-06 02:35:19.419466
case_68,Analyze Request for Quotation,Francois de Perrier,2025-09-05 14:19:19.419466,2025-09-05 20:50:19.419466,2025-09-05 21:16:19.419466
case_67,Choose best option,Penn Osterwalder,2025-09-05 16:34:19.419466,2025-09-05 21:39:19.419466,2025-09-05 21:39:19.419466
case_36,Release Purchase Order,Christian Francois,2025-09-05 21:31:19.419466,2025-09-05 21:54:19.419466,2025-09-05 21:54:19.419466
case_48,Create Purchase Order,Magdalena Predutta,2025-09-05 11:56:19.419466,2025-09-05 22:16:19.419466,2025-09-05 22:23:19.419466
case_49,Approve Purchase Order for payment,Francois de Perrier,2025-09-05 04:12:19.419466,2025-09-06 00:05:19.419466,2025-09-06 00:05:19.419466
case_68,Send Request for Quotation to Supplier,Francois de Perrier,2025-09-05 21:16:19.419466,2025-09-06 00:19:19.419466,2025-09-06 00:36:19.419466
case_72,Create Request for Quotation Requester Manager,Maris Freeman,2025-09-05 05:26:19.419466,2025-09-06 00:59:19.419466,2025-09-06 02:01:19.419466
case_47,Deliver Goods Services,Esmeralda Clay,2025-09-02 09:22:19.419466,2025-09-06 06:14:19.419466,2025-09-06 23:50:19.419466
case_59,Create Quotation comparison Map,Karel de Groot,2025-09-05 07:33:19.419466,2025-09-06 06:15:19.419466,2025-09-06 08:31:19.419466
case_30,Approve Purchase Order for payment,Karel de Groot,2025-09-05 20:20:19.419466,2025-09-06 07:11:19.419466,2025-09-06 07:11:19.419466
case_68,Create Quotation comparison Map,Francois de Perrier,2025-09-06 00:36:19.419466,2025-09-06 07:21:19.419466,2025-09-06 10:19:19.419466
case_48,Confirm Purchase Order,Carmen Finacse,2025-09-05 22:23:19.419466,2025-09-06 09:40:19.419466,2025-09-06 10:10:19.419466
case_59,Analyze Quotation comparison Map,Tesca Lobes,2025-09-06 08:31:19.419466,2025-09-06 10:14:19.419466,2025-09-06 10:24:19.419466
case_59,Choose best option,Christian Francois,2025-09-06 10:24:19.419466,2025-09-06 10:29:19.419466,2025-09-06 10:29:19.419466
case_46,Deliver Goods Services,Sean Manney,2025-09-05 07:59:19.419466,2025-09-06 11:12:19.419466,2025-09-08 14:36:19.419466
case_73,Create Purchase Requisition,Kim Passa,2025-09-06 14:00:19.419466,2025-09-06 14:00:19.419466,2025-09-06 15:35:19.419466
case_68,Analyze Quotation comparison Map,Immanuel Karagianni,2025-09-06 10:19:19.419466,2025-09-06 14:33:19.419466,2025-09-06 14:57:19.419466
case_50,Confirm Purchase Order,Sean Manney,2025-08-31 17:14:19.419466,2025-09-06 15:18:19.419466,2025-09-06 15:33:19.419466
case_72,Analyze Request for Quotation,Francois de Perrier,2025-09-06 02:01:19.419466,2025-09-06 15:33:19.419466,2025-09-06 15:57:19.419466
case_68,Choose best option,Immanuel Karagianni,2025-09-06 14:57:19.419466,2025-09-06 16:11:19.419466,2025-09-06 16:11:19.419466
case_68,Settle conditions with supplier,Karel de Groot,2025-09-06 16:11:19.419466,2025-09-06 16:15:19.419466,2025-09-06 23:31:19.419466
case_73,Create Request for Quotation Requester Manager,Francis Odell,2025-09-06 15:35:19.419466,2025-09-06 17:18:19.419466,2025-09-06 17:21:19.419466
case_73,Analyze Request for Quotation,Karel de Groot,2025-09-06 17:21:19.419466,2025-09-06 17:45:19.419466,2025-09-06 18:06:19.419466
case_55,Analyze Request for Quotation,Magdalena Predutta,2025-09-03 15:11:19.419466,2025-09-06 18:05:19.419466,2025-09-06 18:24:19.419466
case_58,Release Purchase Order,Anne Olwada,2025-09-06 12:21:19.419466,2025-09-06 18:55:19.419466,2025-09-06 18:55:19.419466
case_55,Amend Request for Quotation Requester,Fjodor Kowalski,2025-09-06 18:24:19.419466,2025-09-06 19:19:19.419466,2025-09-06 19:31:19.419466
case_72,Amend Request for Quotation Requester,Immanuel Karagianni,2025-09-06 15:57:19.419466,2025-09-06 19:20:19.419466,2025-09-06 19:29:19.419466
case_53,Analyze Request for Quotation,Karel de Groot,2025-09-05 12:15:19.419466,2025-09-06 21:02:19.419466,2025-09-06 21:36:19.419466
case_36,Approve Purchase Order for payment,Francois de Perrier,2025-09-05 21:54:19.419466,2025-09-06 21:54:19.419466,2025-09-06 21:54:19.419466
case_67,Settle conditions with supplier,Francois de Perrier,2025-09-05 21:39:19.419466,2025-09-06 23:40:19.419466,2025-09-07 08:59:19.419466
case_55,Analyze Request for Quotation,Francois de Perrier,2025-09-06 19:31:19.419466,2025-09-06 23:54:19.419466,2025-09-07 00:12:19.419466
case_66,Send Request for Quotation to Supplier,Magdalena Predutta,2025-09-04 06:09:19.419466,2025-09-07 01:15:19.419466,2025-09-07 01:27:19.419466
case_55,Amend Request for Quotation Requester,Nico Ojenbeer,2025-09-07 00:12:19.419466,2025-09-07 01:20:19.419466,2025-09-07 01:34:19.419466
case_68,Create Purchase Order,Francois de Perrier,2025-09-06 23:31:19.419466,2025-09-07 01:27:19.419466,2025-09-07 01:36:19.419466
case_66,Create Quotation comparison Map,Karel de Groot,2025-09-07 01:27:19.419466,2025-09-07 02:34:19.419466,2025-09-07 07:13:19.419466
case_74,Create Purchase Requisition,Anne Olwada,2025-09-07 02:51:19.419466,2025-09-07 02:51:19.419466,2025-09-07 03:00:19.419466
case_74,Analyze Purchase Requisition,Francis Odell,2025-09-07 03:00:19.419466,2025-09-07 04:37:19.419466,2025-09-07 04:42:19.419466
case_56,Analyze Request for Quotation,Karel de Groot,2025-09-05 14:37:19.419466,2025-09-07 04:40:19.419466,2025-09-07 05:05:19.419466
case_56,Amend Request for Quotation Requester,Anne Olwada,2025-09-07 05:05:19.419466,2025-09-07 05:36:19.419466,2025-09-07 05:39:19.419466
case_30,Send invoice,Esmeralda Clay,2025-09-06 07:11:19.419466,2025-09-07 05:51:19.419466,2025-09-07 05:51:19.419466
case_59,Settle conditions with supplier,Magdalena Predutta,2025-09-06 10:29:19.419466,2025-09-07 06:59:19.419466,2025-09-07 18:50:19.419466
case_55,Analyze Request for Quotation,Francois de Perrier,2025-09-07 01:34:19.419466,2025-09-07 07:36:19.419466,2025-09-07 07:56:19.419466
case_56,Analyze Request for Quotation,Francois de Perrier,2025-09-07 05:39:19.419466,2025-09-07 07:47:19.419466,2025-09-07 08:11:19.419466
case_47,Release Purchase Order,Tesca Lobes,2025-09-06 23:50:19.419466,2025-09-07 08:24:19.419466,2025-09-07 08:24:19.419466
case_55,Send Request for Quotation to Supplier,Magdalena Predutta,2025-09-07 07:56:19.419466,2025-09-07 08:30:19.419466,2025-09-07 08:48:19.419466
case_64,Create Purchase Order,Karel de Groot,2025-09-06 02:35:19.419466,2025-09-07 10:04:19.419466,2025-09-07 10:13:19.419466
case_66,Analyze Quotation comparison Map,Penn Osterwalder,2025-09-07 07:13:19.419466,2025-09-07 10:07:19.419466,2025-09-07 10:20:19.419466
case_66,Choose best option,Tesca Lobes,2025-09-07 10:20:19.419466,2025-09-07 10:29:19.419466,2025-09-07 10:29:19.419466
case_74,Create Request for Quotation Requester Manager,Heinz Gutschmidt,2025-09-07 04:42:19.419466,2025-09-07 10:31:19.419466,2025-09-07 10:32:19.419466
case_55,Create Quotation comparison Map,Magdalena Predutta,2025-09-07 08:48:19.419466,2025-09-07 10:50:19.419466,2025-09-07 18:27:19.419466
case_30,Release Supplier's Invoice,Pedro Alvares,2025-09-07 05:51:19.419466,2025-09-07 10:54:19.419466,2025-09-07 10:59:19.419466
case_30,Authorize Supplier's Invoice payment,Pedro Alvares,2025-09-07 10:59:19.419466,2025-09-07 10:59:19.419466,2025-09-07 10:59:19.419466
case_67,Create Purchase Order,Magdalena Predutta,2025-09-07 08:59:19.419466,2025-09-07 11:48:19.419466,2025-09-07 11:58:19.419466
case_56,Amend Request for Quotation Requester,Esmana Liubiata,2025-09-07 08:11:19.419466,2025-09-07 12:59:19.419466,2025-09-07 14:11:19.419466
case_53,Send Request for Quotation to Supplier,Francois de Perrier,2025-09-06 21:36:19.419466,2025-09-07 13:16:19.419466,2025-09-07 13:29:19.419466
case_47,Approve Purchase Order for payment,Francois de Perrier,2025-09-07 08:24:19.419466,2025-09-07 13:27:19.419466,2025-09-07 13:27:19.419466
case_30,Pay invoice,Pedro Alvares,2025-09-07 10:59:19.419466,2025-09-07 13:53:19.419466,2025-09-07 14:05:19.419466
case_56,Analyze Request for Quotation,Karel de Groot,2025-09-07 14:11:19.419466,2025-09-07 14:40:19.419466,2025-09-07 15:11:19.419466
case_64,Confirm Purchase Order,Esmeralda Clay,2025-09-07 10:13:19.419466,2025-09-07 19:43:19.419466,2025-09-07 19:57:19.419466
case_50,Deliver Goods Services,Sean Manney,2025-09-06 15:33:19.419466,2025-09-07 20:52:19.419466,2025-09-09 05:29:19.419466
case_60,Create Purchase Order,Magdalena Predutta,2025-09-05 23:52:19.419466,2025-09-07 21:17:19.419466,2025-09-07 21:26:19.419466
case_67,Confirm Purchase Order,Karen Clarens,2025-09-07 11:58:19.419466,2025-09-07 22:19:19.419466,2025-09-07 22:46:19.419466
case_69,Create Quotation comparison Map,Francois de Perrier,2025-09-05 05:03:19.419466,2025-09-07 22:56:19.419466,2025-09-08 04:00:19.419466
case_36,Send invoice,Carmen Finacse,2025-09-06 21:54:19.419466,2025-09-07 23:31:19.419466,2025-09-07 23:31:19.419466
case_36,Release Supplier's Invoice,Pedro Alvares,2025-09-07 23:31:19.419466,2025-09-07 23:31:19.419466,2025-09-07 23:31:19.419466
case_53,Create Quotation comparison Map,Magdalena Predutta,2025-09-07 13:29:19.419466,2025-09-07 23:48:19.419466,2025-09-08 05:40:19.419466
case_68,Confirm Purchase Order,Karen Clarens,2025-09-07 01:36:19.419466,2025-09-07 23:50:19.419466,2025-09-08 00:14:19.419466
case_75,Create Purchase Requisition,Miu Hanwan,2025-09-08 00:27:19.419466,2025-09-08 00:27:19.419466,2025-09-08 00:51:19.419466
case_75,Create Request for Quotation Requester,Christian Francois,2025-09-08 00:51:19.419466,2025-09-08 00:58:19.419466,2025-09-08 03:05:19.419466
case_55,Analyze Quotation comparison Map,Alberto Duport,2025-09-07 18:27:19.419466,2025-09-08 01:15:19.419466,2025-09-08 01:34:19.419466
case_55,Choose best option,Miu Hanwan,2025-09-08 01:34:19.419466,2025-09-08 01:38:19.419466,2025-09-08 01:38:19.419466
case_74,Analyze Request for Quotation,Karel de Groot,2025-09-07 10:32:19.419466,2025-09-08 03:13:19.419466,2025-09-08 03:39:19.419466
case_36,Authorize Supplier's Invoice payment,Pedro Alvares,2025-09-07 23:31:19.419466,2025-09-08 03:25:19.419466,2025-09-08 03:25:19.419466
case_48,Deliver Goods Services,Kiu Kan,2025-09-06 10:10:19.419466,2025-09-08 03:32:19.419466,2025-09-08 06:20:19.419466
case_74,Amend Request for Quotation Requester,Kim Passa,2025-09-08 03:39:19.419466,2025-09-08 03:44:19.419466,2025-09-08 03:52:19.419466
case_42,Approve Purchase Order for payment,Karel de Groot,2025-09-05 19:20:19.419466,2025-09-08 04:22:19.419466,2025-09-08 04:22:19.419466
case_55,Settle conditions with supplier,Magdalena Predutta,2025-09-08 01:38:19.419466,2025-09-08 04:49:19.419466,2025-09-08 13:46:19.419466
case_68,Deliver Goods Services,Kiu Kan,2025-09-08 00:14:19.419466,2025-09-08 06:00:19.419466,2025-09-09 15:42:19.419466
case_47,Send invoice,Kiu Kan,2025-09-07 13:27:19.419466,2025-09-08 06:15:19.419466,2025-09-08 06:15:19.419466
case_53,Analyze Quotation comparison Map,Miu Hanwan,2025-09-08 05:40:19.419466,2025-09-08 07:07:19.419466,2025-09-08 07:33:19.419466
case_36,Pay invoice,Pedro Alvares,2025-09-08 03:25:19.419466,2025-09-08 07:19:19.419466,2025-09-08 07:29:19.419466
case_48,Release Purchase Order,Anne Olwada,2025-09-08 06:20:19.419466,2025-09-08 09:19:19.419466,2025-09-08 09:19:19.419466
case_59,Create Purchase Order,Magdalena Predutta,2025-09-07 18:50:19.419466,2025-09-08 10:11:19.419466,2025-09-08 10:22:19.419466
case_48,Approve Purchase Order for payment,Francois de Perrier,2025-09-08 09:19:19.419466,2025-09-08 10:17:19.419466,2025-09-08 10:17:19.419466
case_74,Analyze Request for Quotation,Francois de Perrier,2025-09-08 03:52:19.419466,2025-09-08 12:17:19.419466,2025-09-08 12:31:19.419466
case_53,Choose best option,Esmana Liubiata,2025-09-08 07:33:19.419466,2025-09-08 13:06:19.419466,2025-09-08 13:06:19.419466
case_47,Release Supplier's Invoice,Karalda Nimwada,2025-09-08 06:15:19.419466,2025-09-08 13:20:19.419466,2025-09-08 13:24:19.419466
case_66,Settle conditions with supplier,Karel de Groot,2025-09-07 10:29:19.419466,2025-09-08 13:22:19.419466,2025-09-08 20:02:19.419466
case_76,Create Purchase Requisition,Esmana Liubiata,2025-09-08 14:48:19.419466,2025-09-08 14:48:19.419466,2025-09-08 15:18:19.419466
case_47,Authorize Supplier's Invoice payment,Pedro Alvares,2025-09-08 13:24:19.419466,2025-09-08 15:18:19.419466,2025-09-08 15:18:19.419466
case_42,Send invoice,Esmeralda Clay,2025-09-08 04:22:19.419466,2025-09-08 15:20:19.419466,2025-09-08 15:20:19.419466
case_69,Analyze Quotation comparison Map,Alberto Duport,2025-09-08 04:00:19.419466,2025-09-08 15:38:19.419466,2025-09-08 15:57:19.419466
case_64,Deliver Goods Services,Sean Manney,2025-09-07 19:57:19.419466,2025-09-08 15:49:19.419466,2025-09-09 05:26:19.419466
case_77,Create Purchase Requisition,Tesca Lobes,2025-09-08 16:10:19.419466,2025-09-08 16:10:19.419466,2025-09-08 16:44:19.419466
case_46,Release Purchase Order,Miu Hanwan,2025-09-08 14:36:19.419466,2025-09-08 16:11:19.419466,2025-09-08 16:11:19.419466
case_46,Approve Purchase Order for payment,Francois de Perrier,2025-09-08 16:11:19.419466,2025-09-08 16:47:19.419466,2025-09-08 16:47:19.419466
case_42,Release Supplier's Invoice,Karalda Nimwada,2025-09-08 15:20:19.419466,2025-09-08 17:02:19.419466,2025-09-08 17:06:19.419466
case_77,Create Request for Quotation Requester,Penn Osterwalder,2025-09-08 16:44:19.419466,2025-09-08 17:02:19.419466,2025-09-08 17:14:19.419466
case_69,Choose best option,Alberto Duport,2025-09-08 15:57:19.419466,2025-09-08 17:44:19.419466,2025-09-08 17:44:19.419466
case_74,Amend Request for Quotation Requester,Kim Passa,2025-09-08 12:31:19.419466,2025-09-08 18:07:19.419466,2025-09-08 18:15:19.419466
case_47,Pay invoice,Karalda Nimwada,2025-09-08 15:18:19.419466,2025-09-08 18:30:19.419466,2025-09-08 18:43:19.419466
case_72,Analyze Request for Quotation,Francois de Perrier,2025-09-06 19:29:19.419466,2025-09-08 18:44:19.419466,2025-09-08 18:57:19.419466
case_42,Settle dispute with supplier Financial Manager,Karalda Nimwada,2025-09-08 17:06:19.419466,2025-09-08 19:09:19.419466,2025-09-08 19:28:19.419466
case_69,Settle conditions with supplier,Karel de Groot,2025-09-08 17:44:19.419466,2025-09-08 20:17:19.419466,2025-09-09 05:53:19.419466
case_42,Authorize Supplier's Invoice payment,Pedro Alvares,2025-09-08 19:28:19.419466,2025-09-08 21:22:19.419466,2025-09-08 21:22:19.419466
case_66,Create Purchase Order,Karel de Groot,2025-09-08 20:02:19.419466,2025-09-08 21:28:19.419466,2025-09-08 21:34:19.419466
case_42,Pay invoice,Pedro Alvares,2025-09-08 21:22:19.419466,2025-09-08 23:16:19.419466,2025-09-08 23:26:19.419466
case_65,Send Request for Quotation to Supplier,Magdalena Predutta,2025-09-04 21:18:19.419466,2025-09-09 00:08:19.419466,2025-09-09 00:26:19.419466
case_48,Send invoice,Carmen Finacse,2025-09-08 10:17:19.419466,2025-09-09 00:12:19.419466,2025-09-09 00:12:19.419466
case_65,Create Quotation comparison Map,Magdalena Predutta,2025-09-09 00:26:19.419466,2025-09-09 01:22:19.419466,2025-09-09 07:19:19.419466
case_78,Create Purchase Requisition,Tesca Lobes,2025-09-09 01:41:19.419466,2025-09-09 01:41:19.419466,2025-09-09 02:24:19.419466
case_48,Release Supplier's Invoice,Pedro Alvares,2025-09-09 00:12:19.419466,2025-09-09 02:06:19.419466,2025-09-09 02:10:19.419466
case_53,Settle conditions with supplier,Francois de Perrier,2025-09-08 13:06:19.419466,2025-09-09 04:36:19.419466,2025-09-09 12:21:19.419466
case_46,Send invoice,Karen Clarens,2025-09-08 16:47:19.419466,2025-09-09 04:59:19.419466,2025-09-09 04:59:19.419466
case_48,Authorize Supplier's Invoice payment,Pedro Alvares,2025-09-09 02:10:19.419466,2025-09-09 05:04:19.419466,2025-09-09 05:04:19.419466
case_76,Analyze Purchase Requisition,Francis Odell,2025-09-08 15:18:19.419466,2025-09-09 05:16:19.419466,2025-09-09 05:22:19.419466
case_79,Create Purchase Requisition,Christian Francois,2025-09-09 05:21:19.419466,2025-09-09 05:21:19.419466,2025-09-09 05:34:19.419466
case_59,Confirm Purchase Order,Kiu Kan,2025-09-08 10:22:19.419466,2025-09-09 05:50:19.419466,2025-09-09 06:00:19.419466
case_76,Create Request for Quotation Requester,Tesca Lobes,2025-09-09 05:22:19.419466,2025-09-09 06:11:19.419466,2025-09-09 06:19:19.419466
case_69,Create Purchase Order,Francois de Perrier,2025-09-09 05:53:19.419466,2025-09-09 07:06:19.419466,2025-09-09 07:16:19.419466
case_50,Release Purchase Order,Penn Osterwalder,2025-09-09 05:29:19.419466,2025-09-09 07:23:19.419466,2025-09-09 07:23:19.419466
case_76,Analyze Request for Quotation,Karel de Groot,2025-09-09 06:19:19.419466,2025-09-09 07:45:19.419466,2025-09-09 09:20:19.419466
case_80,Create Purchase Requisition,Alberto Duport,2025-09-09 08:31:19.419466,2025-09-09 08:31:19.419466,2025-09-09 08:56:19.419466
case_67,Deliver Goods Services,Kiu Kan,2025-09-07 22:46:19.419466,2025-09-09 08:32:19.419466,2025-09-10 14:09:19.419466
case_64,Release Purchase Order,Esmana Liubiata,2025-09-09 05:26:19.419466,2025-09-09 08:54:19.419466,2025-09-09 08:54:19.419466
case_65,Analyze Quotation comparison Map,Fjodor Kowalski,2025-09-09 07:19:19.419466,2025-09-09 08:59:19.419466,2025-09-09 09:31:19.419466
case_58,Approve Purchase Order for payment,Karel de Groot,2025-09-06 18:55:19.419466,2025-09-09 09:08:19.419466,2025-09-09 09:08:19.419466
case_48,Pay invoice,Karalda Nimwada,2025-09-09 05:04:19.419466,2025-09-09 09:13:19.419466,2025-09-09 09:21:19.419466
case_78,Analyze Purchase Requisition,Maris Freeman,2025-09-09 02:24:19.419466,2025-09-09 10:16:19.419466,2025-09-09 10:23:19.419466
case_46,Release Supplier's Invoice,Karalda Nimwada,2025-09-09 04:59:19.419466,2025-09-09 11:36:19.419466,2025-09-09 11:39:19.419466
case_64,Approve Purchase Order for payment,Karel de Groot,2025-09-09 08:54:19.419466,2025-09-09 13:06:19.419466,2025-09-09 13:06:19.419466
case_46,Settle dispute with supplier Financial Manager,Pedro Alvares,2025-09-09 11:39:19.419466,2025-09-09 13:54:19.419466,2025-09-09 14:12:19.419466
case_69,Confirm Purchase Order,Carmen Finacse,2025-09-09 07:16:19.419466,2025-09-09 14:07:19.419466,2025-09-09 14:19:19.419466
case_80,Analyze Purchase Requisition,Heinz Gutschmidt,2025-09-09 08:56:19.419466,2025-09-09 14:49:19.419466,2025-09-09 14:53:19.419466
case_81,Create Purchase Requisition,Kim Passa,2025-09-09 15:09:19.419466,2025-09-09 15:09:19.419466,2025-09-09 16:01:19.419466
case_72,Send Request for Quotation to Supplier,Francois de Perrier,2025-09-08 18:57:19.419466,2025-09-09 15:45:19.419466,2025-09-09 16:02:19.419466
case_81,Analyze Purchase Requisition,Maris Freeman,2025-09-09 16:01:19.419466,2025-09-09 16:03:19.419466,2025-09-09 16:09:19.419466
case_46,Authorize Supplier's Invoice payment,Pedro Alvares,2025-09-09 14:12:19.419466,2025-09-09 16:06:19.419466,2025-09-09 16:06:19.419466
case_46,Pay invoice,Karalda Nimwada,2025-09-09 16:06:19.419466,2025-09-09 16:24:19.419466,2025-09-09 16:33:19.419466
case_80,Create Request for Quotation Requester,Kim Passa,2025-09-09 14:53:19.419466,2025-09-09 16:54:19.419466,2025-09-09 17:05:19.419466
case_49,Send invoice,Sean Manney,2025-09-06 00:05:19.419466,2025-09-09 17:09:19.419466,2025-09-09 17:09:19.419466
case_79,Analyze Purchase Requisition,Francis Odell,2025-09-09 05:34:19.419466,2025-09-09 17:11:19.419466,2025-09-09 17:16:19.419466
case_66,Confirm Purchase Order,Carmen Finacse,2025-09-08 21:34:19.419466,2025-09-09 17:11:19.419466,2025-09-09 17:21:19.419466
case_65,Choose best option,Anne Olwada,2025-09-09 09:31:19.419466,2025-09-09 18:09:19.419466,2025-09-09 18:09:19.419466
case_62,Send Request for Quotation to Supplier,Francois de Perrier,2025-09-02 10:22:19.419466,2025-09-09 18:40:19.419466,2025-09-09 19:11:19.419466
case_49,Release Supplier's Invoice,Pedro Alvares,2025-09-09 17:09:19.419466,2025-09-09 19:03:19.419466,2025-09-09 19:07:19.419466
case_82,Create Purchase Requisition,Esmana Liubiata,2025-09-09 19:06:19.419466,2025-09-09 19:06:19.419466,2025-09-09 19:37:19.419466
case_79,Create Request for Quotation Requester,Penn Osterwalder,2025-09-09 17:16:19.419466,2025-09-09 19:48:19.419466,2025-09-09 20:03:19.419466
case_68,Release Purchase Order,Alberto Duport,2025-09-09 15:42:19.419466,2025-09-09 20:44:19.419466,2025-09-09 20:44:19.419466
case_78,Create Request for Quotation Requester Manager,Heinz Gutschmidt,2025-09-09 10:23:19.419466,2025-09-09 21:16:19.419466,2025-09-09 21:16:19.419466
case_53,Create Purchase Order,Magdalena Predutta,2025-09-09 12:21:19.419466,2025-09-09 22:11:19.419466,2025-09-09 22:21:19.419466
case_80,Analyze Request for Quotation,Francois de Perrier,2025-09-09 17:05:19.419466,2025-09-09 22:27:19.419466,2025-09-09 22:46:19.419466
case_49,Authorize Supplier's Invoice payment,Karalda Nimwada,2025-09-09 19:07:19.419466,2025-09-10 00:21:19.419466,2025-09-10 00:21:19.419466
case_64,Send invoice,Kiu Kan,2025-09-09 13:06:19.419466,2025-09-10 01:06:19.419466,2025-09-10 01:06:19.419466
case_62,Create Quotation comparison Map,Karel de Groot,2025-09-09 19:11:19.419466,2025-09-10 01:09:19.419466,2025-09-10 06:06:19.419466
case_64,Release Supplier's Invoice,Karalda Nimwada,2025-09-10 01:06:19.419466,2025-09-10 01:52:19.419466,2025-09-10 01:57:19.419466
case_64,Authorize Supplier's Invoice payment,Pedro Alvares,2025-09-10 01:57:19.419466,2025-09-10 01:57:19.419466,2025-09-10 01:57:19.419466
case_82,Create Request for Quotation Requester,Esmana Liubiata,2025-09-09 19:37:19.419466,2025-09-10 02:14:19.419466,2025-09-10 02:28:19.419466
case_64,Pay invoice,Karalda Nimwada,2025-09-10 01:57:19.419466,2025-09-10 02:28:19.419466,2025-09-10 02:34:19.419466
case_49,Pay invoice,Karalda Nimwada,2025-09-10 00:21:19.419466,2025-09-10 02:52:19.419466,2025-09-10 04:05:19.419466
case_81,Create Request for Quotation Requester Manager,Maris Freeman,2025-09-09 16:09:19.419466,2025-09-10 04:00:19.419466,2025-09-10 04:01:19.419466
case_83,Create Purchase Requisition,Fjodor Kowalski,2025-09-10 04:19:19.419466,2025-09-10 04:19:19.419466,2025-09-10 05:08:19.419466
case_83,Create Request for Quotation Requester,Fjodor Kowalski,2025-09-10 05:08:19.419466,2025-09-10 07:10:19.419466,2025-09-10 07:18:19.419466
case_35,Send invoice,Sean Manney,2025-09-03 03:31:19.419466,2025-09-10 08:00:19.419466,2025-09-10 08:00:19.419466
case_69,Deliver Goods Services,Carmen Finacse,2025-09-09 14:19:19.419466,2025-09-10 08:01:19.419466,2025-09-12 08:10:19.419466
case_62,Analyze Quotation comparison Map,Tesca Lobes,2025-09-10 06:06:19.419466,2025-09-10 09:09:19.419466,2025-09-10 09:16:19.419466
case_74,Analyze Request for Quotation,Francois de Perrier,2025-09-08 18:15:19.419466,2025-09-10 13:00:19.419466,2025-09-10 13:24:19.419466
case_55,Create Purchase Order,Karel de Groot,2025-09-08 13:46:19.419466,2025-09-10 14:42:19.419466,2025-09-10 14:46:19.419466
case_62,Choose best option,Esmana Liubiata,2025-09-10 09:16:19.419466,2025-09-10 16:15:19.419466,2025-09-10 16:15:19.419466
case_80,Send Request for Quotation to Supplier,Karel de Groot,2025-09-09 22:46:19.419466,2025-09-10 17:03:19.419466,2025-09-10 17:22:19.419466
case_66,Deliver Goods Services,Karen Clarens,2025-09-09 17:21:19.419466,2025-09-10 17:58:19.419466,2025-09-11 04:49:19.419466
case_68,Approve Purchase Order for payment,Francois de Perrier,2025-09-09 20:44:19.419466,2025-09-10 18:36:19.419466,2025-09-10 18:36:19.419466
case_35,Release Supplier's Invoice,Karalda Nimwada,2025-09-10 08:00:19.419466,2025-09-10 19:54:19.419466,2025-09-10 19:59:19.419466
case_67,Release Purchase Order,Immanuel Karagianni,2025-09-10 14:09:19.419466,2025-09-10 20:15:19.419466,2025-09-10 20:15:19.419466
case_72,Create Quotation comparison Map,Francois de Perrier,2025-09-09 16:02:19.419466,2025-09-10 20:45:19.419466,2025-09-10 23:49:19.419466
case_81,Analyze Request for Quotation,Magdalena Predutta,2025-09-10 04:01:19.419466,2025-09-10 21:38:19.419466,2025-09-10 22:07:19.419466
case_35,Authorize Supplier's Invoice payment,Karalda Nimwada,2025-09-10 19:59:19.419466,2025-09-10 23:40:19.419466,2025-09-10 23:40:19.419466
case_78,Analyze Request for Quotation,Francois de Perrier,2025-09-09 21:16:19.419466,2025-09-11 00:21:19.419466,2025-09-11 01:00:19.419466
case_65,Settle conditions with supplier,Karel de Groot,2025-09-09 18:09:19.419466,2025-09-11 02:38:19.419466,2025-09-11 10:05:19.419466
case_62,Settle conditions with supplier,Magdalena Predutta,2025-09-10 16:15:19.419466,2025-09-11 03:04:19.419466,2025-09-11 11:21:19.419466
case_50,Approve Purchase Order for payment,Francois de Perrier,2025-09-09 07:23:19.419466,2025-09-11 03:08:19.419466,2025-09-11 03:08:19.419466
case_72,Analyze Quotation comparison Map,Christian Francois,2025-09-10 23:49:19.419466,2025-09-11 03:08:19.419466,2025-09-11 03:35:19.419466
case_72,Choose best option,Penn Osterwalder,2025-09-11 03:35:19.419466,2025-09-11 03:46:19.419466,2025-09-11 03:46:19.419466
case_72,Settle conditions with supplier,Francois de Perrier,2025-09-11 03:46:19.419466,2025-09-11 05:11:19.419466,2025-09-11 12:28:19.419466
case_35,Pay invoice,Karalda Nimwada,2025-09-10 23:40:19.419466,2025-09-11 05:43:19.419466,2025-09-11 05:51:19.419466
case_56,Send Request for Quotation to Supplier,Francois de Perrier,2025-09-07 15:11:19.419466,2025-09-11 06:27:19.419466,2025-09-11 06:56:19.419466
case_66,Release Purchase Order,Miu Hanwan,2025-09-11 04:49:19.419466,2025-09-11 06:47:19.419466,2025-09-11 06:47:19.419466
case_81,Amend Request for Quotation Requester,Alberto Duport,2025-09-10 22:07:19.419466,2025-09-11 07:21:19.419466,2025-09-11 07:30:19.419466
case_75,Analyze Request for Quotation,Magdalena Predutta,2025-09-08 03:05:19.419466,2025-09-11 07:44:19.419466,2025-09-11 08:08:19.419466
case_74,Send Request for Quotation to Supplier,Francois de Perrier,2025-09-10 13:24:19.419466,2025-09-11 08:06:19.419466,2025-09-11 08:29:19.419466
case_78,Send Request for Quotation to Supplier,Karel de Groot,2025-09-11 01:00:19.419466,2025-09-11 11:44:19.419466,2025-09-11 13:12:19.419466
case_67,Approve Purchase Order for payment,Francois de Perrier,2025-09-10 20:15:19.419466,2025-09-11 12:03:19.419466,2025-09-11 12:03:19.419466
case_66,Approve Purchase Order for payment,Francois de Perrier,2025-09-11 06:47:19.419466,2025-09-11 12:49:19.419466,2025-09-11 12:49:19.419466
case_53,Confirm Purchase Order,Carmen Finacse,2025-09-09 22:21:19.419466,2025-09-11 13:28:19.419466,2025-09-11 13:49:19.419466
case_84,Create Purchase Requisition,Christian Francois,2025-09-11 13:40:19.419466,2025-09-11 13:40:19.419466,2025-09-11 13:47:19.419466
case_85,Create Purchase Requisition,Tesca Lobes,2025-09-11 14:35:19.419466,2025-09-11 14:35:19.419466,2025-09-11 15:10:19.419466
case_59,Deliver Goods Services,Esmeralda Clay,2025-09-09 06:00:19.419466,2025-09-11 14:49:19.419466,2025-09-13 13:04:19.419466
case_62,Create Purchase Order,Karel de Groot,2025-09-11 11:21:19.419466,2025-09-11 14:54:19.419466,2025-09-11 15:00:19.419466
case_84,Create Request for Quotation Requester Manager,Heinz Gutschmidt,2025-09-11 13:47:19.419466,2025-09-11 15:07:19.419466,2025-09-11 15:08:19.419466
case_75,Amend Request for Quotation Requester Manager,Heinz Gutschmidt,2025-09-11 08:08:19.419466,2025-09-11 15:40:19.419466,2025-09-11 15:58:19.419466
case_79,Analyze Request for Quotation,Francois de Perrier,2025-09-09 20:03:19.419466,2025-09-11 16:03:19.419466,2025-09-11 16:22:19.419466
case_72,Create Purchase Order,Magdalena Predutta,2025-09-11 12:28:19.419466,2025-09-11 17:54:19.419466,2025-09-11 20:03:19.419466
case_75,Analyze Request for Quotation,Karel de Groot,2025-09-11 15:58:19.419466,2025-09-11 18:16:19.419466,2025-09-11 18:47:19.419466
case_82,Analyze Request for Quotation,Karel de Groot,2025-09-10 02:28:19.419466,2025-09-11 18:31:19.419466,2025-09-11 18:49:19.419466
case_85,Analyze Purchase Requisition,Francis Odell,2025-09-11 15:10:19.419466,2025-09-11 18:41:19.419466,2025-09-11 18:53:19.419466
case_86,Create Purchase Requisition,Esmana Liubiata,2025-09-11 20:15:19.419466,2025-09-11 20:15:19.419466,2025-09-11 23:45:19.419466
case_80,Create Quotation comparison Map,Francois de Perrier,2025-09-10 17:22:19.419466,2025-09-11 20:23:19.419466,2025-09-12 00:56:19.419466
case_79,Send Request for Quotation to Supplier,Magdalena Predutta,2025-09-11 16:22:19.419466,2025-09-11 21:23:19.419466,2025-09-11 21:49:19.419466
case_79,Create Quotation comparison Map,Karel de Groot,2025-09-11 21:49:19.419466,2025-09-11 22:33:19.419466,2025-09-12 00:00:19.419466
case_81,Analyze Request for Quotation,Karel de Groot,2025-09-11 07:30:19.419466,2025-09-11 23:19:19.419466,2025-09-11 23:47:19.419466
case_86,Create Request for Quotation Requester,Esmana Liubiata,2025-09-11 23:45:19.419466,2025-09-11 23:54:19.419466,2025-09-12 01:04:19.419466
case_85,Create Request for Quotation Requester Manager,Heinz Gutschmidt,2025-09-11 18:53:19.419466,2025-09-12 00:28:19.419466,2025-09-12 00:29:19.419466
case_68,Send invoice,Kiu Kan,2025-09-10 18:36:19.419466,2025-09-12 00:45:19.419466,2025-09-12 00:45:19.419466
case_55,Confirm Purchase Order,Kiu Kan,2025-09-10 14:46:19.419466,2025-09-12 01:51:19.419466,2025-09-12 02:12:19.419466
case_79,Analyze Quotation comparison Map,Christian Francois,2025-09-12 00:00:19.419466,2025-09-12 01:54:19.419466,2025-09-12 02:09:19.419466
case_67,Send invoice,Carmen Finacse,2025-09-11 12:03:19.419466,2025-09-12 02:12:19.419466,2025-09-12 02:12:19.419466
case_67,Release Supplier's Invoice,Pedro Alvares,2025-09-12 02:12:19.419466,2025-09-12 02:12:19.419466,2025-09-12 02:13:19.419466
case_68,Release Supplier's Invoice,Pedro Alvares,2025-09-12 00:45:19.419466,2025-09-12 02:39:19.419466,2025-09-12 02:45:19.419466
case_80,Analyze Quotation comparison Map,Christian Francois,2025-09-12 00:56:19.419466,2025-09-12 02:47:19.419466,2025-09-12 02:53:19.419466
case_77,Analyze Request for Quotation,Francois de Perrier,2025-09-08 17:14:19.419466,2025-09-12 02:50:19.419466,2025-09-12 03:20:19.419466
case_72,Confirm Purchase Order,Karen Clarens,2025-09-11 20:03:19.419466,2025-09-12 03:01:19.419466,2025-09-12 03:18:19.419466
case_80,Choose best option,Tesca Lobes,2025-09-12 02:53:19.419466,2025-09-12 03:19:19.419466,2025-09-12 03:19:19.419466
case_75,Amend Request for Quotation Requester Manager,Heinz Gutschmidt,2025-09-11 18:47:19.419466,2025-09-12 03:19:19.419466,2025-09-12 03:24:19.419466
case_79,Choose best option,Tesca Lobes,2025-09-12 02:09:19.419466,2025-09-12 03:49:19.419466,2025-09-12 03:49:19.419466
case_86,Analyze Request for Quotation,Magdalena Predutta,2025-09-12 01:04:19.419466,2025-09-12 04:02:19.419466,2025-09-12 04:32:19.419466
case_67,Authorize Supplier's Invoice payment,Pedro Alvares,2025-09-12 02:13:19.419466,2025-09-12 04:07:19.419466,2025-09-12 04:07:19.419466
case_80,Settle conditions with supplier,Karel de Groot,2025-09-12 03:19:19.419466,2025-09-12 04:15:19.419466,2025-09-12 08:22:19.419466
case_81,Amend Request for Quotation Requester,Fjodor Kowalski,2025-09-11 23:47:19.419466,2025-09-12 04:25:19.419466,2025-09-12 04:37:19.419466
case_72,Deliver Goods Services,Sean Manney,2025-09-12 03:18:19.419466,2025-09-12 04:52:19.419466,2025-09-13 07:32:19.419466
case_75,Analyze Request for Quotation,Francois de Perrier,2025-09-12 03:24:19.419466,2025-09-12 06:16:19.419466,2025-09-12 06:31:19.419466
case_67,Pay invoice,Pedro Alvares,2025-09-12 04:07:19.419466,2025-09-12 08:01:19.419466,2025-09-12 08:11:19.419466
case_78,Create Quotation comparison Map,Karel de Groot,2025-09-11 13:12:19.419466,2025-09-12 08:12:19.419466,2025-09-12 15:01:19.419466
case_68,Authorize Supplier's Invoice payment,Karalda Nimwada,2025-09-12 02:45:19.419466,2025-09-12 08:54:19.419466,2025-09-12 08:54:19.419466
case_74,Create Quotation comparison Map,Magdalena Predutta,2025-09-11 08:29:19.419466,2025-09-12 09:19:19.419466,2025-09-12 10:56:19.419466
case_80,Create Purchase Order,Karel de Groot,2025-09-12 08:22:19.419466,2025-09-12 09:29:19.419466,2025-09-12 09:37:19.419466
case_77,Amend Request for Quotation Requester,Anne Olwada,2025-09-12 03:20:19.419466,2025-09-12 11:00:19.419466,2025-09-12 14:17:19.419466
case_74,Analyze Quotation comparison Map,Miu Hanwan,2025-09-12 10:56:19.419466,2025-09-12 11:17:19.419466,2025-09-12 11:36:19.419466
case_75,Amend Request for Quotation Requester,Penn Osterwalder,2025-09-12 06:31:19.419466,2025-09-12 12:20:19.419466,2025-09-12 12:25:19.419466
case_87,Create Purchase Requisition,Alberto Duport,2025-09-12 12:33:19.419466,2025-09-12 12:33:19.419466,2025-09-12 14:33:19.419466
case_62,Confirm Purchase Order,Kiu Kan,2025-09-11 15:00:19.419466,2025-09-12 12:42:19.419466,2025-09-12 12:52:19.419466
case_68,Pay invoice,Karalda Nimwada,2025-09-12 08:54:19.419466,2025-09-12 12:57:19.419466,2025-09-12 12:59:19.419466
case_74,Choose best option,Penn Osterwalder,2025-09-12 11:36:19.419466,2025-09-12 13:48:19.419466,2025-09-12 13:48:19.419466
case_69,Release Purchase Order,Alberto Duport,2025-09-12 08:10:19.419466,2025-09-12 14:21:19.419466,2025-09-12 14:21:19.419466
case_65,Create Purchase Order,Karel de Groot,2025-09-11 10:05:19.419466,2025-09-12 15:57:19.419466,2025-09-12 16:06:19.419466
case_78,Analyze Quotation comparison Map,Esmana Liubiata,2025-09-12 15:01:19.419466,2025-09-12 16:11:19.419466,2025-09-12 16:30:19.419466
case_75,Analyze Request for Quotation,Karel de Groot,2025-09-12 12:25:19.419466,2025-09-12 16:48:19.419466,2025-09-12 18:23:19.419466
case_84,Analyze Request for Quotation,Magdalena Predutta,2025-09-11 15:08:19.419466,2025-09-12 17:04:19.419466,2025-09-12 17:20:19.419466
case_87,Analyze Purchase Requisition,Heinz Gutschmidt,2025-09-12 14:33:19.419466,2025-09-12 17:11:19.419466,2025-09-12 17:14:19.419466
case_78,Choose best option,Nico Ojenbeer,2025-09-12 16:30:19.419466,2025-09-12 17:16:19.419466,2025-09-12 17:16:19.419466
case_62,Deliver Goods Services,Karen Clarens,2025-09-12 12:52:19.419466,2025-09-12 17:34:19.419466,2025-09-13 22:28:19.419466
case_84,Amend Request for Quotation Requester,Esmana Liubiata,2025-09-12 17:20:19.419466,2025-09-12 17:56:19.419466,2025-09-12 19:08:19.419466
case_87,Create Request for Quotation Requester,Esmana Liubiata,2025-09-12 17:14:19.419466,2025-09-12 19:36:19.419466,2025-09-12 19:42:19.419466
case_85,Analyze Request for Quotation,Magdalena Predutta,2025-09-12 00:29:19.419466,2025-09-12 19:40:19.419466,2025-09-12 19:49:19.419466
case_77,Analyze Request for Quotation,Karel de Groot,2025-09-12 14:17:19.419466,2025-09-12 21:15:19.419466,2025-09-12 21:43:19.419466
case_85,Amend Request for Quotation Requester,Esmana Liubiata,2025-09-12 19:49:19.419466,2025-09-12 21:54:19.419466,2025-09-13 02:09:19.419466
case_55,Deliver Goods Services,Esmeralda Clay,2025-09-12 02:12:19.419466,2025-09-12 22:11:19.419466,2025-09-13 20:34:19.419466
case_78,Settle conditions with supplier,Magdalena Predutta,2025-09-12 17:16:19.419466,2025-09-12 22:14:19.419466,2025-09-13 03:17:19.419466
case_56,Create Quotation comparison Map,Karel de Groot,2025-09-11 06:56:19.419466,2025-09-12 22:18:19.419466,2025-09-12 22:24:19.419466
case_88,Create Purchase Requisition,Alberto Duport,2025-09-12 22:32:19.419466,2025-09-12 22:32:19.419466,2025-09-12 23:21:19.419466
case_74,Settle conditions with supplier,Magdalena Predutta,2025-09-12 13:48:19.419466,2025-09-12 22:46:19.419466,2025-09-13 06:58:19.419466
case_53,Deliver Goods Services,Sean Manney,2025-09-11 13:49:19.419466,2025-09-13 01:25:19.419466,2025-09-14 08:55:19.419466
case_58,Send invoice,Carmen Finacse,2025-09-09 09:08:19.419466,2025-09-13 01:45:19.419466,2025-09-13 01:45:19.419466
case_65,Confirm Purchase Order,Karen Clarens,2025-09-12 16:06:19.419466,2025-09-13 03:04:19.419466,2025-09-13 03:19:19.419466
case_77,Send Request for Quotation to Supplier,Karel de Groot,2025-09-12 21:43:19.419466,2025-09-13 03:06:19.419466,2025-09-13 03:25:19.419466
case_78,Create Purchase Order,Francois de Perrier,2025-09-13 03:17:19.419466,2025-09-13 03:53:19.419466,2025-09-13 04:04:19.419466
case_56,Analyze Quotation comparison Map,Kim Passa,2025-09-12 22:24:19.419466,2025-09-13 03:58:19.419466,2025-09-13 05:19:19.419466
case_77,Create Quotation comparison Map,Karel de Groot,2025-09-13 03:25:19.419466,2025-09-13 04:12:19.419466,2025-09-13 06:27:19.419466
case_89,Create Purchase Requisition,Esmana Liubiata,2025-09-13 04:20:19.419466,2025-09-13 04:20:19.419466,2025-09-13 07:01:19.419466
case_56,Choose best option,Penn Osterwalder,2025-09-13 05:19:19.419466,2025-09-13 07:08:19.419466,2025-09-13 07:08:19.419466
case_74,Create Purchase Order,Karel de Groot,2025-09-13 06:58:19.419466,2025-09-13 07:45:19.419466,2025-09-13 07:54:19.419466
case_58,Release Supplier's Invoice,Karalda Nimwada,2025-09-13 01:45:19.419466,2025-09-13 08:12:19.419466,2025-09-13 08:15:19.419466
case_58,Authorize Supplier's Invoice payment,Pedro Alvares,2025-09-13 08:15:19.419466,2025-09-13 08:15:19.419466,2025-09-13 08:15:19.419466
case_90,Create Purchase Requisition,Nico Ojenbeer,2025-09-13 09:28:19.419466,2025-09-13 09:28:19.419466,2025-09-13 10:01:19.419466
case_77,Analyze Quotation comparison Map,Fjodor Kowalski,2025-09-13 06:27:19.419466,2025-09-13 10:07:19.419466,2025-09-13 10:29:19.419466
case_77,Choose best option,Miu Hanwan,2025-09-13 10:29:19.419466,2025-09-13 10:35:19.419466,2025-09-13 10:35:19.419466
case_83,Analyze Request for Quotation,Magdalena Predutta,2025-09-10 07:18:19.419466,2025-09-13 10:38:19.419466,2025-09-13 11:08:19.419466
case_72,Release Purchase Order,Anne Olwada,2025-09-13 07:32:19.419466,2025-09-13 10:45:19.419466,2025-09-13 10:45:19.419466
case_91,Create Purchase Requisition,Christian Francois,2025-09-13 11:00:19.419466,2025-09-13 11:00:19.419466,2025-09-13 11:30:19.419466
case_85,Analyze Request for Quotation,Magdalena Predutta,2025-09-13 02:09:19.419466,2025-09-13 11:07:19.419466,2025-09-13 11:32:19.419466
case_83,Amend Request for Quotation Requester,Immanuel Karagianni,2025-09-13 11:08:19.419466,2025-09-13 11:57:19.419466,2025-09-13 14:02:19.419466
case_90,Create Request for Quotation Requester,Christian Francois,2025-09-13 10:01:19.419466,2025-09-13 12:07:19.419466,2025-09-13 12:16:19.419466
case_77,Settle conditions with supplier,Francois de Perrier,2025-09-13 10:35:19.419466,2025-09-13 12:31:19.419466,2025-09-13 20:45:19.419466
case_89,Analyze Purchase Requisition,Heinz Gutschmidt,2025-09-13 07:01:19.419466,2025-09-13 13:00:19.419466,2025-09-13 13:00:19.419466
case_81,Analyze Request for Quotation,Magdalena Predutta,2025-09-12 04:37:19.419466,2025-09-13 13:46:19.419466,2025-09-13 15:19:19.419466
case_84,Analyze Request for Quotation,Francois de Perrier,2025-09-12 19:08:19.419466,2025-09-13 13:56:19.419466,2025-09-13 15:22:19.419466
case_58,Pay invoice,Karalda Nimwada,2025-09-13 08:15:19.419466,2025-09-13 13:59:19.419466,2025-09-13 14:08:19.419466
case_88,Analyze Purchase Requisition,Heinz Gutschmidt,2025-09-12 23:21:19.419466,2025-09-13 14:33:19.419466,2025-09-13 14:40:19.419466
case_69,Approve Purchase Order for payment,Magdalena Predutta,2025-09-12 14:21:19.419466,2025-09-13 15:17:19.419466,2025-09-13 15:17:19.419466
case_91,Create Request for Quotation Requester Manager,Francis Odell,2025-09-13 11:30:19.419466,2025-09-13 15:59:19.419466,2025-09-13 17:02:19.419466
case_88,Create Request for Quotation Requester,Fjodor Kowalski,2025-09-13 14:40:19.419466,2025-09-13 16:15:19.419466,2025-09-13 16:30:19.419466
case_81,Send Request for Quotation to Supplier,Magdalena Predutta,2025-09-13 15:19:19.419466,2025-09-13 17:49:19.419466,2025-09-13 18:09:19.419466
case_59,Release Purchase Order,Penn Osterwalder,2025-09-13 13:04:19.419466,2025-09-13 18:12:19.419466,2025-09-13 18:12:19.419466
case_72,Approve Purchase Order for payment,Magdalena Predutta,2025-09-13 10:45:19.419466,2025-09-13 18:22:19.419466,2025-09-13 18:22:19.419466
case_90,Analyze Request for Quotation,Francois de Perrier,2025-09-13 12:16:19.419466,2025-09-13 21:01:19.419466,2025-09-13 21:21:19.419466
case_81,Create Quotation comparison Map,Francois de Perrier,2025-09-13 18:09:19.419466,2025-09-13 23:31:19.419466,2025-09-14 01:16:19.419466
case_90,Amend Request for Quotation Requester,Tesca Lobes,2025-09-13 21:21:19.419466,2025-09-14 00:40:19.419466,2025-09-14 00:50:19.419466
case_62,Release Purchase Order,Fjodor Kowalski,2025-09-13 22:28:19.419466,2025-09-14 01:24:19.419466,2025-09-14 01:24:19.419466
case_55,Release Purchase Order,Nico Ojenbeer,2025-09-13 20:34:19.419466,2025-09-14 01:42:19.419466,2025-09-14 01:42:19.419466
case_72,Send invoice,Esmeralda Clay,2025-09-13 18:22:19.419466,2025-09-14 01:57:19.419466,2025-09-14 01:57:19.419466
case_72,Release Supplier's Invoice,Karalda Nimwada,2025-09-14 01:57:19.419466,2025-09-14 02:08:19.419466,2025-09-14 02:11:19.419466
case_72,Authorize Supplier's Invoice payment,Pedro Alvares,2025-09-14 02:11:19.419466,2025-09-14 02:11:19.419466,2025-09-14 02:11:19.419466
case_72,Pay invoice,Karalda Nimwada,2025-09-14 02:11:19.419466,2025-09-14 02:29:19.419466,2025-09-14 02:41:19.419466
case_89,Create Request for Quotation Requester Manager,Francis Odell,2025-09-13 13:00:19.419466,2025-09-14 03:37:19.419466,2025-09-14 03:40:19.419466
case_81,Analyze Quotation comparison Map,Miu Hanwan,2025-09-14 01:16:19.419466,2025-09-14 06:56:19.419466,2025-09-14 07:15:19.419466
case_81,Choose best option,Esmana Liubiata,2025-09-14 07:15:19.419466,2025-09-14 08:17:19.419466,2025-09-14 08:17:19.419466
case_92,Create Purchase Requisition,Nico Ojenbeer,2025-09-14 08:42:19.419466,2025-09-14 08:42:19.419466,2025-09-14 09:37:19.419466
case_91,Analyze Request for Quotation,Magdalena Predutta,2025-09-13 17:02:19.419466,2025-09-14 09:23:19.419466,2025-09-14 09:37:19.419466
case_91,Amend Request for Quotation Requester,Miu Hanwan,2025-09-14 09:37:19.419466,2025-09-14 10:40:19.419466,2025-09-14 10:42:19.419466
case_83,Analyze Request for Quotation,Francois de Perrier,2025-09-13 14:02:19.419466,2025-09-14 10:48:19.419466,2025-09-14 11:04:19.419466
case_89,Analyze Request for Quotation,Magdalena Predutta,2025-09-14 03:40:19.419466,2025-09-14 11:30:19.419466,2025-09-14 13:04:19.419466
case_53,Release Purchase Order,Immanuel Karagianni,2025-09-14 08:55:19.419466,2025-09-14 13:09:19.419466,2025-09-14 13:09:19.419466
case_87,Analyze Request for Quotation,Magdalena Predutta,2025-09-12 19:42:19.419466,2025-09-14 14:29:19.419466,2025-09-14 14:40:19.419466
case_89,Amend Request for Quotation Requester,Christian Francois,2025-09-14 13:04:19.419466,2025-09-14 15:02:19.419466,2025-09-14 15:19:19.419466
case_93,Create Purchase Requisition,Penn Osterwalder,2025-09-14 19:55:19.419466,2025-09-14 19:55:19.419466,2025-09-14 20:16:19.419466
case_94,Create Purchase Requisition,Christian Francois,2025-09-14 20:58:19.419466,2025-09-14 20:58:19.419466,2025-09-14 21:35:19.419466
case_95,Create Purchase Requisition,Esmana Liubiata,2025-09-14 21:05:19.419466,2025-09-14 21:05:19.419466,2025-09-14 23:35:19.419466
case_91,Analyze Request for Quotation,Magdalena Predutta,2025-09-14 10:42:19.419466,2025-09-14 21:43:19.419466,2025-09-14 22:15:19.419466
case_93,Create Request for Quotation Requester Manager,Maris Freeman,2025-09-14 20:16:19.419466,2025-09-14 21:58:19.419466,2025-09-14 22:00:19.419466
case_96,Create Purchase Requisition,Kim Passa,2025-09-14 22:00:19.419466,2025-09-14 22:00:19.419466,2025-09-14 23:30:19.419466
case_94,Analyze Purchase Requisition,Francis Odell,2025-09-14 21:35:19.419466,2025-09-14 22:11:19.419466,2025-09-14 22:16:19.419466
case_89,Analyze Request for Quotation,Francois de Perrier,2025-09-14 15:19:19.419466,2025-09-14 22:30:19.419466,2025-09-14 22:41:19.419466
case_97,Create Purchase Requisition,Alberto Duport,2025-09-14 22:51:19.419466,2025-09-14 22:51:19.419466,2025-09-14 23:36:19.419466
case_69,Send invoice,Sean Manney,2025-09-13 15:17:19.419466,2025-09-14 23:11:19.419466,2025-09-14 23:11:19.419466
case_92,Analyze Purchase Requisition,Francis Odell,2025-09-14 09:37:19.419466,2025-09-14 23:27:19.419466,2025-09-14 23:31:19.419466
case_94,Create Request for Quotation Requester,Christian Francois,2025-09-14 22:16:19.419466,2025-09-14 23:50:19.419466,2025-09-15 00:03:19.419466
case_96,Create Request for Quotation Requester,Christian Francois,2025-09-14 23:30:19.419466,2025-09-15 00:42:19.419466,2025-09-15 00:52:19.419466
case_92,Create Request for Quotation Requester,Miu Hanwan,2025-09-14 23:31:19.419466,2025-09-15 00:42:19.419466,2025-09-15 00:53:19.419466
case_65,Deliver Goods Services,Esmeralda Clay,2025-09-13 03:19:19.419466,2025-09-15 00:58:19.419466,2025-09-16 12:59:19.419466
case_95,Analyze Purchase Requisition,Francis Odell,2025-09-14 23:35:19.419466,2025-09-15 00:59:19.419466,2025-09-15 01:03:19.419466
case_97,Analyze Purchase Requisition,Francis Odell,2025-09-14 23:36:19.419466,2025-09-15 01:07:19.419466,2025-09-15 01:12:19.419466
case_89,Amend Request for Quotation Requester,Alberto Duport,2025-09-14 22:41:19.419466,2025-09-15 01:48:19.419466,2025-09-15 02:00:19.419466
case_69,Release Supplier's Invoice,Karalda Nimwada,2025-09-14 23:11:19.419466,2025-09-15 01:54:19.419466,2025-09-15 01:59:19.419466
case_69,Authorize Supplier's Invoice payment,Pedro Alvares,2025-09-15 01:59:19.419466,2025-09-15 01:59:19.419466,2025-09-15 01:59:19.419466
case_66,Send invoice,Kiu Kan,2025-09-11 12:49:19.419466,2025-09-15 02:15:19.419466,2025-09-15 02:15:19.419466
case_66,Release Supplier's Invoice,Pedro Alvares,2025-09-15 02:15:19.419466,2025-09-15 02:15:19.419466,2025-09-15 02:21:19.419466
case_56,Settle conditions with supplier,Magdalena Predutta,2025-09-13 07:08:19.419466,2025-09-15 02:55:19.419466,2025-09-15 07:58:19.419466
case_96,Analyze Request for Quotation,Magdalena Predutta,2025-09-15 00:52:19.419466,2025-09-15 03:09:19.419466,2025-09-15 03:38:19.419466
case_97,Create Request for Quotation Requester,Penn Osterwalder,2025-09-15 01:12:19.419466,2025-09-15 03:43:19.419466,2025-09-15 03:56:19.419466
case_87,Send Request for Quotation to Supplier,Francois de Perrier,2025-09-14 14:40:19.419466,2025-09-15 03:51:19.419466,2025-09-15 04:16:19.419466
case_50,Send invoice,Carmen Finacse,2025-09-11 03:08:19.419466,2025-09-15 04:59:19.419466,2025-09-15 04:59:19.419466
case_93,Analyze Request for Quotation,Magdalena Predutta,2025-09-14 22:00:19.419466,2025-09-15 05:58:19.419466,2025-09-15 06:09:19.419466
case_66,Settle dispute with supplier Financial Manager,Pedro Alvares,2025-09-15 02:21:19.419466,2025-09-15 06:15:19.419466,2025-09-15 06:28:19.419466
case_94,Analyze Request for Quotation,Magdalena Predutta,2025-09-15 00:03:19.419466,2025-09-15 06:36:19.419466,2025-09-15 06:50:19.419466
case_93,Amend Request for Quotation Requester,Anne Olwada,2025-09-15 06:09:19.419466,2025-09-15 07:16:19.419466,2025-09-15 07:31:19.419466
case_50,Release Supplier's Invoice,Karalda Nimwada,2025-09-15 04:59:19.419466,2025-09-15 08:58:19.419466,2025-09-15 09:02:19.419466
case_50,Authorize Supplier's Invoice payment,Pedro Alvares,2025-09-15 09:02:19.419466,2025-09-15 09:02:19.419466,2025-09-15 09:02:19.419466
case_94,Amend Request for Quotation Requester,Christian Francois,2025-09-15 06:50:19.419466,2025-09-15 09:02:19.419466,2025-09-15 09:11:19.419466
case_96,Send Request for Quotation to Supplier,Francois de Perrier,2025-09-15 03:38:19.419466,2025-09-15 09:10:19.419466,2025-09-15 09:33:19.419466
case_69,Pay invoice,Karalda Nimwada,2025-09-15 01:59:19.419466,2025-09-15 10:13:19.419466,2025-09-15 10:24:19.419466
case_50,Pay invoice,Pedro Alvares,2025-09-15 09:02:19.419466,2025-09-15 10:56:19.419466,2025-09-15 11:06:19.419466
case_66,Authorize Supplier's Invoice payment,Karalda Nimwada,2025-09-15 06:28:19.419466,2025-09-15 11:06:19.419466,2025-09-15 11:06:19.419466
case_66,Pay invoice,Pedro Alvares,2025-09-15 11:06:19.419466,2025-09-15 11:06:19.419466,2025-09-15 11:15:19.419466
case_88,Analyze Request for Quotation,Magdalena Predutta,2025-09-13 16:30:19.419466,2025-09-15 11:17:19.419466,2025-09-15 11:37:19.419466
case_62,Settle dispute with supplier Purchasing Agent,Francois de Perrier,2025-09-14 01:24:19.419466,2025-09-15 11:24:19.419466,2025-09-15 19:34:19.419466
case_53,Approve Purchase Order for payment,Magdalena Predutta,2025-09-14 13:09:19.419466,2025-09-15 13:06:19.419466,2025-09-15 13:06:19.419466
case_96,Create Quotation comparison Map,Francois de Perrier,2025-09-15 09:33:19.419466,2025-09-15 13:30:19.419466,2025-09-15 16:48:19.419466
case_95,Create Request for Quotation Requester Manager,Maris Freeman,2025-09-15 01:03:19.419466,2025-09-15 14:30:19.419466,2025-09-15 14:32:19.419466
case_74,Confirm Purchase Order,Carmen Finacse,2025-09-13 07:54:19.419466,2025-09-15 15:56:19.419466,2025-09-15 16:13:19.419466
case_88,Amend Request for Quotation Requester,Miu Hanwan,2025-09-15 11:37:19.419466,2025-09-15 16:15:19.419466,2025-09-15 16:34:19.419466
case_93,Analyze Request for Quotation,Magdalena Predutta,2025-09-15 07:31:19.419466,2025-09-15 16:21:19.419466,2025-09-15 16:40:19.419466
case_87,Create Quotation comparison Map,Francois de Perrier,2025-09-15 04:16:19.419466,2025-09-15 18:07:19.419466,2025-09-15 20:08:19.419466
case_96,Analyze Quotation comparison Map,Fjodor Kowalski,2025-09-15 16:48:19.419466,2025-09-15 18:33:19.419466,2025-09-15 19:00:19.419466
case_98,Create Purchase Requisition,Anne Olwada,2025-09-15 19:09:19.419466,2025-09-15 19:09:19.419466,2025-09-15 20:06:19.419466
case_94,Analyze Request for Quotation,Magdalena Predutta,2025-09-15 09:11:19.419466,2025-09-15 19:35:19.419466,2025-09-15 20:05:19.419466
case_62,Release Purchase Order,Christian Francois,2025-09-15 19:34:19.419466,2025-09-15 20:16:19.419466,2025-09-15 20:16:19.419466
case_87,Analyze Quotation comparison Map,Penn Osterwalder,2025-09-15 20:08:19.419466,2025-09-15 20:46:19.419466,2025-09-15 21:12:19.419466
case_95,Analyze Request for Quotation,Francois de Perrier,2025-09-15 14:32:19.419466,2025-09-15 21:47:19.419466,2025-09-15 22:11:19.419466
case_55,Approve Purchase Order for payment,Magdalena Predutta,2025-09-14 01:42:19.419466,2025-09-15 21:48:19.419466,2025-09-15 21:48:19.419466
case_96,Choose best option,Penn Osterwalder,2025-09-15 19:00:19.419466,2025-09-15 21:57:19.419466,2025-09-15 21:57:19.419466
case_87,Choose best option,Anne Olwada,2025-09-15 21:12:19.419466,2025-09-15 22:02:19.419466,2025-09-15 22:02:19.419466
case_83,Send Request for Quotation to Supplier,Magdalena Predutta,2025-09-14 11:04:19.419466,2025-09-15 22:05:19.419466,2025-09-15 22:36:19.419466
case_99,Create Purchase Requisition,Tesca Lobes,2025-09-15 23:37:19.419466,2025-09-15 23:37:19.419466,2025-09-16 00:19:19.419466
case_94,Amend Request for Quotation Requester,Esmana Liubiata,2025-09-15 20:05:19.419466,2025-09-15 23:39:19.419466,2025-09-15 23:41:19.419466
case_100,Create Purchase Requisition,Nico Ojenbeer,2025-09-15 23:48:19.419466,2025-09-15 23:48:19.419466,2025-09-15 23:58:19.419466
case_53,Send invoice,Kiu Kan,2025-09-15 13:06:19.419466,2025-09-16 00:24:19.419466,2025-09-16 00:24:19.419466
case_53,Release Supplier's Invoice,Pedro Alvares,2025-09-16 00:24:19.419466,2025-09-16 00:24:19.419466,2025-09-16 00:25:19.419466
case_53,Authorize Supplier's Invoice payment,Pedro Alvares,2025-09-16 00:25:19.419466,2025-09-16 00:25:19.419466,2025-09-16 00:25:19.419466
case_92,Analyze Request for Quotation,Magdalena Predutta,2025-09-15 00:53:19.419466,2025-09-16 00:43:19.419466,2025-09-16 01:04:19.419466
case_95,Amend Request for Quotation Requester,Fjodor Kowalski,2025-09-15 22:11:19.419466,2025-09-16 01:37:19.419466,2025-09-16 01:44:19.419466
case_92,Amend Request for Quotation Requester,Christian Francois,2025-09-16 01:04:19.419466,2025-09-16 02:51:19.419466,2025-09-16 02:57:19.419466
case_100,Create Request for Quotation Requester,Alberto Duport,2025-09-15 23:58:19.419466,2025-09-16 03:12:19.419466,2025-09-16 03:21:19.419466
case_53,Pay invoice,Karalda Nimwada,2025-09-16 00:25:19.419466,2025-09-16 03:24:19.419466,2025-09-16 03:28:19.419466
case_92,Analyze Request for Quotation,Magdalena Predutta,2025-09-16 02:57:19.419466,2025-09-16 03:56:19.419466,2025-09-16 04:38:19.419466
case_92,Amend Request for Quotation Requester,Miu Hanwan,2025-09-16 04:38:19.419466,2025-09-16 04:56:19.419466,2025-09-16 05:02:19.419466
case_99,Analyze Purchase Requisition,Francis Odell,2025-09-16 00:19:19.419466,2025-09-16 05:21:19.419466,2025-09-16 05:31:19.419466
case_95,Analyze Request for Quotation,Magdalena Predutta,2025-09-16 01:44:19.419466,2025-09-16 05:38:19.419466,2025-09-16 05:58:19.419466
case_94,Analyze Request for Quotation,Francois de Perrier,2025-09-15 23:41:19.419466,2025-09-16 06:29:19.419466,2025-09-16 06:54:19.419466
case_62,Approve Purchase Order for payment,Karel de Groot,2025-09-15 20:16:19.419466,2025-09-16 06:51:19.419466,2025-09-16 06:51:19.419466
case_98,Analyze Purchase Requisition,Maris Freeman,2025-09-15 20:06:19.419466,2025-09-16 07:01:19.419466,2025-09-16 07:03:19.419466
case_91,Send Request for Quotation to Supplier,Francois de Perrier,2025-09-14 22:15:19.419466,2025-09-16 07:15:19.419466,2025-09-16 07:24:19.419466
case_99,Create Request for Quotation Requester Manager,Maris Freeman,2025-09-16 05:31:19.419466,2025-09-16 08:15:19.419466,2025-09-16 08:16:19.419466
case_83,Create Quotation comparison Map,Magdalena Predutta,2025-09-15 22:36:19.419466,2025-09-16 09:22:19.419466,2025-09-16 12:10:19.419466
case_95,Send Request for Quotation to Supplier,Magdalena Predutta,2025-09-16 05:58:19.419466,2025-09-16 10:56:19.419466,2025-09-16 11:23:19.419466
case_77,Create Purchase Order,Karel de Groot,2025-09-13 20:45:19.419466,2025-09-16 10:58:19.419466,2025-09-16 11:07:19.419466
case_98,Create Request for Quotation Requester Manager,Francis Odell,2025-09-16 07:03:19.419466,2025-09-16 11:04:19.419466,2025-09-16 11:06:19.419466
case_94,Send Request for Quotation to Supplier,Magdalena Predutta,2025-09-16 06:54:19.419466,2025-09-16 11:29:19.419466,2025-09-16 11:52:19.419466
case_77,Confirm Purchase Order,Esmeralda Clay,2025-09-16 11:07:19.419466,2025-09-16 12:56:19.419466,2025-09-16 13:14:19.419466
case_81,Settle conditions with supplier,Karel de Groot,2025-09-14 08:17:19.419466,2025-09-16 13:13:19.419466,2025-09-16 15:52:19.419466
case_65,Release Purchase Order,Penn Osterwalder,2025-09-16 12:59:19.419466,2025-09-16 14:30:19.419466,2025-09-16 14:30:19.419466
case_91,Create Quotation comparison Map,Magdalena Predutta,2025-09-16 07:24:19.419466,2025-09-16 16:48:19.419466,2025-09-16 20:46:19.419466
case_60,Confirm Purchase Order,Esmeralda Clay,2025-09-07 21:26:19.419466,2025-09-16 17:09:19.419466,2025-09-16 17:28:19.419466
case_65,Settle dispute with supplier Purchasing Agent,Magdalena Predutta,2025-09-16 14:30:19.419466,2025-09-16 17:18:19.419466,2025-09-17 01:05:19.419466
case_81,Create Purchase Order,Karel de Groot,2025-09-16 15:52:19.419466,2025-09-16 18:36:19.419466,2025-09-16 18:44:19.419466
case_98,Analyze Request for Quotation,Magdalena Predutta,2025-09-16 11:06:19.419466,2025-09-16 19:04:19.419466,2025-09-16 19:13:19.419466
case_93,Send Request for Quotation to Supplier,Karel de Groot,2025-09-15 16:40:19.419466,2025-09-16 19:27:19.419466,2025-09-16 19:45:19.419466
case_83,Analyze Quotation comparison Map,Fjodor Kowalski,2025-09-16 12:10:19.419466,2025-09-16 19:44:19.419466,2025-09-16 20:18:19.419466
case_83,Choose best option,Alberto Duport,2025-09-16 20:18:19.419466,2025-09-16 20:45:19.419466,2025-09-16 20:45:19.419466
case_91,Analyze Quotation comparison Map,Tesca Lobes,2025-09-16 20:46:19.419466,2025-09-16 21:36:19.419466,2025-09-16 21:46:19.419466
case_55,Send invoice,Carmen Finacse,2025-09-15 21:48:19.419466,2025-09-16 21:39:19.419466,2025-09-16 21:39:19.419466
case_77,Deliver Goods Services,Kiu Kan,2025-09-16 13:14:19.419466,2025-09-16 22:14:19.419466,2025-09-18 02:40:19.419466
case_91,Choose best option,Esmana Liubiata,2025-09-16 21:46:19.419466,2025-09-16 22:50:19.419466,2025-09-16 22:50:19.419466
case_55,Release Supplier's Invoice,Karalda Nimwada,2025-09-16 21:39:19.419466,2025-09-16 23:21:19.419466,2025-09-16 23:25:19.419466
case_83,Settle conditions with supplier,Karel de Groot,2025-09-16 20:45:19.419466,2025-09-16 23:23:19.419466,2025-09-17 03:21:19.419466
case_55,Authorize Supplier's Invoice payment,Karalda Nimwada,2025-09-16 23:25:19.419466,2025-09-16 23:36:19.419466,2025-09-16 23:36:19.419466
case_81,Confirm Purchase Order,Karen Clarens,2025-09-16 18:44:19.419466,2025-09-17 00:24:19.419466,2025-09-17 00:54:19.419466
case_55,Pay invoice,Pedro Alvares,2025-09-16 23:36:19.419466,2025-09-17 01:30:19.419466,2025-09-17 01:35:19.419466
case_97,Analyze Request for Quotation,Francois de Perrier,2025-09-15 03:56:19.419466,2025-09-17 01:48:19.419466,2025-09-17 02:13:19.419466
case_74,Deliver Goods Services,Karen Clarens,2025-09-15 16:13:19.419466,2025-09-17 02:05:19.419466,2025-09-17 10:56:19.419466
case_94,Create Quotation comparison Map,Magdalena Predutta,2025-09-16 11:52:19.419466,2025-09-17 02:13:19.419466,2025-09-17 07:10:19.419466
case_97,Amend Request for Quotation Requester,Anne Olwada,2025-09-17 02:13:19.419466,2025-09-17 03:13:19.419466,2025-09-17 03:22:19.419466
case_65,Release Purchase Order,Fjodor Kowalski,2025-09-17 01:05:19.419466,2025-09-17 04:04:19.419466,2025-09-17 04:04:19.419466
case_65,Approve Purchase Order for payment,Magdalena Predutta,2025-09-17 04:04:19.419466,2025-09-17 04:12:19.419466,2025-09-17 04:12:19.419466
case_83,Create Purchase Order,Karel de Groot,2025-09-17 03:21:19.419466,2025-09-17 05:59:19.419466,2025-09-17 06:09:19.419466
case_87,Settle conditions with supplier,Karel de Groot,2025-09-15 22:02:19.419466,2025-09-17 09:02:19.419466,2025-09-17 15:51:19.419466
case_97,Analyze Request for Quotation,Karel de Groot,2025-09-17 03:22:19.419466,2025-09-17 10:00:19.419466,2025-09-17 10:24:19.419466
case_62,Send invoice,Carmen Finacse,2025-09-16 06:51:19.419466,2025-09-17 11:26:19.419466,2025-09-17 11:26:19.419466
case_97,Amend Request for Quotation Requester,Miu Hanwan,2025-09-17 10:24:19.419466,2025-09-17 12:04:19.419466,2025-09-17 12:19:19.419466
case_94,Analyze Quotation comparison Map,Penn Osterwalder,2025-09-17 07:10:19.419466,2025-09-17 12:10:19.419466,2025-09-17 12:29:19.419466
case_62,Release Supplier's Invoice,Karalda Nimwada,2025-09-17 11:26:19.419466,2025-09-17 12:29:19.419466,2025-09-17 12:35:19.419466
case_62,Authorize Supplier's Invoice payment,Karalda Nimwada,2025-09-17 12:35:19.419466,2025-09-17 12:58:19.419466,2025-09-17 12:58:19.419466
case_81,Deliver Goods Services,Karen Clarens,2025-09-17 00:54:19.419466,2025-09-17 13:46:19.419466,2025-09-18 04:48:19.419466
case_74,Release Purchase Order,Christian Francois,2025-09-17 10:56:19.419466,2025-09-17 14:23:19.419466,2025-09-17 14:23:19.419466
case_62,Pay invoice,Pedro Alvares,2025-09-17 12:58:19.419466,2025-09-17 15:52:19.419466,2025-09-17 16:00:19.419466
case_74,Approve Purchase Order for payment,Karel de Groot,2025-09-17 14:23:19.419466,2025-09-17 16:11:19.419466,2025-09-17 16:11:19.419466
case_94,Choose best option,Nico Ojenbeer,2025-09-17 12:29:19.419466,2025-09-17 19:21:19.419466,2025-09-17 19:21:19.419466
case_94,Settle conditions with supplier,Karel de Groot,2025-09-17 19:21:19.419466,2025-09-17 22:54:19.419466,2025-09-18 04:57:19.419466
case_98,Send Request for Quotation to Supplier,Magdalena Predutta,2025-09-16 19:13:19.419466,2025-09-18 03:08:19.419466,2025-09-18 03:26:19.419466
case_83,Confirm Purchase Order,Esmeralda Clay,2025-09-17 06:09:19.419466,2025-09-18 04:39:19.419466,2025-09-18 04:49:19.419466
case_89,Analyze Request for Quotation,Magdalena Predutta,2025-09-15 02:00:19.419466,2025-09-18 06:05:19.419466,2025-09-18 06:30:19.419466
case_81,Release Purchase Order,Miu Hanwan,2025-09-18 04:48:19.419466,2025-09-18 06:32:19.419466,2025-09-18 06:32:19.419466
case_98,Create Quotation comparison Map,Francois de Perrier,2025-09-18 03:26:19.419466,2025-09-18 06:55:19.419466,2025-09-18 12:47:19.419466
case_77,Release Purchase Order,Christian Francois,2025-09-18 02:40:19.419466,2025-09-18 07:31:19.419466,2025-09-18 07:31:19.419466
case_78,Confirm Purchase Order,Kiu Kan,2025-09-13 04:04:19.419466,2025-09-18 07:51:19.419466,2025-09-18 08:15:19.419466
case_97,Analyze Request for Quotation,Karel de Groot,2025-09-17 12:19:19.419466,2025-09-18 10:36:19.419466,2025-09-18 10:53:19.419466
case_89,Send Request for Quotation to Supplier,Magdalena Predutta,2025-09-18 06:30:19.419466,2025-09-18 10:37:19.419466,2025-09-18 10:57:19.419466
case_91,Settle conditions with supplier,Magdalena Predutta,2025-09-16 22:50:19.419466,2025-09-18 10:59:19.419466,2025-09-18 14:55:19.419466
case_89,Create Quotation comparison Map,Karel de Groot,2025-09-18 10:57:19.419466,2025-09-18 13:14:19.419466,2025-09-18 17:32:19.419466
case_65,Send invoice,Kiu Kan,2025-09-17 04:12:19.419466,2025-09-18 13:57:19.419466,2025-09-18 13:57:19.419466
case_65,Release Supplier's Invoice,Pedro Alvares,2025-09-18 13:57:19.419466,2025-09-18 13:57:19.419466,2025-09-18 16:01:19.419466
case_98,Analyze Quotation comparison Map,Tesca Lobes,2025-09-18 12:47:19.419466,2025-09-18 14:42:19.419466,2025-09-18 14:54:19.419466
case_98,Choose best option,Esmana Liubiata,2025-09-18 14:54:19.419466,2025-09-18 15:26:19.419466,2025-09-18 15:26:19.419466
case_65,Authorize Supplier's Invoice payment,Pedro Alvares,2025-09-18 16:01:19.419466,2025-09-18 16:01:19.419466,2025-09-18 16:01:19.419466
case_91,Create Purchase Order,Magdalena Predutta,2025-09-18 14:55:19.419466,2025-09-18 16:33:19.419466,2025-09-18 16:45:19.419466
case_92,Analyze Request for Quotation,Magdalena Predutta,2025-09-16 05:02:19.419466,2025-09-18 16:51:19.419466,2025-09-18 17:05:19.419466
case_65,Pay invoice,Karalda Nimwada,2025-09-18 16:01:19.419466,2025-09-18 18:42:19.419466,2025-09-18 18:54:19.419466
case_89,Analyze Quotation comparison Map,Christian Francois,2025-09-18 17:32:19.419466,2025-09-18 19:07:19.419466,2025-09-18 19:39:19.419466
case_97,Send Request for Quotation to Supplier,Magdalena Predutta,2025-09-18 10:53:19.419466,2025-09-18 20:17:19.419466,2025-09-18 20:48:19.419466
case_80,Confirm Purchase Order,Sean Manney,2025-09-12 09:37:19.419466,2025-09-18 20:51:19.419466,2025-09-18 21:17:19.419466
case_87,Create Purchase Order,Francois de Perrier,2025-09-17 15:51:19.419466,2025-09-18 21:56:19.419466,2025-09-18 22:08:19.419466
case_100,Analyze Request for Quotation,Karel de Groot,2025-09-16 03:21:19.419466,2025-09-18 22:18:19.419466,2025-09-18 22:49:19.419466
case_85,Send Request for Quotation to Supplier,Karel de Groot,2025-09-13 11:32:19.419466,2025-09-18 23:00:19.419466,2025-09-18 23:14:19.419466
case_56,Create Purchase Order,Magdalena Predutta,2025-09-15 07:58:19.419466,2025-09-18 23:05:19.419466,2025-09-18 23:16:19.419466
case_81,Approve Purchase Order for payment,Francois de Perrier,2025-09-18 06:32:19.419466,2025-09-18 23:20:19.419466,2025-09-18 23:20:19.419466
case_92,Send Request for Quotation to Supplier,Karel de Groot,2025-09-18 17:05:19.419466,2025-09-18 23:43:19.419466,2025-09-19 00:14:19.419466
case_100,Amend Request for Quotation Requester,Alberto Duport,2025-09-18 22:49:19.419466,2025-09-19 00:09:19.419466,2025-09-19 00:16:19.419466
case_90,Analyze Request for Quotation,Francois de Perrier,2025-09-14 00:50:19.419466,2025-09-19 01:30:19.419466,2025-09-19 01:41:19.419466
case_95,Create Quotation comparison Map,Karel de Groot,2025-09-16 11:23:19.419466,2025-09-19 01:36:19.419466,2025-09-19 02:57:19.419466
case_85,Create Quotation comparison Map,Karel de Groot,2025-09-18 23:14:19.419466,2025-09-19 01:37:19.419466,2025-09-19 06:33:19.419466
case_98,Settle conditions with supplier,Francois de Perrier,2025-09-18 15:26:19.419466,2025-09-19 02:56:19.419466,2025-09-19 10:31:19.419466
case_80,Deliver Goods Services,Karen Clarens,2025-09-18 21:17:19.419466,2025-09-19 04:00:19.419466,2025-09-19 07:00:19.419466
case_95,Analyze Quotation comparison Map,Penn Osterwalder,2025-09-19 02:57:19.419466,2025-09-19 05:25:19.419466,2025-09-19 05:30:19.419466
case_89,Choose best option,Miu Hanwan,2025-09-18 19:39:19.419466,2025-09-19 05:32:19.419466,2025-09-19 05:32:19.419466
case_97,Create Quotation comparison Map,Francois de Perrier,2025-09-18 20:48:19.419466,2025-09-19 06:07:19.419466,2025-09-19 08:38:19.419466
case_89,Settle conditions with supplier,Karel de Groot,2025-09-19 05:32:19.419466,2025-09-19 06:39:19.419466,2025-09-19 19:37:19.419466
case_85,Analyze Quotation comparison Map,Nico Ojenbeer,2025-09-19 06:33:19.419466,2025-09-19 06:57:19.419466,2025-09-19 07:29:19.419466
case_81,Send invoice,Sean Manney,2025-09-18 23:20:19.419466,2025-09-19 07:16:19.419466,2025-09-19 07:16:19.419466
case_81,Release Supplier's Invoice,Pedro Alvares,2025-09-19 07:16:19.419466,2025-09-19 07:16:19.419466,2025-09-19 08:06:19.419466
case_96,Settle conditions with supplier,Francois de Perrier,2025-09-15 21:57:19.419466,2025-09-19 07:33:19.419466,2025-09-19 16:37:19.419466
case_94,Create Purchase Order,Magdalena Predutta,2025-09-18 04:57:19.419466,2025-09-19 07:53:19.419466,2025-09-19 08:02:19.419466
case_81,Authorize Supplier's Invoice payment,Pedro Alvares,2025-09-19 08:06:19.419466,2025-09-19 08:06:19.419466,2025-09-19 08:06:19.419466
case_97,Analyze Quotation comparison Map,Tesca Lobes,2025-09-19 08:38:19.419466,2025-09-19 08:38:19.419466,2025-09-19 08:50:19.419466
case_97,Choose best option,Miu Hanwan,2025-09-19 08:50:19.419466,2025-09-19 08:54:19.419466,2025-09-19 08:54:19.419466
case_85,Choose best option,Penn Osterwalder,2025-09-19 07:29:19.419466,2025-09-19 09:35:19.419466,2025-09-19 09:35:19.419466
case_56,Confirm Purchase Order,Kiu Kan,2025-09-18 23:16:19.419466,2025-09-19 09:36:19.419466,2025-09-19 09:55:19.419466
case_81,Pay invoice,Pedro Alvares,2025-09-19 08:06:19.419466,2025-09-19 10:00:19.419466,2025-09-19 10:08:19.419466
case_97,Settle conditions with supplier,Karel de Groot,2025-09-19 08:54:19.419466,2025-09-19 12:11:19.419466,2025-09-19 22:29:19.419466
case_93,Create Quotation comparison Map,Francois de Perrier,2025-09-16 19:45:19.419466,2025-09-19 12:38:19.419466,2025-09-19 16:34:19.419466
case_95,Choose best option,Nico Ojenbeer,2025-09-19 05:30:19.419466,2025-09-19 13:10:19.419466,2025-09-19 13:10:19.419466
case_78,Deliver Goods Services,Esmeralda Clay,2025-09-18 08:15:19.419466,2025-09-19 13:32:19.419466,2025-09-21 02:08:19.419466
case_60,Deliver Goods Services,Carmen Finacse,2025-09-16 17:28:19.419466,2025-09-19 13:43:19.419466,2025-09-21 12:50:19.419466
case_98,Create Purchase Order,Karel de Groot,2025-09-19 10:31:19.419466,2025-09-19 13:48:19.419466,2025-09-19 13:58:19.419466
case_90,Amend Request for Quotation Requester Manager,Maris Freeman,2025-09-19 01:41:19.419466,2025-09-19 16:35:19.419466,2025-09-19 16:47:19.419466
case_92,Create Quotation comparison Map,Magdalena Predutta,2025-09-19 00:14:19.419466,2025-09-19 16:45:19.419466,2025-09-19 21:23:19.419466
case_93,Analyze Quotation comparison Map,Esmana Liubiata,2025-09-19 16:34:19.419466,2025-09-19 17:39:19.419466,2025-09-19 19:10:19.419466
case_93,Choose best option,Kim Passa,2025-09-19 19:10:19.419466,2025-09-19 20:39:19.419466,2025-09-19 20:39:19.419466
case_99,Analyze Request for Quotation,Magdalena Predutta,2025-09-16 08:16:19.419466,2025-09-19 21:07:19.419466,2025-09-19 21:29:19.419466
case_99,Send Request for Quotation to Supplier,Magdalena Predutta,2025-09-19 21:29:19.419466,2025-09-19 21:37:19.419466,2025-09-19 21:51:19.419466
case_90,Analyze Request for Quotation,Magdalena Predutta,2025-09-19 16:47:19.419466,2025-09-19 23:21:19.419466,2025-09-19 23:48:19.419466
case_80,Release Purchase Order,Alberto Duport,2025-09-19 07:00:19.419466,2025-09-19 23:29:19.419466,2025-09-19 23:29:19.419466
case_96,Create Purchase Order,Magdalena Predutta,2025-09-19 16:37:19.419466,2025-09-20 00:05:19.419466,2025-09-20 00:14:19.419466
case_92,Analyze Quotation comparison Map,Anne Olwada,2025-09-19 21:23:19.419466,2025-09-20 00:09:19.419466,2025-09-20 00:32:19.419466
case_79,Settle conditions with supplier,Magdalena Predutta,2025-09-12 03:49:19.419466,2025-09-20 01:43:19.419466,2025-09-20 09:03:19.419466
case_85,Settle conditions with supplier,Karel de Groot,2025-09-19 09:35:19.419466,2025-09-20 02:05:19.419466,2025-09-20 08:36:19.419466
case_99,Create Quotation comparison Map,Karel de Groot,2025-09-19 21:51:19.419466,2025-09-20 02:57:19.419466,2025-09-20 06:29:19.419466
case_92,Choose best option,Nico Ojenbeer,2025-09-20 00:32:19.419466,2025-09-20 04:12:19.419466,2025-09-20 04:12:19.419466
case_89,Create Purchase Order,Francois de Perrier,2025-09-19 19:37:19.419466,2025-09-20 05:00:19.419466,2025-09-20 05:09:19.419466
case_95,Settle conditions with supplier,Magdalena Predutta,2025-09-19 13:10:19.419466,2025-09-20 05:41:19.419466,2025-09-20 17:43:19.419466
case_99,Analyze Quotation comparison Map,Miu Hanwan,2025-09-20 06:29:19.419466,2025-09-20 06:41:19.419466,2025-09-20 07:03:19.419466
case_92,Settle conditions with supplier,Karel de Groot,2025-09-20 04:12:19.419466,2025-09-20 06:56:19.419466,2025-09-20 15:47:19.419466
case_91,Confirm Purchase Order,Kiu Kan,2025-09-18 16:45:19.419466,2025-09-20 07:08:19.419466,2025-09-20 07:25:19.419466
case_77,Approve Purchase Order for payment,Francois de Perrier,2025-09-18 07:31:19.419466,2025-09-20 07:22:19.419466,2025-09-20 07:22:19.419466
case_100,Analyze Request for Quotation,Francois de Perrier,2025-09-19 00:16:19.419466,2025-09-20 11:25:19.419466,2025-09-20 11:53:19.419466
case_77,Send invoice,Sean Manney,2025-09-20 07:22:19.419466,2025-09-20 12:02:19.419466,2025-09-20 12:02:19.419466
case_99,Choose best option,Fjodor Kowalski,2025-09-20 07:03:19.419466,2025-09-20 12:21:19.419466,2025-09-20 12:21:19.419466
case_85,Create Purchase Order,Francois de Perrier,2025-09-20 08:36:19.419466,2025-09-20 12:33:19.419466,2025-09-20 12:37:19.419466
case_77,Release Supplier's Invoice,Pedro Alvares,2025-09-20 12:02:19.419466,2025-09-20 14:11:19.419466,2025-09-20 14:17:19.419466
case_77,Authorize Supplier's Invoice payment,Karalda Nimwada,2025-09-20 14:17:19.419466,2025-09-20 15:41:19.419466,2025-09-20 15:41:19.419466
case_77,Pay invoice,Pedro Alvares,2025-09-20 15:41:19.419466,2025-09-20 15:41:19.419466,2025-09-20 15:45:19.419466
case_94,Confirm Purchase Order,Sean Manney,2025-09-19 08:02:19.419466,2025-09-20 18:09:19.419466,2025-09-20 18:21:19.419466
case_97,Create Purchase Order,Karel de Groot,2025-09-19 22:29:19.419466,2025-09-20 19:11:19.419466,2025-09-20 19:16:19.419466
case_75,Send Request for Quotation to Supplier,Magdalena Predutta,2025-09-12 18:23:19.419466,2025-09-20 19:35:19.419466,2025-09-20 19:57:19.419466
case_99,Settle conditions with supplier,Francois de Perrier,2025-09-20 12:21:19.419466,2025-09-20 21:09:19.419466,2025-09-21 03:40:19.419466
case_89,Confirm Purchase Order,Kiu Kan,2025-09-20 05:09:19.419466,2025-09-21 00:09:19.419466,2025-09-21 00:42:19.419466
case_93,Settle conditions with supplier,Karel de Groot,2025-09-19 20:39:19.419466,2025-09-21 00:26:19.419466,2025-09-21 12:07:19.419466
case_98,Confirm Purchase Order,Kiu Kan,2025-09-19 13:58:19.419466,2025-09-21 01:17:19.419466,2025-09-21 01:29:19.419466
case_94,Deliver Goods Services,Esmeralda Clay,2025-09-20 18:21:19.419466,2025-09-21 02:59:19.419466,2025-09-22 23:15:19.419466
case_78,Release Purchase Order,Tesca Lobes,2025-09-21 02:08:19.419466,2025-09-21 03:16:19.419466,2025-09-21 03:16:19.419466
case_78,Approve Purchase Order for payment,Francois de Perrier,2025-09-21 03:16:19.419466,2025-09-21 04:28:19.419466,2025-09-21 04:28:19.419466
case_99,Create Purchase Order,Magdalena Predutta,2025-09-21 03:40:19.419466,2025-09-21 05:42:19.419466,2025-09-21 05:53:19.419466
case_89,Deliver Goods Services,Carmen Finacse,2025-09-21 00:42:19.419466,2025-09-21 11:14:19.419466,2025-09-22 17:56:19.419466
case_60,Release Purchase Order,Alberto Duport,2025-09-21 12:50:19.419466,2025-09-21 14:00:19.419466,2025-09-21 14:00:19.419466
case_92,Create Purchase Order,Magdalena Predutta,2025-09-20 15:47:19.419466,2025-09-21 15:37:19.419466,2025-09-21 15:49:19.419466
case_93,Create Purchase Order,Karel de Groot,2025-09-21 12:07:19.419466,2025-09-21 17:10:19.419466,2025-09-21 17:19:19.419466
case_97,Confirm Purchase Order,Esmeralda Clay,2025-09-20 19:16:19.419466,2025-09-21 17:38:19.419466,2025-09-21 17:54:19.419466
case_59,Approve Purchase Order for payment,Francois de Perrier,2025-09-13 18:12:19.419466,2025-09-21 17:56:19.419466,2025-09-21 17:56:19.419466
case_98,Deliver Goods Services,Esmeralda Clay,2025-09-21 01:29:19.419466,2025-09-21 20:27:19.419466,2025-09-23 12:18:19.419466
case_60,Approve Purchase Order for payment,Karel de Groot,2025-09-21 14:00:19.419466,2025-09-21 22:13:19.419466,2025-09-21 22:13:19.419466
case_56,Deliver Goods Services,Sean Manney,2025-09-19 09:55:19.419466,2025-09-21 22:24:19.419466,2025-09-23 11:15:19.419466
case_95,Create Purchase Order,Karel de Groot,2025-09-20 17:43:19.419466,2025-09-21 22:30:19.419466,2025-09-21 22:37:19.419466
case_97,Deliver Goods Services,Sean Manney,2025-09-21 17:54:19.419466,2025-09-21 22:38:19.419466,2025-09-23 18:08:19.419466
case_75,Create Quotation comparison Map,Francois de Perrier,2025-09-20 19:57:19.419466,2025-09-21 23:02:19.419466,2025-09-22 01:07:19.419466
case_79,Create Purchase Order,Francois de Perrier,2025-09-20 09:03:19.419466,2025-09-22 00:00:19.419466,2025-09-22 00:07:19.419466
case_59,Send invoice,Esmeralda Clay,2025-09-21 17:56:19.419466,2025-09-22 00:39:19.419466,2025-09-22 00:39:19.419466
case_59,Release Supplier's Invoice,Karalda Nimwada,2025-09-22 00:39:19.419466,2025-09-22 01:48:19.419466,2025-09-22 01:50:19.419466
case_75,Analyze Quotation comparison Map,Kim Passa,2025-09-22 01:07:19.419466,2025-09-22 02:59:19.419466,2025-09-22 03:34:19.419466
case_59,Settle dispute with supplier Financial Manager,Pedro Alvares,2025-09-22 01:50:19.419466,2025-09-22 03:54:19.419466,2025-09-22 06:15:19.419466
case_75,Choose best option,Esmana Liubiata,2025-09-22 03:34:19.419466,2025-09-22 05:37:19.419466,2025-09-22 05:37:19.419466
case_59,Authorize Supplier's Invoice payment,Karalda Nimwada,2025-09-22 06:15:19.419466,2025-09-22 06:48:19.419466,2025-09-22 06:48:19.419466
case_99,Confirm Purchase Order,Sean Manney,2025-09-21 05:53:19.419466,2025-09-22 07:14:19.419466,2025-09-22 07:37:19.419466
case_59,Pay invoice,Karalda Nimwada,2025-09-22 06:48:19.419466,2025-09-22 08:06:19.419466,2025-09-22 08:10:19.419466
case_92,Confirm Purchase Order,Carmen Finacse,2025-09-21 15:49:19.419466,2025-09-22 08:19:19.419466,2025-09-22 08:34:19.419466
case_96,Confirm Purchase Order,Carmen Finacse,2025-09-20 00:14:19.419466,2025-09-22 10:16:19.419466,2025-09-22 10:48:19.419466
case_75,Settle conditions with supplier,Karel de Groot,2025-09-22 05:37:19.419466,2025-09-22 13:50:19.419466,2025-09-23 01:20:19.419466
case_91,Deliver Goods Services,Carmen Finacse,2025-09-20 07:25:19.419466,2025-09-22 16:24:19.419466,2025-09-23 12:04:19.419466
case_89,Release Purchase Order,Miu Hanwan,2025-09-22 17:56:19.419466,2025-09-22 18:56:19.419466,2025-09-22 18:56:19.419466
case_78,Send invoice,Kiu Kan,2025-09-21 04:28:19.419466,2025-09-22 22:50:19.419466,2025-09-22 22:50:19.419466
case_78,Release Supplier's Invoice,Karalda Nimwada,2025-09-22 22:50:19.419466,2025-09-23 00:22:19.419466,2025-09-23 00:27:19.419466
case_78,Authorize Supplier's Invoice payment,Pedro Alvares,2025-09-23 00:27:19.419466,2025-09-23 02:21:19.419466,2025-09-23 02:21:19.419466
case_94,Release Purchase Order,Nico Ojenbeer,2025-09-22 23:15:19.419466,2025-09-23 02:40:19.419466,2025-09-23 02:40:19.419466
case_79,Confirm Purchase Order,Carmen Finacse,2025-09-22 00:07:19.419466,2025-09-23 06:52:19.419466,2025-09-23 07:07:19.419466
case_78,Pay invoice,Karalda Nimwada,2025-09-23 02:21:19.419466,2025-09-23 08:44:19.419466,2025-09-23 08:53:19.419466
case_85,Confirm Purchase Order,Carmen Finacse,2025-09-20 12:37:19.419466,2025-09-23 10:04:19.419466,2025-09-23 10:23:19.419466
case_90,Send Request for Quotation to Supplier,Magdalena Predutta,2025-09-19 23:48:19.419466,2025-09-23 10:25:19.419466,2025-09-23 10:34:19.419466
case_56,Release Purchase Order,Nico Ojenbeer,2025-09-23 11:15:19.419466,2025-09-23 11:43:19.419466,2025-09-23 11:43:19.419466
case_87,Confirm Purchase Order,Carmen Finacse,2025-09-18 22:08:19.419466,2025-09-23 12:24:19.419466,2025-09-23 13:00:19.419466
case_85,Deliver Goods Services,Esmeralda Clay,2025-09-23 10:23:19.419466,2025-09-23 12:49:19.419466,2025-09-25 03:14:19.419466
case_80,Approve Purchase Order for payment,Magdalena Predutta,2025-09-19 23:29:19.419466,2025-09-23 13:36:19.419466,2025-09-23 13:36:19.419466
case_75,Create Purchase Order,Karel de Groot,2025-09-23 01:20:19.419466,2025-09-23 13:55:19.419466,2025-09-23 14:00:19.419466
case_91,Release Purchase Order,Penn Osterwalder,2025-09-23 12:04:19.419466,2025-09-23 14:16:19.419466,2025-09-23 14:16:19.419466
case_98,Release Purchase Order,Nico Ojenbeer,2025-09-23 12:18:19.419466,2025-09-23 14:31:19.419466,2025-09-23 14:31:19.419466
case_56,Approve Purchase Order for payment,Magdalena Predutta,2025-09-23 11:43:19.419466,2025-09-23 15:18:19.419466,2025-09-23 15:18:19.419466
case_97,Release Purchase Order,Nico Ojenbeer,2025-09-23 18:08:19.419466,2025-09-23 18:31:19.419466,2025-09-23 18:31:19.419466
case_90,Create Quotation comparison Map,Karel de Groot,2025-09-23 10:34:19.419466,2025-09-23 19:50:19.419466,2025-09-23 22:16:19.419466
case_91,Approve Purchase Order for payment,Magdalena Predutta,2025-09-23 14:16:19.419466,2025-09-23 19:52:19.419466,2025-09-23 19:52:19.419466
case_75,Confirm Purchase Order,Sean Manney,2025-09-23 14:00:19.419466,2025-09-23 21:20:19.419466,2025-09-23 21:47:19.419466
case_79,Deliver Goods Services,Esmeralda Clay,2025-09-23 07:07:19.419466,2025-09-23 21:53:19.419466,2025-09-24 04:41:19.419466
case_60,Send invoice,Kiu Kan,2025-09-21 22:13:19.419466,2025-09-23 23:06:19.419466,2025-09-23 23:06:19.419466
case_60,Release Supplier's Invoice,Pedro Alvares,2025-09-23 23:06:19.419466,2025-09-23 23:06:19.419466,2025-09-23 23:10:19.419466
case_60,Authorize Supplier's Invoice payment,Pedro Alvares,2025-09-23 23:10:19.419466,2025-09-23 23:10:19.419466,2025-09-23 23:10:19.419466
case_97,Approve Purchase Order for payment,Francois de Perrier,2025-09-23 18:31:19.419466,2025-09-23 23:21:19.419466,2025-09-23 23:21:19.419466
case_60,Pay invoice,Pedro Alvares,2025-09-23 23:10:19.419466,2025-09-24 01:04:19.419466,2025-09-24 01:15:19.419466
case_90,Analyze Quotation comparison Map,Kim Passa,2025-09-23 22:16:19.419466,2025-09-24 03:42:19.419466,2025-09-24 04:05:19.419466
case_90,Choose best option,Immanuel Karagianni,2025-09-24 04:05:19.419466,2025-09-24 04:41:19.419466,2025-09-24 04:41:19.419466
case_80,Send invoice,Karen Clarens,2025-09-23 13:36:19.419466,2025-09-24 05:15:19.419466,2025-09-24 05:15:19.419466
case_79,Release Purchase Order,Tesca Lobes,2025-09-24 04:41:19.419466,2025-09-24 06:53:19.419466,2025-09-24 06:53:19.419466
case_92,Deliver Goods Services,Esmeralda Clay,2025-09-22 08:34:19.419466,2025-09-24 07:43:19.419466,2025-09-25 10:47:19.419466
case_79,Settle dispute with supplier Purchasing Agent,Francois de Perrier,2025-09-24 06:53:19.419466,2025-09-24 09:39:19.419466,2025-09-24 18:47:19.419466
case_87,Deliver Goods Services,Karen Clarens,2025-09-23 13:00:19.419466,2025-09-24 10:01:19.419466,2025-09-25 00:30:19.419466
case_90,Settle conditions with supplier,Magdalena Predutta,2025-09-24 04:41:19.419466,2025-09-24 11:21:19.419466,2025-09-24 18:58:19.419466
case_91,Send invoice,Kiu Kan,2025-09-23 19:52:19.419466,2025-09-24 11:39:19.419466,2025-09-24 11:39:19.419466
case_80,Release Supplier's Invoice,Karalda Nimwada,2025-09-24 05:15:19.419466,2025-09-24 14:11:19.419466,2025-09-24 14:15:19.419466
case_93,Confirm Purchase Order,Karen Clarens,2025-09-21 17:19:19.419466,2025-09-24 15:36:19.419466,2025-09-24 15:37:19.419466
case_75,Deliver Goods Services,Carmen Finacse,2025-09-23 21:47:19.419466,2025-09-24 15:42:19.419466,2025-09-24 20:13:19.419466
case_89,Approve Purchase Order for payment,Magdalena Predutta,2025-09-22 18:56:19.419466,2025-09-24 16:06:19.419466,2025-09-24 16:06:19.419466
case_99,Deliver Goods Services,Carmen Finacse,2025-09-22 07:37:19.419466,2025-09-24 16:12:19.419466,2025-09-26 11:19:19.419466
case_91,Release Supplier's Invoice,Karalda Nimwada,2025-09-24 11:39:19.419466,2025-09-24 17:17:19.419466,2025-09-24 17:21:19.419466
case_91,Authorize Supplier's Invoice payment,Pedro Alvares,2025-09-24 17:21:19.419466,2025-09-24 17:21:19.419466,2025-09-24 17:21:19.419466
case_91,Pay invoice,Pedro Alvares,2025-09-24 17:21:19.419466,2025-09-24 17:21:19.419466,2025-09-24 17:31:19.419466
case_88,Analyze Request for Quotation,Francois de Perrier,2025-09-15 16:34:19.419466,2025-09-24 20:16:19.419466,2025-09-24 20:38:19.419466
case_94,Approve Purchase Order for payment,Magdalena Predutta,2025-09-23 02:40:19.419466,2025-09-24 22:25:19.419466,2025-09-24 22:25:19.419466
case_79,Release Purchase Order,Fjodor Kowalski,2025-09-24 18:47:19.419466,2025-09-24 22:37:19.419466,2025-09-24 22:37:19.419466
case_75,Release Purchase Order,Alberto Duport,2025-09-24 20:13:19.419466,2025-09-24 22:49:19.419466,2025-09-24 22:49:19.419466
case_80,Authorize Supplier's Invoice payment,Karalda Nimwada,2025-09-24 14:15:19.419466,2025-09-24 23:24:19.419466,2025-09-24 23:24:19.419466
case_87,Release Purchase Order,Esmana Liubiata,2025-09-25 00:30:19.419466,2025-09-25 00:44:19.419466,2025-09-25 00:44:19.419466
case_90,Create Purchase Order,Francois de Perrier,2025-09-24 18:58:19.419466,2025-09-25 01:00:19.419466,2025-09-25 01:11:19.419466
case_80,Pay invoice,Pedro Alvares,2025-09-24 23:24:19.419466,2025-09-25 02:18:19.419466,2025-09-25 02:26:19.419466
case_87,Approve Purchase Order for payment,Magdalena Predutta,2025-09-25 00:44:19.419466,2025-09-25 04:39:19.419466,2025-09-25 04:39:19.419466
case_85,Release Purchase Order,Miu Hanwan,2025-09-25 03:14:19.419466,2025-09-25 05:19:19.419466,2025-09-25 05:19:19.419466
case_56,Send invoice,Carmen Finacse,2025-09-23 15:18:19.419466,2025-09-25 10:15:19.419466,2025-09-25 10:15:19.419466
case_56,Release Supplier's Invoice,Karalda Nimwada,2025-09-25 10:15:19.419466,2025-09-25 10:46:19.419466,2025-09-25 10:50:19.419466
case_56,Settle dispute with supplier Financial Manager,Pedro Alvares,2025-09-25 10:50:19.419466,2025-09-25 10:50:19.419466,2025-09-25 11:02:19.419466
case_56,Authorize Supplier's Invoice payment,Pedro Alvares,2025-09-25 11:02:19.419466,2025-09-25 11:02:19.419466,2025-09-25 11:02:19.419466
case_56,Pay invoice,Pedro Alvares,2025-09-25 11:02:19.419466,2025-09-25 11:02:19.419466,2025-09-25 11:04:19.419466
case_92,Release Purchase Order,Miu Hanwan,2025-09-25 10:47:19.419466,2025-09-25 12:40:19.419466,2025-09-25 12:40:19.419466
case_79,Approve Purchase Order for payment,Karel de Groot,2025-09-24 22:37:19.419466,2025-09-25 13:03:19.419466,2025-09-25 13:03:19.419466
case_89,Send invoice,Karen Clarens,2025-09-24 16:06:19.419466,2025-09-25 14:45:19.419466,2025-09-25 14:45:19.419466
case_89,Release Supplier's Invoice,Pedro Alvares,2025-09-25 14:45:19.419466,2025-09-25 14:45:19.419466,2025-09-25 16:04:19.419466
case_88,Send Request for Quotation to Supplier,Karel de Groot,2025-09-24 20:38:19.419466,2025-09-25 14:58:19.419466,2025-09-25 15:08:19.419466
case_74,Send invoice,Kiu Kan,2025-09-17 16:11:19.419466,2025-09-25 17:17:19.419466,2025-09-25 17:17:19.419466
case_89,Authorize Supplier's Invoice payment,Pedro Alvares,2025-09-25 16:04:19.419466,2025-09-25 17:58:19.419466,2025-09-25 17:58:19.419466
case_89,Pay invoice,Pedro Alvares,2025-09-25 17:58:19.419466,2025-09-25 17:58:19.419466,2025-09-25 18:10:19.419466
case_74,Release Supplier's Invoice,Pedro Alvares,2025-09-25 17:17:19.419466,2025-09-25 19:11:19.419466,2025-09-25 19:17:19.419466
case_93,Deliver Goods Services,Kiu Kan,2025-09-24 15:37:19.419466,2025-09-25 22:11:19.419466,2025-09-27 02:51:19.419466
case_92,Approve Purchase Order for payment,Magdalena Predutta,2025-09-25 12:40:19.419466,2025-09-26 03:28:19.419466,2025-09-26 03:28:19.419466
case_74,Authorize Supplier's Invoice payment,Karalda Nimwada,2025-09-25 19:17:19.419466,2025-09-26 04:48:19.419466,2025-09-26 04:48:19.419466
case_74,Pay invoice,Pedro Alvares,2025-09-26 04:48:19.419466,2025-09-26 04:48:19.419466,2025-09-26 04:58:19.419466
case_96,Deliver Goods Services,Esmeralda Clay,2025-09-22 10:48:19.419466,2025-09-26 05:14:19.419466,2025-09-27 17:30:19.419466
case_97,Send invoice,Sean Manney,2025-09-23 23:21:19.419466,2025-09-26 09:25:19.419466,2025-09-26 09:25:19.419466
case_97,Release Supplier's Invoice,Pedro Alvares,2025-09-26 09:25:19.419466,2025-09-26 09:25:19.419466,2025-09-26 09:31:19.419466
case_88,Create Quotation comparison Map,Francois de Perrier,2025-09-25 15:08:19.419466,2025-09-26 10:01:19.419466,2025-09-26 15:40:19.419466
case_97,Authorize Supplier's Invoice payment,Pedro Alvares,2025-09-26 09:31:19.419466,2025-09-26 11:25:19.419466,2025-09-26 11:25:19.419466
case_97,Pay invoice,Pedro Alvares,2025-09-26 11:25:19.419466,2025-09-26 11:25:19.419466,2025-09-26 11:31:19.419466
case_75,Approve Purchase Order for payment,Francois de Perrier,2025-09-24 22:49:19.419466,2025-09-26 12:53:19.419466,2025-09-26 12:53:19.419466
case_99,Release Purchase Order,Nico Ojenbeer,2025-09-26 11:19:19.419466,2025-09-26 13:19:19.419466,2025-09-26 13:19:19.419466
case_90,Confirm Purchase Order,Carmen Finacse,2025-09-25 01:11:19.419466,2025-09-26 13:55:19.419466,2025-09-26 14:12:19.419466
case_88,Analyze Quotation comparison Map,Anne Olwada,2025-09-26 15:40:19.419466,2025-09-26 16:00:19.419466,2025-09-26 16:15:19.419466
case_88,Choose best option,Immanuel Karagianni,2025-09-26 16:15:19.419466,2025-09-26 17:06:19.419466,2025-09-26 17:06:19.419466
case_99,Approve Purchase Order for payment,Magdalena Predutta,2025-09-26 13:19:19.419466,2025-09-26 17:48:19.419466,2025-09-26 17:48:19.419466
case_79,Send invoice,Esmeralda Clay,2025-09-25 13:03:19.419466,2025-09-26 22:42:19.419466,2025-09-26 22:42:19.419466
case_79,Release Supplier's Invoice,Pedro Alvares,2025-09-26 22:42:19.419466,2025-09-26 22:42:19.419466,2025-09-27 01:06:19.419466
case_79,Authorize Supplier's Invoice payment,Karalda Nimwada,2025-09-27 01:06:19.419466,2025-09-27 02:14:19.419466,2025-09-27 02:14:19.419466
case_79,Pay invoice,Pedro Alvares,2025-09-27 02:14:19.419466,2025-09-27 04:08:19.419466,2025-09-27 04:12:19.419466
case_93,Release Purchase Order,Nico Ojenbeer,2025-09-27 02:51:19.419466,2025-09-27 05:02:19.419466,2025-09-27 05:02:19.419466
case_94,Send invoice,Esmeralda Clay,2025-09-24 22:25:19.419466,2025-09-27 05:04:19.419466,2025-09-27 05:04:19.419466
case_88,Settle conditions with supplier,Karel de Groot,2025-09-26 17:06:19.419466,2025-09-27 08:20:19.419466,2025-09-27 12:11:19.419466
case_90,Deliver Goods Services,Kiu Kan,2025-09-26 14:12:19.419466,2025-09-27 10:00:19.419466,2025-09-28 09:43:19.419466
case_96,Release Purchase Order,Immanuel Karagianni,2025-09-27 17:30:19.419466,2025-09-27 17:32:19.419466,2025-09-27 17:32:19.419466
case_94,Release Supplier's Invoice,Karalda Nimwada,2025-09-27 05:04:19.419466,2025-09-27 18:54:19.419466,2025-09-27 18:59:19.419466
case_94,Authorize Supplier's Invoice payment,Pedro Alvares,2025-09-27 18:59:19.419466,2025-09-27 18:59:19.419466,2025-09-27 18:59:19.419466
case_94,Pay invoice,Pedro Alvares,2025-09-27 18:59:19.419466,2025-09-27 18:59:19.419466,2025-09-27 19:07:19.419466
case_88,Create Purchase Order,Francois de Perrier,2025-09-27 12:11:19.419466,2025-09-27 20:01:19.419466,2025-09-27 20:10:19.419466
case_96,Approve Purchase Order for payment,Francois de Perrier,2025-09-27 17:32:19.419466,2025-09-27 20:18:19.419466,2025-09-27 20:18:19.419466
case_85,Approve Purchase Order for payment,Karel de Groot,2025-09-25 05:19:19.419466,2025-09-27 21:13:19.419466,2025-09-27 21:13:19.419466
case_92,Send invoice,Kiu Kan,2025-09-26 03:28:19.419466,2025-09-28 00:22:19.419466,2025-09-28 00:22:19.419466
case_92,Release Supplier's Invoice,Karalda Nimwada,2025-09-28 00:22:19.419466,2025-09-28 00:36:19.419466,2025-09-28 00:42:19.419466
case_92,Settle dispute with supplier Financial Manager,Karalda Nimwada,2025-09-28 00:42:19.419466,2025-09-28 01:34:19.419466,2025-09-28 01:53:19.419466
case_85,Send invoice,Karen Clarens,2025-09-27 21:13:19.419466,2025-09-28 02:12:19.419466,2025-09-28 02:12:19.419466
case_85,Release Supplier's Invoice,Pedro Alvares,2025-09-28 02:12:19.419466,2025-09-28 02:12:19.419466,2025-09-28 02:14:19.419466
case_85,Authorize Supplier's Invoice payment,Pedro Alvares,2025-09-28 02:14:19.419466,2025-09-28 02:14:19.419466,2025-09-28 02:14:19.419466
case_85,Pay invoice,Pedro Alvares,2025-09-28 02:14:19.419466,2025-09-28 02:14:19.419466,2025-09-28 02:18:19.419466
case_95,Confirm Purchase Order,Sean Manney,2025-09-21 22:37:19.419466,2025-09-28 03:21:19.419466,2025-09-28 03:40:19.419466
case_96,Send invoice,Kiu Kan,2025-09-27 20:18:19.419466,2025-09-28 05:24:19.419466,2025-09-28 05:24:19.419466
case_96,Release Supplier's Invoice,Pedro Alvares,2025-09-28 05:24:19.419466,2025-09-28 05:24:19.419466,2025-09-28 09:05:19.419466
case_92,Authorize Supplier's Invoice payment,Karalda Nimwada,2025-09-28 01:53:19.419466,2025-09-28 07:31:19.419466,2025-09-28 07:31:19.419466
case_92,Pay invoice,Karalda Nimwada,2025-09-28 07:31:19.419466,2025-09-28 07:49:19.419466,2025-09-28 07:53:19.419466
case_90,Release Purchase Order,Nico Ojenbeer,2025-09-28 09:43:19.419466,2025-09-28 09:50:19.419466,2025-09-28 09:50:19.419466
case_96,Authorize Supplier's Invoice payment,Karalda Nimwada,2025-09-28 09:05:19.419466,2025-09-28 10:57:19.419466,2025-09-28 10:57:19.419466
case_96,Pay invoice,Karalda Nimwada,2025-09-28 10:57:19.419466,2025-09-28 13:30:19.419466,2025-09-28 13:38:19.419466
case_93,Approve Purchase Order for payment,Francois de Perrier,2025-09-27 05:02:19.419466,2025-09-28 19:59:19.419466,2025-09-28 19:59:19.419466
case_90,Approve Purchase Order for payment,Magdalena Predutta,2025-09-28 09:50:19.419466,2025-09-28 21:09:19.419466,2025-09-28 21:09:19.419466
case_95,Deliver Goods Services,Esmeralda Clay,2025-09-28 03:40:19.419466,2025-09-29 07:17:19.419466,2025-09-30 03:53:19.419466
case_83,Deliver Goods Services,Carmen Finacse,2025-09-18 04:49:19.419466,2025-09-29 10:22:19.419466,2025-09-29 17:38:19.419466
case_75,Send invoice,Carmen Finacse,2025-09-26 12:53:19.419466,2025-09-29 13:35:19.419466,2025-09-29 13:35:19.419466
case_75,Release Supplier's Invoice,Pedro Alvares,2025-09-29 13:35:19.419466,2025-09-29 15:29:19.419466,2025-09-29 15:34:19.419466
case_75,Authorize Supplier's Invoice payment,Karalda Nimwada,2025-09-29 15:34:19.419466,2025-09-29 15:52:19.419466,2025-09-29 15:52:19.419466
case_75,Pay invoice,Pedro Alvares,2025-09-29 15:52:19.419466,2025-09-29 17:46:19.419466,2025-09-29 17:49:19.419466
case_83,Release Purchase Order,Alberto Duport,2025-09-29 17:38:19.419466,2025-09-29 22:18:19.419466,2025-09-29 22:18:19.419466
case_83,Approve Purchase Order for payment,Magdalena Predutta,2025-09-29 22:18:19.419466,2025-09-30 03:12:19.419466,2025-09-30 03:12:19.419466
case_95,Release Purchase Order,Penn Osterwalder,2025-09-30 03:53:19.419466,2025-09-30 05:23:19.419466,2025-09-30 05:23:19.419466
case_95,Approve Purchase Order for payment,Karel de Groot,2025-09-30 05:23:19.419466,2025-09-30 06:08:19.419466,2025-09-30 06:08:19.419466
case_87,Send invoice,Sean Manney,2025-09-25 04:39:19.419466,2025-09-30 12:33:19.419466,2025-09-30 12:33:19.419466
case_98,Approve Purchase Order for payment,Francois de Perrier,2025-09-23 14:31:19.419466,2025-09-30 13:06:19.419466,2025-09-30 13:06:19.419466
case_87,Release Supplier's Invoice,Pedro Alvares,2025-09-30 12:33:19.419466,2025-09-30 14:27:19.419466,2025-09-30 14:32:19.419466
case_87,Settle dispute with supplier Financial Manager,Karalda Nimwada,2025-09-30 14:32:19.419466,2025-09-30 20:37:19.419466,2025-09-30 20:54:19.419466
case_87,Authorize Supplier's Invoice payment,Pedro Alvares,2025-09-30 20:54:19.419466,2025-09-30 20:54:19.419466,2025-09-30 20:54:19.419466
case_87,Pay invoice,Karalda Nimwada,2025-09-30 20:54:19.419466,2025-10-01 00:31:19.419466,2025-10-01 00:41:19.419466
case_90,Send invoice,Kiu Kan,2025-09-28 21:09:19.419466,2025-10-01 00:59:19.419466,2025-10-01 00:59:19.419466
case_90,Release Supplier's Invoice,Karalda Nimwada,2025-10-01 00:59:19.419466,2025-10-01 01:30:19.419466,2025-10-01 01:36:19.419466
case_90,Authorize Supplier's Invoice payment,Karalda Nimwada,2025-10-01 01:36:19.419466,2025-10-01 02:07:19.419466,2025-10-01 02:07:19.419466
case_90,Pay invoice,Pedro Alvares,2025-10-01 02:07:19.419466,2025-10-01 02:07:19.419466,2025-10-01 02:10:19.419466
case_98,Send invoice,Carmen Finacse,2025-09-30 13:06:19.419466,2025-10-01 13:39:19.419466,2025-10-01 13:39:19.419466
case_98,Release Supplier's Invoice,Pedro Alvares,2025-10-01 13:39:19.419466,2025-10-01 13:39:19.419466,2025-10-01 14:04:19.419466
case_98,Authorize Supplier's Invoice payment,Pedro Alvares,2025-10-01 14:04:19.419466,2025-10-01 15:58:19.419466,2025-10-01 15:58:19.419466
case_98,Pay invoice,Pedro Alvares,2025-10-01 15:58:19.419466,2025-10-01 15:58:19.419466,2025-10-01 16:03:19.419466
case_83,Send invoice,Kiu Kan,2025-09-30 03:12:19.419466,2025-10-01 17:57:19.419466,2025-10-01 17:57:19.419466
case_83,Release Supplier's Invoice,Pedro Alvares,2025-10-01 17:57:19.419466,2025-10-01 17:57:19.419466,2025-10-01 18:02:19.419466
case_83,Authorize Supplier's Invoice payment,Pedro Alvares,2025-10-01 18:02:19.419466,2025-10-01 23:56:19.419466,2025-10-01 23:56:19.419466
case_83,Pay invoice,Pedro Alvares,2025-10-01 23:56:19.419466,2025-10-01 23:56:19.419466,2025-10-02 00:00:19.419466
case_95,Send invoice,Esmeralda Clay,2025-09-30 06:08:19.419466,2025-10-02 12:54:19.419466,2025-10-02 12:54:19.419466
case_95,Release Supplier's Invoice,Karalda Nimwada,2025-10-02 12:54:19.419466,2025-10-02 22:29:19.419466,2025-10-02 22:34:19.419466
case_95,Authorize Supplier's Invoice payment,Karalda Nimwada,2025-10-02 22:34:19.419466,2025-10-02 23:58:19.419466,2025-10-02 23:58:19.419466
case_95,Pay invoice,Pedro Alvares,2025-10-02 23:58:19.419466,2025-10-02 23:58:19.419466,2025-10-03 00:03:19.419466
case_88,Confirm Purchase Order,Kiu Kan,2025-09-27 20:10:19.419466,2025-10-04 03:10:19.419466,2025-10-04 03:30:19.419466
case_88,Deliver Goods Services,Kiu Kan,2025-10-04 03:30:19.419466,2025-10-04 10:06:19.419466,2025-10-04 22:22:19.419466
case_88,Release Purchase Order,Anne Olwada,2025-10-04 22:22:19.419466,2025-10-05 01:42:19.419466,2025-10-05 01:42:19.419466
case_88,Approve Purchase Order for payment,Magdalena Predutta,2025-10-05 01:42:19.419466,2025-10-05 14:02:19.419466,2025-10-05 14:02:19.419466
case_88,Send invoice,Esmeralda Clay,2025-10-05 14:02:19.419466,2025-10-05 20:24:19.419466,2025-10-05 20:24:19.419466
case_88,Release Supplier's Invoice,Karalda Nimwada,2025-10-05 20:24:19.419466,2025-10-05 20:30:19.419466,2025-10-05 20:34:19.419466
case_88,Authorize Supplier's Invoice payment,Karalda Nimwada,2025-10-05 20:34:19.419466,2025-10-05 20:54:19.419466,2025-10-05 20:54:19.419466
case_88,Pay invoice,Pedro Alvares,2025-10-05 20:54:19.419466,2025-10-05 20:54:19.419466,2025-10-05 21:08:19.419466
case_93,Send invoice,Esmeralda Clay,2025-09-28 19:59:19.419466,2025-10-06 08:22:19.419466,2025-10-06 08:22:19.419466
case_93,Release Supplier's Invoice,Pedro Alvares,2025-10-06 08:22:19.419466,2025-10-06 08:22:19.419466,2025-10-06 08:26:19.419466
case_93,Authorize Supplier's Invoice payment,Pedro Alvares,2025-10-06 08:26:19.419466,2025-10-06 08:26:19.419466,2025-10-06 08:26:19.419466
case_93,Pay invoice,Pedro Alvares,2025-10-06 08:26:19.419466,2025-10-06 10:20:19.419466,2025-10-06 10:28:19.419466
case_99,Send invoice,Carmen Finacse,2025-09-26 17:48:19.419466,2025-10-09 08:44:19.419466,2025-10-09 08:44:19.419466
case_99,Release Supplier's Invoice,Karalda Nimwada,2025-10-09 08:44:19.419466,2025-10-09 18:04:19.419466,2025-10-09 18:05:19.419466
case_99,Authorize Supplier's Invoice payment,Karalda Nimwada,2025-10-09 18:05:19.419466,2025-10-09 18:49:19.419466,2025-10-09 18:49:19.419466
case_99,Pay invoice,Karalda Nimwada,2025-10-09 18:49:19.419466,2025-10-09 18:55:19.419466,2025-10-09 18:58:19.419466
