case:concept:name,concept:name,org:resource,enabled:timestamp,start:timestamp,time:timestamp
case_1,Create Purchase Requisition,Kim Passa,2025-07-31 20:53:48.935471,2025-07-31 20:53:48.935471,2025-07-31 21:37:48.935471
case_2,Create Purchase Requisition,Fjodor Kowalski,2025-07-31 21:17:48.935471,2025-07-31 21:17:48.935471,2025-07-31 21:48:48.935471
case_3,Create Purchase Requisition,Penn Osterwalder,2025-07-31 21:43:48.935471,2025-07-31 21:43:48.935471,2025-07-31 22:11:48.935471
case_4,Create Purchase Requisition,Tesca Lobes,2025-07-31 21:51:48.935471,2025-07-31 21:51:48.935471,2025-07-31 22:43:48.935471
case_1,Analyze Purchase Requisition,Maris Freeman,2025-07-31 21:37:48.935471,2025-07-31 22:21:48.935471,2025-07-31 22:27:48.935471
case_2,Analyze Purchase Requisition,Heinz Gutschmidt,2025-07-31 21:48:48.935471,2025-08-01 00:33:48.935471,2025-08-01 00:36:48.935471
case_5,Create Purchase Requisition,Esmana Liubiata,2025-08-01 01:31:48.935471,2025-08-01 01:31:48.935471,2025-08-01 01:49:48.935471
case_5,Analyze Purchase Requisition,Francis Odell,2025-08-01 01:49:48.935471,2025-08-01 02:12:48.935471,2025-08-01 02:17:48.935471
case_3,Create Request for Quotation Requester,Immanuel Karagianni,2025-07-31 22:11:48.935471,2025-08-01 02:56:48.935471,2025-08-01 03:06:48.935471
case_3,Analyze Request for Quotation,Magdalena Predutta,2025-08-01 03:06:48.935471,2025-08-01 05:31:48.935471,2025-08-01 05:53:48.935471
case_4,Create Request for Quotation Requester Manager,Maris Freeman,2025-07-31 22:43:48.935471,2025-08-01 05:56:48.935471,2025-08-01 05:59:48.935471
case_6,Create Purchase Requisition,Esmana Liubiata,2025-08-01 06:15:48.935471,2025-08-01 06:15:48.935471,2025-08-01 10:08:48.935471
case_4,Analyze Request for Quotation,Magdalena Predutta,2025-08-01 05:59:48.935471,2025-08-01 10:02:48.935471,2025-08-01 10:23:48.935471
case_7,Create Purchase Requisition,Kim Passa,2025-08-01 11:29:48.935471,2025-08-01 11:29:48.935471,2025-08-01 13:22:48.935471
case_4,Send Request for Quotation to Supplier,Karel de Groot,2025-08-01 10:23:48.935471,2025-08-01 12:14:48.935471,2025-08-01 12:28:48.935471
case_5,Create Request for Quotation Requester Manager,Heinz Gutschmidt,2025-08-01 02:17:48.935471,2025-08-01 13:13:48.935471,2025-08-01 13:13:48.935471
case_2,Create Request for Quotation Requester Manager,Heinz Gutschmidt,2025-08-01 00:36:48.935471,2025-08-01 13:37:48.935471,2025-08-01 13:39:48.935471
case_2,Analyze Request for Quotation,Francois de Perrier,2025-08-01 13:39:48.935471,2025-08-01 15:31:48.935471,2025-08-01 16:05:48.935471
case_5,Analyze Request for Quotation,Magdalena Predutta,2025-08-01 13:13:48.935471,2025-08-01 18:12:48.935471,2025-08-01 18:20:48.935471
case_5,Amend Request for Quotation Requester,Kim Passa,2025-08-01 18:20:48.935471,2025-08-01 19:51:48.935471,2025-08-01 20:03:48.935471
case_8,Create Purchase Requisition,Penn Osterwalder,2025-08-01 20:13:48.935471,2025-08-01 20:13:48.935471,2025-08-01 21:10:48.935471
case_1,Create Request for Quotation Requester Manager,Francis Odell,2025-07-31 22:27:48.935471,2025-08-01 20:53:48.935471,2025-08-01 20:54:48.935471
case_2,Send Request for Quotation to Supplier,Karel de Groot,2025-08-01 16:05:48.935471,2025-08-01 21:43:48.935471,2025-08-01 22:01:48.935471
case_8,Analyze Purchase Requisition,Francis Odell,2025-08-01 21:10:48.935471,2025-08-01 23:20:48.935471,2025-08-01 23:28:48.935471
case_6,Analyze Purchase Requisition,Maris Freeman,2025-08-01 10:08:48.935471,2025-08-01 23:38:48.935471,2025-08-01 23:38:48.935471
case_7,Analyze Purchase Requisition,Maris Freeman,2025-08-01 13:22:48.935471,2025-08-01 23:52:48.935471,2025-08-01 23:58:48.935471
case_7,Create Request for Quotation Requester,Anne Olwada,2025-08-01 23:58:48.935471,2025-08-02 08:34:48.935471,2025-08-02 08:40:48.935471
case_2,Create Quotation comparison Map,Francois de Perrier,2025-08-01 22:01:48.935471,2025-08-02 10:01:48.935471,2025-08-02 13:11:48.935471
case_1,Analyze Request for Quotation,Francois de Perrier,2025-08-01 20:54:48.935471,2025-08-02 12:31:48.935471,2025-08-02 12:56:48.935471
case_6,Create Request for Quotation Requester Manager,Francis Odell,2025-08-01 23:38:48.935471,2025-08-02 12:53:48.935471,2025-08-02 12:54:48.935471
case_1,Send Request for Quotation to Supplier,Magdalena Predutta,2025-08-02 12:56:48.935471,2025-08-02 13:50:48.935471,2025-08-02 15:05:48.935471
case_7,Analyze Request for Quotation,Francois de Perrier,2025-08-02 08:40:48.935471,2025-08-02 15:24:48.935471,2025-08-02 15:39:48.935471
case_6,Analyze Request for Quotation,Magdalena Predutta,2025-08-02 12:54:48.935471,2025-08-02 15:29:48.935471,2025-08-02 15:54:48.935471
case_6,Amend Request for Quotation Requester,Miu Hanwan,2025-08-02 15:54:48.935471,2025-08-02 16:21:48.935471,2025-08-02 16:24:48.935471
case_5,Analyze Request for Quotation,Karel de Groot,2025-08-01 20:03:48.935471,2025-08-02 16:45:48.935471,2025-08-02 17:18:48.935471
case_8,Create Request for Quotation Requester Manager,Maris Freeman,2025-08-01 23:28:48.935471,2025-08-02 17:19:48.935471,2025-08-02 17:23:48.935471
case_5,Amend Request for Quotation Requester,Immanuel Karagianni,2025-08-02 17:18:48.935471,2025-08-02 17:49:48.935471,2025-08-02 17:57:48.935471
case_2,Analyze Quotation comparison Map,Alberto Duport,2025-08-02 13:11:48.935471,2025-08-02 20:31:48.935471,2025-08-02 20:46:48.935471
case_8,Analyze Request for Quotation,Magdalena Predutta,2025-08-02 17:23:48.935471,2025-08-02 21:30:48.935471,2025-08-02 21:34:48.935471
case_5,Analyze Request for Quotation,Magdalena Predutta,2025-08-02 17:57:48.935471,2025-08-02 21:42:48.935471,2025-08-02 21:56:48.935471
case_2,Choose best option,Immanuel Karagianni,2025-08-02 20:46:48.935471,2025-08-02 22:25:48.935471,2025-08-02 22:25:48.935471
case_7,Send Request for Quotation to Supplier,Karel de Groot,2025-08-02 15:39:48.935471,2025-08-03 00:19:48.935471,2025-08-03 00:39:48.935471
case_5,Send Request for Quotation to Supplier,Magdalena Predutta,2025-08-02 21:56:48.935471,2025-08-03 00:31:48.935471,2025-08-03 00:46:48.935471
case_2,Settle conditions with supplier,Magdalena Predutta,2025-08-02 22:25:48.935471,2025-08-03 00:56:48.935471,2025-08-03 11:08:48.935471
case_6,Analyze Request for Quotation,Magdalena Predutta,2025-08-02 16:24:48.935471,2025-08-03 01:32:48.935471,2025-08-03 01:45:48.935471
case_8,Send Request for Quotation to Supplier,Karel de Groot,2025-08-02 21:34:48.935471,2025-08-03 02:55:48.935471,2025-08-03 03:22:48.935471
case_1,Create Quotation comparison Map,Francois de Perrier,2025-08-02 15:05:48.935471,2025-08-03 03:32:48.935471,2025-08-03 05:54:48.935471
case_7,Create Quotation comparison Map,Francois de Perrier,2025-08-03 00:39:48.935471,2025-08-03 03:36:48.935471,2025-08-03 07:32:48.935471
case_9,Create Purchase Requisition,Penn Osterwalder,2025-08-03 03:54:48.935471,2025-08-03 03:54:48.935471,2025-08-03 06:02:48.935471
case_5,Create Quotation comparison Map,Francois de Perrier,2025-08-03 00:46:48.935471,2025-08-03 04:28:48.935471,2025-08-03 05:42:48.935471
case_1,Analyze Quotation comparison Map,Fjodor Kowalski,2025-08-03 05:54:48.935471,2025-08-03 06:12:48.935471,2025-08-03 06:42:48.935471
case_1,Choose best option,Esmana Liubiata,2025-08-03 06:42:48.935471,2025-08-03 07:19:48.935471,2025-08-03 07:19:48.935471
case_8,Create Quotation comparison Map,Karel de Groot,2025-08-03 03:22:48.935471,2025-08-03 08:00:48.935471,2025-08-03 12:22:48.935471
case_7,Analyze Quotation comparison Map,Miu Hanwan,2025-08-03 07:32:48.935471,2025-08-03 08:43:48.935471,2025-08-03 10:09:48.935471
case_9,Create Request for Quotation Requester,Esmana Liubiata,2025-08-03 06:02:48.935471,2025-08-03 09:53:48.935471,2025-08-03 12:02:48.935471
case_5,Analyze Quotation comparison Map,Anne Olwada,2025-08-03 05:42:48.935471,2025-08-03 10:10:48.935471,2025-08-03 10:36:48.935471
case_10,Create Purchase Requisition,Fjodor Kowalski,2025-08-03 11:17:48.935471,2025-08-03 11:17:48.935471,2025-08-03 13:35:48.935471
case_11,Create Purchase Requisition,Kim Passa,2025-08-03 11:33:48.935471,2025-08-03 11:33:48.935471,2025-08-03 13:15:48.935471
case_10,Create Request for Quotation Requester,Anne Olwada,2025-08-03 13:35:48.935471,2025-08-03 13:48:48.935471,2025-08-03 13:59:48.935471
case_8,Analyze Quotation comparison Map,Tesca Lobes,2025-08-03 12:22:48.935471,2025-08-03 14:23:48.935471,2025-08-03 18:17:48.935471
case_10,Analyze Request for Quotation,Karel de Groot,2025-08-03 13:59:48.935471,2025-08-03 14:32:48.935471,2025-08-03 14:40:48.935471
case_10,Amend Request for Quotation Requester,Anne Olwada,2025-08-03 14:40:48.935471,2025-08-03 14:40:48.935471,2025-08-03 17:11:48.935471
case_5,Choose best option,Immanuel Karagianni,2025-08-03 10:36:48.935471,2025-08-03 15:51:48.935471,2025-08-03 15:51:48.935471
case_12,Create Purchase Requisition,Miu Hanwan,2025-08-03 16:01:48.935471,2025-08-03 16:01:48.935471,2025-08-03 17:29:48.935471
case_7,Choose best option,Kim Passa,2025-08-03 10:09:48.935471,2025-08-03 16:38:48.935471,2025-08-03 16:38:48.935471
case_2,Create Purchase Order,Francois de Perrier,2025-08-03 11:08:48.935471,2025-08-03 20:11:48.935471,2025-08-03 20:22:48.935471
case_8,Choose best option,Penn Osterwalder,2025-08-03 18:17:48.935471,2025-08-03 20:39:48.935471,2025-08-03 20:39:48.935471
case_1,Settle conditions with supplier,Francois de Perrier,2025-08-03 07:19:48.935471,2025-08-03 21:19:48.935471,2025-08-04 05:06:48.935471
case_11,Create Request for Quotation Requester Manager,Heinz Gutschmidt,2025-08-03 13:15:48.935471,2025-08-04 00:18:48.935471,2025-08-04 00:19:48.935471
case_7,Settle conditions with supplier,Francois de Perrier,2025-08-03 16:38:48.935471,2025-08-04 02:42:48.935471,2025-08-04 11:52:48.935471
case_13,Create Purchase Requisition,Fjodor Kowalski,2025-08-04 04:51:48.935471,2025-08-04 04:51:48.935471,2025-08-04 05:11:48.935471
case_9,Analyze Request for Quotation,Magdalena Predutta,2025-08-03 12:02:48.935471,2025-08-04 05:41:48.935471,2025-08-04 05:52:48.935471
case_5,Settle conditions with supplier,Magdalena Predutta,2025-08-03 15:51:48.935471,2025-08-04 05:41:48.935471,2025-08-04 09:21:48.935471
case_12,Create Request for Quotation Requester Manager,Heinz Gutschmidt,2025-08-03 17:29:48.935471,2025-08-04 08:54:48.935471,2025-08-04 08:55:48.935471
case_9,Amend Request for Quotation Requester,Tesca Lobes,2025-08-04 05:52:48.935471,2025-08-04 08:59:48.935471,2025-08-04 09:09:48.935471
case_1,Create Purchase Order,Magdalena Predutta,2025-08-04 05:06:48.935471,2025-08-04 09:09:48.935471,2025-08-04 09:18:48.935471
case_6,Send Request for Quotation to Supplier,Francois de Perrier,2025-08-03 01:45:48.935471,2025-08-04 10:30:48.935471,2025-08-04 11:19:48.935471
case_12,Analyze Request for Quotation,Francois de Perrier,2025-08-04 08:55:48.935471,2025-08-04 14:39:48.935471,2025-08-04 16:01:48.935471
case_9,Analyze Request for Quotation,Magdalena Predutta,2025-08-04 09:09:48.935471,2025-08-04 17:01:48.935471,2025-08-04 17:34:48.935471
case_11,Analyze Request for Quotation,Karel de Groot,2025-08-04 00:19:48.935471,2025-08-04 21:01:48.935471,2025-08-04 21:23:48.935471
case_11,Amend Request for Quotation Requester,Esmana Liubiata,2025-08-04 21:23:48.935471,2025-08-04 22:57:48.935471,2025-08-04 23:07:48.935471
case_9,Amend Request for Quotation Requester,Miu Hanwan,2025-08-04 17:34:48.935471,2025-08-04 23:25:48.935471,2025-08-04 23:31:48.935471
case_11,Analyze Request for Quotation,Karel de Groot,2025-08-04 23:07:48.935471,2025-08-04 23:31:48.935471,2025-08-04 23:42:48.935471
case_10,Analyze Request for Quotation,Karel de Groot,2025-08-03 17:11:48.935471,2025-08-05 00:18:48.935471,2025-08-05 00:43:48.935471
case_13,Create Request for Quotation Requester Manager,Heinz Gutschmidt,2025-08-04 05:11:48.935471,2025-08-05 01:39:48.935471,2025-08-05 01:42:48.935471
case_10,Amend Request for Quotation Requester,Kim Passa,2025-08-05 00:43:48.935471,2025-08-05 02:20:48.935471,2025-08-05 02:31:48.935471
case_13,Analyze Request for Quotation,Magdalena Predutta,2025-08-05 01:42:48.935471,2025-08-05 03:12:48.935471,2025-08-05 03:34:48.935471
case_4,Create Quotation comparison Map,Karel de Groot,2025-08-01 12:28:48.935471,2025-08-05 04:12:48.935471,2025-08-05 04:35:48.935471
case_11,Amend Request for Quotation Requester,Nico Ojenbeer,2025-08-04 23:42:48.935471,2025-08-05 04:26:48.935471,2025-08-05 04:41:48.935471
case_4,Analyze Quotation comparison Map,Tesca Lobes,2025-08-05 04:35:48.935471,2025-08-05 05:44:48.935471,2025-08-05 05:56:48.935471
case_5,Create Purchase Order,Karel de Groot,2025-08-04 09:21:48.935471,2025-08-05 06:03:48.935471,2025-08-05 06:12:48.935471
case_7,Create Purchase Order,Magdalena Predutta,2025-08-04 11:52:48.935471,2025-08-05 07:39:48.935471,2025-08-05 07:45:48.935471
case_4,Choose best option,Penn Osterwalder,2025-08-05 05:56:48.935471,2025-08-05 07:41:48.935471,2025-08-05 07:41:48.935471
case_6,Create Quotation comparison Map,Karel de Groot,2025-08-04 11:19:48.935471,2025-08-05 09:31:48.935471,2025-08-05 14:09:48.935471
case_10,Analyze Request for Quotation,Francois de Perrier,2025-08-05 02:31:48.935471,2025-08-05 09:34:48.935471,2025-08-05 09:55:48.935471
case_8,Settle conditions with supplier,Magdalena Predutta,2025-08-03 20:39:48.935471,2025-08-05 12:30:48.935471,2025-08-05 17:15:48.935471
case_13,Send Request for Quotation to Supplier,Magdalena Predutta,2025-08-05 03:34:48.935471,2025-08-05 13:55:48.935471,2025-08-05 14:19:48.935471
case_6,Analyze Quotation comparison Map,Kim Passa,2025-08-05 14:09:48.935471,2025-08-05 14:32:48.935471,2025-08-05 14:39:48.935471
case_11,Analyze Request for Quotation,Magdalena Predutta,2025-08-05 04:41:48.935471,2025-08-05 15:45:48.935471,2025-08-05 15:53:48.935471
case_12,Send Request for Quotation to Supplier,Magdalena Predutta,2025-08-04 16:01:48.935471,2025-08-05 16:44:48.935471,2025-08-05 16:54:48.935471
case_1,Confirm Purchase Order,Esmeralda Clay,2025-08-04 09:18:48.935471,2025-08-05 17:27:48.935471,2025-08-05 17:46:48.935471
case_14,Create Purchase Requisition,Miu Hanwan,2025-08-05 18:03:48.935471,2025-08-05 18:03:48.935471,2025-08-05 18:03:48.935471
case_11,Amend Request for Quotation Requester,Alberto Duport,2025-08-05 15:53:48.935471,2025-08-05 19:14:48.935471,2025-08-05 19:25:48.935471
case_6,Choose best option,Fjodor Kowalski,2025-08-05 14:39:48.935471,2025-08-05 20:52:48.935471,2025-08-05 20:52:48.935471
case_10,Send Request for Quotation to Supplier,Magdalena Predutta,2025-08-05 09:55:48.935471,2025-08-05 23:00:48.935471,2025-08-05 23:49:48.935471
case_15,Create Purchase Requisition,Penn Osterwalder,2025-08-05 23:19:48.935471,2025-08-05 23:19:48.935471,2025-08-06 00:52:48.935471
case_16,Create Purchase Requisition,Tesca Lobes,2025-08-05 23:31:48.935471,2025-08-05 23:31:48.935471,2025-08-05 23:31:48.935471
case_11,Analyze Request for Quotation,Karel de Groot,2025-08-05 19:25:48.935471,2025-08-06 00:01:48.935471,2025-08-06 00:31:48.935471
case_4,Settle conditions with supplier,Karel de Groot,2025-08-05 07:41:48.935471,2025-08-06 01:46:48.935471,2025-08-06 09:31:48.935471
case_16,Create Request for Quotation Requester Manager,Francis Odell,2025-08-05 23:31:48.935471,2025-08-06 04:30:48.935471,2025-08-06 04:31:48.935471
case_10,Create Quotation comparison Map,Magdalena Predutta,2025-08-05 23:49:48.935471,2025-08-06 04:48:48.935471,2025-08-06 10:18:48.935471
case_17,Create Purchase Requisition,Tesca Lobes,2025-08-06 05:18:48.935471,2025-08-06 05:18:48.935471,2025-08-06 05:21:48.935471
case_8,Create Purchase Order,Magdalena Predutta,2025-08-05 17:15:48.935471,2025-08-06 09:02:48.935471,2025-08-06 09:11:48.935471
case_10,Analyze Quotation comparison Map,Alberto Duport,2025-08-06 10:18:48.935471,2025-08-06 11:00:48.935471,2025-08-06 11:13:48.935471
case_14,Analyze Purchase Requisition,Heinz Gutschmidt,2025-08-05 18:03:48.935471,2025-08-06 11:23:48.935471,2025-08-06 11:26:48.935471
case_4,Create Purchase Order,Magdalena Predutta,2025-08-06 09:31:48.935471,2025-08-06 11:39:48.935471,2025-08-06 11:47:48.935471
case_10,Choose best option,Fjodor Kowalski,2025-08-06 11:13:48.935471,2025-08-06 11:40:48.935471,2025-08-06 11:40:48.935471
case_18,Create Purchase Requisition,Anne Olwada,2025-08-06 11:46:48.935471,2025-08-06 11:46:48.935471,2025-08-06 12:36:48.935471
case_5,Confirm Purchase Order,Carmen Finacse,2025-08-05 06:12:48.935471,2025-08-06 12:21:48.935471,2025-08-06 12:46:48.935471
case_7,Confirm Purchase Order,Karen Clarens,2025-08-05 07:45:48.935471,2025-08-06 12:45:48.935471,2025-08-06 12:46:48.935471
case_2,Confirm Purchase Order,Carmen Finacse,2025-08-03 20:22:48.935471,2025-08-06 12:51:48.935471,2025-08-06 13:03:48.935471
case_14,Create Request for Quotation Requester,Alberto Duport,2025-08-06 11:26:48.935471,2025-08-06 13:23:48.935471,2025-08-06 13:30:48.935471
case_18,Create Request for Quotation Requester Manager,Francis Odell,2025-08-06 12:36:48.935471,2025-08-06 16:33:48.935471,2025-08-06 16:35:48.935471
case_6,Settle conditions with supplier,Karel de Groot,2025-08-05 20:52:48.935471,2025-08-06 16:35:48.935471,2025-08-06 18:56:48.935471
case_16,Analyze Request for Quotation,Francois de Perrier,2025-08-06 04:31:48.935471,2025-08-06 19:05:48.935471,2025-08-06 19:32:48.935471
case_18,Analyze Request for Quotation,Francois de Perrier,2025-08-06 16:35:48.935471,2025-08-06 19:07:48.935471,2025-08-06 19:34:48.935471
case_19,Create Purchase Requisition,Miu Hanwan,2025-08-06 19:22:48.935471,2025-08-06 19:22:48.935471,2025-08-06 20:40:48.935471
case_20,Create Purchase Requisition,Kim Passa,2025-08-06 19:56:48.935471,2025-08-06 19:56:48.935471,2025-08-06 21:49:48.935471
case_18,Send Request for Quotation to Supplier,Karel de Groot,2025-08-06 19:34:48.935471,2025-08-06 22:49:48.935471,2025-08-07 00:12:48.935471
case_19,Analyze Purchase Requisition,Maris Freeman,2025-08-06 20:40:48.935471,2025-08-06 23:22:48.935471,2025-08-06 23:28:48.935471
case_21,Create Purchase Requisition,Fjodor Kowalski,2025-08-07 00:06:48.935471,2025-08-07 00:06:48.935471,2025-08-07 00:09:48.935471
case_16,Send Request for Quotation to Supplier,Francois de Perrier,2025-08-06 19:32:48.935471,2025-08-07 00:08:48.935471,2025-08-07 00:31:48.935471
case_11,Send Request for Quotation to Supplier,Karel de Groot,2025-08-06 00:31:48.935471,2025-08-07 00:11:48.935471,2025-08-07 00:21:48.935471
case_4,Confirm Purchase Order,Karen Clarens,2025-08-06 11:47:48.935471,2025-08-07 01:31:48.935471,2025-08-07 01:58:48.935471
case_6,Create Purchase Order,Karel de Groot,2025-08-06 18:56:48.935471,2025-08-07 01:47:48.935471,2025-08-07 01:58:48.935471
case_17,Analyze Purchase Requisition,Heinz Gutschmidt,2025-08-06 05:21:48.935471,2025-08-07 02:48:48.935471,2025-08-07 02:55:48.935471
case_22,Create Purchase Requisition,Kim Passa,2025-08-07 03:12:48.935471,2025-08-07 03:12:48.935471,2025-08-07 03:48:48.935471
case_16,Create Quotation comparison Map,Magdalena Predutta,2025-08-07 00:31:48.935471,2025-08-07 03:56:48.935471,2025-08-07 06:59:48.935471
case_23,Create Purchase Requisition,Kim Passa,2025-08-07 04:32:48.935471,2025-08-07 04:32:48.935471,2025-08-07 07:01:48.935471
case_7,Deliver Goods Services,Kiu Kan,2025-08-06 12:46:48.935471,2025-08-07 05:50:48.935471,2025-08-08 18:05:48.935471
case_24,Create Purchase Requisition,Esmana Liubiata,2025-08-07 05:51:48.935471,2025-08-07 05:51:48.935471,2025-08-07 06:44:48.935471
case_11,Create Quotation comparison Map,Francois de Perrier,2025-08-07 00:21:48.935471,2025-08-07 06:10:48.935471,2025-08-07 10:56:48.935471
case_19,Create Request for Quotation Requester Manager,Francis Odell,2025-08-06 23:28:48.935471,2025-08-07 07:47:48.935471,2025-08-07 07:49:48.935471
case_15,Analyze Purchase Requisition,Maris Freeman,2025-08-06 00:52:48.935471,2025-08-07 09:01:48.935471,2025-08-07 09:07:48.935471
case_23,Analyze Purchase Requisition,Francis Odell,2025-08-07 07:01:48.935471,2025-08-07 09:08:48.935471,2025-08-07 09:14:48.935471
case_16,Analyze Quotation comparison Map,Alberto Duport,2025-08-07 06:59:48.935471,2025-08-07 09:17:48.935471,2025-08-07 09:17:48.935471
case_21,Create Request for Quotation Requester Manager,Maris Freeman,2025-08-07 00:09:48.935471,2025-08-07 09:40:48.935471,2025-08-07 09:41:48.935471
case_15,Create Request for Quotation Requester,Christian Francois,2025-08-07 09:07:48.935471,2025-08-07 10:42:48.935471,2025-08-07 10:50:48.935471
case_25,Create Purchase Requisition,Esmana Liubiata,2025-08-07 11:26:48.935471,2025-08-07 11:26:48.935471,2025-08-07 12:03:48.935471
case_25,Create Request for Quotation Requester,Tesca Lobes,2025-08-07 12:03:48.935471,2025-08-07 12:36:48.935471,2025-08-07 12:45:48.935471
case_11,Analyze Quotation comparison Map,Esmana Liubiata,2025-08-07 10:56:48.935471,2025-08-07 13:02:48.935471,2025-08-07 13:08:48.935471
case_24,Create Request for Quotation Requester,Miu Hanwan,2025-08-07 06:44:48.935471,2025-08-07 13:11:48.935471,2025-08-07 13:21:48.935471
case_26,Create Purchase Requisition,Fjodor Kowalski,2025-08-07 13:46:48.935471,2025-08-07 13:46:48.935471,2025-08-07 13:57:48.935471
case_27,Create Purchase Requisition,Anne Olwada,2025-08-07 14:18:48.935471,2025-08-07 14:18:48.935471,2025-08-07 15:17:48.935471
case_11,Choose best option,Immanuel Karagianni,2025-08-07 13:08:48.935471,2025-08-07 14:22:48.935471,2025-08-07 14:22:48.935471
case_16,Choose best option,Nico Ojenbeer,2025-08-07 09:17:48.935471,2025-08-07 14:51:48.935471,2025-08-07 14:51:48.935471
case_17,Create Request for Quotation Requester,Nico Ojenbeer,2025-08-07 02:55:48.935471,2025-08-07 15:39:48.935471,2025-08-07 15:57:48.935471
case_17,Analyze Request for Quotation,Karel de Groot,2025-08-07 15:57:48.935471,2025-08-07 18:39:48.935471,2025-08-07 19:08:48.935471
case_23,Create Request for Quotation Requester Manager,Heinz Gutschmidt,2025-08-07 09:14:48.935471,2025-08-07 18:44:48.935471,2025-08-07 18:46:48.935471
case_20,Analyze Purchase Requisition,Maris Freeman,2025-08-06 21:49:48.935471,2025-08-07 19:11:48.935471,2025-08-07 19:19:48.935471
case_23,Analyze Request for Quotation,Magdalena Predutta,2025-08-07 18:46:48.935471,2025-08-07 22:08:48.935471,2025-08-07 22:39:48.935471
case_25,Analyze Request for Quotation,Francois de Perrier,2025-08-07 12:45:48.935471,2025-08-07 22:15:48.935471,2025-08-07 22:29:48.935471
case_24,Analyze Request for Quotation,Karel de Groot,2025-08-07 13:21:48.935471,2025-08-07 23:15:48.935471,2025-08-07 23:30:48.935471
case_22,Analyze Purchase Requisition,Maris Freeman,2025-08-07 03:48:48.935471,2025-08-08 00:22:48.935471,2025-08-08 00:28:48.935471
case_6,Confirm Purchase Order,Sean Manney,2025-08-07 01:58:48.935471,2025-08-08 01:00:48.935471,2025-08-08 01:27:48.935471
case_17,Amend Request for Quotation Requester,Esmana Liubiata,2025-08-07 19:08:48.935471,2025-08-08 01:31:48.935471,2025-08-08 01:36:48.935471
case_17,Analyze Request for Quotation,Karel de Groot,2025-08-08 01:36:48.935471,2025-08-08 02:37:48.935471,2025-08-08 02:50:48.935471
case_24,Send Request for Quotation to Supplier,Francois de Perrier,2025-08-07 23:30:48.935471,2025-08-08 02:38:48.935471,2025-08-08 03:01:48.935471
case_23,Send Request for Quotation to Supplier,Karel de Groot,2025-08-07 22:39:48.935471,2025-08-08 03:35:48.935471,2025-08-08 03:53:48.935471
case_1,Deliver Goods Services,Kiu Kan,2025-08-05 17:46:48.935471,2025-08-08 04:55:48.935471,2025-08-09 18:11:48.935471
case_18,Create Quotation comparison Map,Magdalena Predutta,2025-08-07 00:12:48.935471,2025-08-08 05:28:48.935471,2025-08-08 08:23:48.935471
case_23,Create Quotation comparison Map,Karel de Groot,2025-08-08 03:53:48.935471,2025-08-08 06:15:48.935471,2025-08-08 08:07:48.935471
case_15,Analyze Request for Quotation,Magdalena Predutta,2025-08-07 10:50:48.935471,2025-08-08 06:56:48.935471,2025-08-08 07:15:48.935471
case_9,Analyze Request for Quotation,Karel de Groot,2025-08-04 23:31:48.935471,2025-08-08 07:00:48.935471,2025-08-08 07:22:48.935471
case_8,Confirm Purchase Order,Kiu Kan,2025-08-06 09:11:48.935471,2025-08-08 07:06:48.935471,2025-08-08 07:30:48.935471
case_27,Analyze Purchase Requisition,Maris Freeman,2025-08-07 15:17:48.935471,2025-08-08 08:20:48.935471,2025-08-08 08:25:48.935471
case_24,Create Quotation comparison Map,Karel de Groot,2025-08-08 03:01:48.935471,2025-08-08 08:50:48.935471,2025-08-08 14:13:48.935471
case_27,Create Request for Quotation Requester,Penn Osterwalder,2025-08-08 08:25:48.935471,2025-08-08 11:10:48.935471,2025-08-08 11:19:48.935471
case_4,Deliver Goods Services,Carmen Finacse,2025-08-07 01:58:48.935471,2025-08-08 11:57:48.935471,2025-08-10 01:30:48.935471
case_15,Send Request for Quotation to Supplier,Magdalena Predutta,2025-08-08 07:15:48.935471,2025-08-08 12:26:48.935471,2025-08-08 12:59:48.935471
case_11,Settle conditions with supplier,Karel de Groot,2025-08-07 14:22:48.935471,2025-08-08 12:35:48.935471,2025-08-08 23:36:48.935471
case_22,Create Request for Quotation Requester Manager,Heinz Gutschmidt,2025-08-08 00:28:48.935471,2025-08-08 12:59:48.935471,2025-08-08 13:00:48.935471
case_23,Analyze Quotation comparison Map,Tesca Lobes,2025-08-08 08:07:48.935471,2025-08-08 14:08:48.935471,2025-08-08 14:12:48.935471
case_24,Analyze Quotation comparison Map,Alberto Duport,2025-08-08 14:13:48.935471,2025-08-08 14:30:48.935471,2025-08-08 14:50:48.935471
case_16,Settle conditions with supplier,Magdalena Predutta,2025-08-07 14:51:48.935471,2025-08-08 14:34:48.935471,2025-08-08 22:23:48.935471
case_24,Choose best option,Kim Passa,2025-08-08 14:50:48.935471,2025-08-08 15:08:48.935471,2025-08-08 15:08:48.935471
case_24,Settle conditions with supplier,Francois de Perrier,2025-08-08 15:08:48.935471,2025-08-08 15:39:48.935471,2025-08-09 03:51:48.935471
case_27,Analyze Request for Quotation,Magdalena Predutta,2025-08-08 11:19:48.935471,2025-08-08 16:30:48.935471,2025-08-08 16:58:48.935471
case_27,Amend Request for Quotation Requester,Esmana Liubiata,2025-08-08 16:58:48.935471,2025-08-08 17:00:48.935471,2025-08-08 17:13:48.935471
case_6,Deliver Goods Services,Karen Clarens,2025-08-08 01:27:48.935471,2025-08-08 17:21:48.935471,2025-08-09 07:18:48.935471
case_28,Create Purchase Requisition,Nico Ojenbeer,2025-08-08 18:08:48.935471,2025-08-08 18:08:48.935471,2025-08-08 18:45:48.935471
case_18,Analyze Quotation comparison Map,Miu Hanwan,2025-08-08 08:23:48.935471,2025-08-08 19:02:48.935471,2025-08-08 19:21:48.935471
case_20,Create Request for Quotation Requester Manager,Maris Freeman,2025-08-07 19:19:48.935471,2025-08-08 19:08:48.935471,2025-08-08 19:08:48.935471
case_23,Choose best option,Christian Francois,2025-08-08 14:12:48.935471,2025-08-08 19:50:48.935471,2025-08-08 19:50:48.935471
case_10,Settle conditions with supplier,Francois de Perrier,2025-08-06 11:40:48.935471,2025-08-08 21:24:48.935471,2025-08-09 02:51:48.935471
case_27,Analyze Request for Quotation,Magdalena Predutta,2025-08-08 17:13:48.935471,2025-08-08 22:32:48.935471,2025-08-08 23:04:48.935471
case_22,Analyze Request for Quotation,Magdalena Predutta,2025-08-08 13:00:48.935471,2025-08-08 22:58:48.935471,2025-08-08 23:13:48.935471
case_18,Choose best option,Fjodor Kowalski,2025-08-08 19:21:48.935471,2025-08-08 23:15:48.935471,2025-08-08 23:15:48.935471
case_27,Send Request for Quotation to Supplier,Karel de Groot,2025-08-08 23:04:48.935471,2025-08-08 23:18:48.935471,2025-08-08 23:44:48.935471
case_15,Create Quotation comparison Map,Magdalena Predutta,2025-08-08 12:59:48.935471,2025-08-08 23:40:48.935471,2025-08-09 00:54:48.935471
case_14,Analyze Request for Quotation,Magdalena Predutta,2025-08-06 13:30:48.935471,2025-08-09 00:18:48.935471,2025-08-09 00:39:48.935471
case_28,Analyze Purchase Requisition,Francis Odell,2025-08-08 18:45:48.935471,2025-08-09 00:58:48.935471,2025-08-09 01:07:48.935471
case_20,Analyze Request for Quotation,Francois de Perrier,2025-08-08 19:08:48.935471,2025-08-09 01:40:48.935471,2025-08-09 02:05:48.935471
case_27,Create Quotation comparison Map,Francois de Perrier,2025-08-08 23:44:48.935471,2025-08-09 01:59:48.935471,2025-08-09 05:55:48.935471
case_15,Analyze Quotation comparison Map,Kim Passa,2025-08-09 00:54:48.935471,2025-08-09 02:31:48.935471,2025-08-09 02:51:48.935471
case_22,Send Request for Quotation to Supplier,Francois de Perrier,2025-08-08 23:13:48.935471,2025-08-09 02:38:48.935471,2025-08-09 03:04:48.935471
case_7,Release Purchase Order,Kim Passa,2025-08-08 18:05:48.935471,2025-08-09 02:56:48.935471,2025-08-09 02:56:48.935471
case_9,Amend Request for Quotation Requester Manager,Maris Freeman,2025-08-08 07:22:48.935471,2025-08-09 03:00:48.935471,2025-08-09 03:01:48.935471
case_9,Analyze Request for Quotation,Karel de Groot,2025-08-09 03:01:48.935471,2025-08-09 03:40:48.935471,2025-08-09 04:13:48.935471
case_14,Amend Request for Quotation Requester,Alberto Duport,2025-08-09 00:39:48.935471,2025-08-09 03:44:48.935471,2025-08-09 03:53:48.935471
case_10,Create Purchase Order,Magdalena Predutta,2025-08-09 02:51:48.935471,2025-08-09 04:26:48.935471,2025-08-09 04:34:48.935471
case_24,Create Purchase Order,Magdalena Predutta,2025-08-09 03:51:48.935471,2025-08-09 04:45:48.935471,2025-08-09 04:52:48.935471
case_25,Send Request for Quotation to Supplier,Karel de Groot,2025-08-07 22:29:48.935471,2025-08-09 05:24:48.935471,2025-08-09 05:48:48.935471
case_15,Choose best option,Tesca Lobes,2025-08-09 02:51:48.935471,2025-08-09 06:02:48.935471,2025-08-09 06:02:48.935471
case_20,Amend Request for Quotation Requester,Anne Olwada,2025-08-09 02:05:48.935471,2025-08-09 07:01:48.935471,2025-08-09 07:04:48.935471
case_28,Create Request for Quotation Requester,Anne Olwada,2025-08-09 01:07:48.935471,2025-08-09 08:23:48.935471,2025-08-09 08:27:48.935471
case_6,Release Purchase Order,Tesca Lobes,2025-08-09 07:18:48.935471,2025-08-09 09:53:48.935471,2025-08-09 09:53:48.935471
case_20,Analyze Request for Quotation,Francois de Perrier,2025-08-09 07:04:48.935471,2025-08-09 10:14:48.935471,2025-08-09 10:39:48.935471
case_3,Send Request for Quotation to Supplier,Francois de Perrier,2025-08-01 05:53:48.935471,2025-08-09 10:20:48.935471,2025-08-09 10:52:48.935471
case_6,Approve Purchase Order for payment,Magdalena Predutta,2025-08-09 09:53:48.935471,2025-08-09 10:39:48.935471,2025-08-09 10:39:48.935471
case_25,Create Quotation comparison Map,Francois de Perrier,2025-08-09 05:48:48.935471,2025-08-09 12:24:48.935471,2025-08-09 15:50:48.935471
case_27,Analyze Quotation comparison Map,Christian Francois,2025-08-09 05:55:48.935471,2025-08-09 12:29:48.935471,2025-08-09 12:55:48.935471
case_9,Send Request for Quotation to Supplier,Magdalena Predutta,2025-08-09 04:13:48.935471,2025-08-09 13:54:48.935471,2025-08-09 15:08:48.935471
case_20,Amend Request for Quotation Requester,Alberto Duport,2025-08-09 10:39:48.935471,2025-08-09 14:18:48.935471,2025-08-09 14:27:48.935471
case_10,Confirm Purchase Order,Sean Manney,2025-08-09 04:34:48.935471,2025-08-09 15:12:48.935471,2025-08-09 15:27:48.935471
case_28,Analyze Request for Quotation,Francois de Perrier,2025-08-09 08:27:48.935471,2025-08-09 15:28:48.935471,2025-08-09 15:55:48.935471
case_27,Choose best option,Fjodor Kowalski,2025-08-09 12:55:48.935471,2025-08-09 15:49:48.935471,2025-08-09 15:49:48.935471
case_26,Analyze Purchase Requisition,Heinz Gutschmidt,2025-08-07 13:57:48.935471,2025-08-09 18:08:48.935471,2025-08-09 18:17:48.935471
case_28,Send Request for Quotation to Supplier,Karel de Groot,2025-08-09 15:55:48.935471,2025-08-09 18:12:48.935471,2025-08-09 18:31:48.935471
case_20,Analyze Request for Quotation,Francois de Perrier,2025-08-09 14:27:48.935471,2025-08-09 18:34:48.935471,2025-08-09 18:42:48.935471
case_3,Create Quotation comparison Map,Francois de Perrier,2025-08-09 10:52:48.935471,2025-08-09 18:53:48.935471,2025-08-09 19:48:48.935471
case_9,Create Quotation comparison Map,Karel de Groot,2025-08-09 15:08:48.935471,2025-08-09 19:46:48.935471,2025-08-09 21:35:48.935471
case_1,Release Purchase Order,Christian Francois,2025-08-09 18:11:48.935471,2025-08-09 20:20:48.935471,2025-08-09 20:20:48.935471
case_27,Settle conditions with supplier,Karel de Groot,2025-08-09 15:49:48.935471,2025-08-09 20:40:48.935471,2025-08-10 05:28:48.935471
case_25,Analyze Quotation comparison Map,Kim Passa,2025-08-09 15:50:48.935471,2025-08-09 20:45:48.935471,2025-08-09 20:51:48.935471
case_9,Analyze Quotation comparison Map,Anne Olwada,2025-08-09 21:35:48.935471,2025-08-09 21:54:48.935471,2025-08-09 22:13:48.935471
case_25,Choose best option,Immanuel Karagianni,2025-08-09 20:51:48.935471,2025-08-09 22:29:48.935471,2025-08-09 22:29:48.935471
case_8,Deliver Goods Services,Kiu Kan,2025-08-08 07:30:48.935471,2025-08-09 22:49:48.935471,2025-08-10 20:40:48.935471
case_9,Choose best option,Tesca Lobes,2025-08-09 22:13:48.935471,2025-08-09 23:43:48.935471,2025-08-09 23:43:48.935471
case_3,Analyze Quotation comparison Map,Anne Olwada,2025-08-09 19:48:48.935471,2025-08-10 00:28:48.935471,2025-08-10 00:32:48.935471
case_26,Create Request for Quotation Requester,Esmana Liubiata,2025-08-09 18:17:48.935471,2025-08-10 01:17:48.935471,2025-08-10 01:24:48.935471
case_3,Choose best option,Tesca Lobes,2025-08-10 00:32:48.935471,2025-08-10 01:31:48.935471,2025-08-10 01:31:48.935471
case_4,Release Purchase Order,Fjodor Kowalski,2025-08-10 01:30:48.935471,2025-08-10 01:49:48.935471,2025-08-10 01:49:48.935471
case_29,Create Purchase Requisition,Tesca Lobes,2025-08-10 03:55:48.935471,2025-08-10 03:55:48.935471,2025-08-10 04:15:48.935471
case_3,Settle conditions with supplier,Karel de Groot,2025-08-10 01:31:48.935471,2025-08-10 04:18:48.935471,2025-08-10 09:48:48.935471
case_18,Settle conditions with supplier,Karel de Groot,2025-08-08 23:15:48.935471,2025-08-10 05:24:48.935471,2025-08-10 13:54:48.935471
case_26,Analyze Request for Quotation,Magdalena Predutta,2025-08-10 01:24:48.935471,2025-08-10 06:21:48.935471,2025-08-10 06:32:48.935471
case_27,Create Purchase Order,Francois de Perrier,2025-08-10 05:28:48.935471,2025-08-10 07:00:48.935471,2025-08-10 07:11:48.935471
case_4,Approve Purchase Order for payment,Francois de Perrier,2025-08-10 01:49:48.935471,2025-08-10 07:38:48.935471,2025-08-10 07:38:48.935471
case_28,Create Quotation comparison Map,Magdalena Predutta,2025-08-09 18:31:48.935471,2025-08-10 09:36:48.935471,2025-08-10 14:01:48.935471
case_15,Settle conditions with supplier,Magdalena Predutta,2025-08-09 06:02:48.935471,2025-08-10 10:04:48.935471,2025-08-10 23:46:48.935471
case_9,Settle conditions with supplier,Karel de Groot,2025-08-09 23:43:48.935471,2025-08-10 13:47:48.935471,2025-08-10 15:58:48.935471
case_28,Analyze Quotation comparison Map,Alberto Duport,2025-08-10 14:01:48.935471,2025-08-10 15:36:48.935471,2025-08-10 15:55:48.935471
case_14,Analyze Request for Quotation,Francois de Perrier,2025-08-09 03:53:48.935471,2025-08-10 17:10:48.935471,2025-08-10 17:26:48.935471
case_18,Create Purchase Order,Francois de Perrier,2025-08-10 13:54:48.935471,2025-08-10 18:01:48.935471,2025-08-10 18:12:48.935471
case_14,Amend Request for Quotation Requester,Nico Ojenbeer,2025-08-10 17:26:48.935471,2025-08-10 18:31:48.935471,2025-08-10 18:41:48.935471
case_7,Approve Purchase Order for payment,Magdalena Predutta,2025-08-09 02:56:48.935471,2025-08-10 18:47:48.935471,2025-08-10 18:47:48.935471
case_3,Create Purchase Order,Karel de Groot,2025-08-10 09:48:48.935471,2025-08-10 19:08:48.935471,2025-08-10 19:19:48.935471
case_30,Create Purchase Requisition,Tesca Lobes,2025-08-10 20:42:48.935471,2025-08-10 20:42:48.935471,2025-08-10 22:20:48.935471
case_29,Create Request for Quotation Requester Manager,Maris Freeman,2025-08-10 04:15:48.935471,2025-08-10 21:42:48.935471,2025-08-10 21:43:48.935471
case_30,Analyze Purchase Requisition,Francis Odell,2025-08-10 22:20:48.935471,2025-08-10 23:14:48.935471,2025-08-10 23:20:48.935471
case_8,Release Purchase Order,Esmana Liubiata,2025-08-10 20:40:48.935471,2025-08-10 23:17:48.935471,2025-08-10 23:17:48.935471
case_9,Create Purchase Order,Magdalena Predutta,2025-08-10 15:58:48.935471,2025-08-10 23:44:48.935471,2025-08-10 23:56:48.935471
case_29,Analyze Request for Quotation,Francois de Perrier,2025-08-10 21:43:48.935471,2025-08-10 23:50:48.935471,2025-08-11 00:05:48.935471
case_26,Send Request for Quotation to Supplier,Magdalena Predutta,2025-08-10 06:32:48.935471,2025-08-10 23:50:48.935471,2025-08-11 00:19:48.935471
case_31,Create Purchase Requisition,Fjodor Kowalski,2025-08-11 00:04:48.935471,2025-08-11 00:04:48.935471,2025-08-11 00:47:48.935471
case_32,Create Purchase Requisition,Miu Hanwan,2025-08-11 01:00:48.935471,2025-08-11 01:00:48.935471,2025-08-11 01:03:48.935471
case_30,Create Request for Quotation Requester,Nico Ojenbeer,2025-08-10 23:20:48.935471,2025-08-11 01:28:48.935471,2025-08-11 01:40:48.935471
case_33,Create Purchase Requisition,Kim Passa,2025-08-11 01:31:48.935471,2025-08-11 01:31:48.935471,2025-08-11 02:29:48.935471
case_16,Create Purchase Order,Francois de Perrier,2025-08-08 22:23:48.935471,2025-08-11 02:51:48.935471,2025-08-11 02:58:48.935471
case_34,Create Purchase Requisition,Alberto Duport,2025-08-11 03:55:48.935471,2025-08-11 03:55:48.935471,2025-08-11 04:08:48.935471
case_28,Choose best option,Tesca Lobes,2025-08-10 15:55:48.935471,2025-08-11 04:01:48.935471,2025-08-11 04:01:48.935471
case_3,Confirm Purchase Order,Kiu Kan,2025-08-10 19:19:48.935471,2025-08-11 04:18:48.935471,2025-08-11 04:44:48.935471
case_29,Amend Request for Quotation Requester Manager,Heinz Gutschmidt,2025-08-11 00:05:48.935471,2025-08-11 04:59:48.935471,2025-08-11 06:16:48.935471
case_34,Create Request for Quotation Requester,Penn Osterwalder,2025-08-11 04:08:48.935471,2025-08-11 05:46:48.935471,2025-08-11 05:55:48.935471
case_32,Create Request for Quotation Requester,Immanuel Karagianni,2025-08-11 01:03:48.935471,2025-08-11 06:10:48.935471,2025-08-11 06:12:48.935471
case_35,Create Purchase Requisition,Alberto Duport,2025-08-11 07:32:48.935471,2025-08-11 07:32:48.935471,2025-08-11 07:39:48.935471
case_35,Create Request for Quotation Requester Manager,Heinz Gutschmidt,2025-08-11 07:39:48.935471,2025-08-11 07:57:48.935471,2025-08-11 07:58:48.935471
case_9,Confirm Purchase Order,Karen Clarens,2025-08-10 23:56:48.935471,2025-08-11 08:13:48.935471,2025-08-11 08:16:48.935471
case_5,Deliver Goods Services,Sean Manney,2025-08-06 12:46:48.935471,2025-08-11 08:57:48.935471,2025-08-12 14:19:48.935471
case_36,Create Purchase Requisition,Kim Passa,2025-08-11 08:59:48.935471,2025-08-11 08:59:48.935471,2025-08-11 11:23:48.935471
case_6,Send invoice,Esmeralda Clay,2025-08-09 10:39:48.935471,2025-08-11 09:31:48.935471,2025-08-11 09:31:48.935471
case_3,Deliver Goods Services,Sean Manney,2025-08-11 04:44:48.935471,2025-08-11 09:50:48.935471,2025-08-12 19:04:48.935471
case_37,Create Purchase Requisition,Tesca Lobes,2025-08-11 10:04:48.935471,2025-08-11 10:04:48.935471,2025-08-11 10:24:48.935471
case_29,Analyze Request for Quotation,Karel de Groot,2025-08-11 06:16:48.935471,2025-08-11 11:10:48.935471,2025-08-11 11:25:48.935471
case_21,Analyze Request for Quotation,Karel de Groot,2025-08-07 09:41:48.935471,2025-08-11 11:24:48.935471,2025-08-11 11:50:48.935471
case_29,Send Request for Quotation to Supplier,Magdalena Predutta,2025-08-11 11:25:48.935471,2025-08-11 12:11:48.935471,2025-08-11 12:42:48.935471
case_37,Create Request for Quotation Requester Manager,Francis Odell,2025-08-11 10:24:48.935471,2025-08-11 12:17:48.935471,2025-08-11 12:20:48.935471
case_34,Analyze Request for Quotation,Francois de Perrier,2025-08-11 05:55:48.935471,2025-08-11 12:54:48.935471,2025-08-11 13:40:48.935471
case_6,Release Supplier's Invoice,Karalda Nimwada,2025-08-11 09:31:48.935471,2025-08-11 13:07:48.935471,2025-08-11 13:11:48.935471
case_34,Amend Request for Quotation Requester,Tesca Lobes,2025-08-11 13:40:48.935471,2025-08-11 13:42:48.935471,2025-08-11 13:48:48.935471
case_21,Amend Request for Quotation Requester,Alberto Duport,2025-08-11 11:50:48.935471,2025-08-11 14:15:48.935471,2025-08-11 14:30:48.935471
case_32,Analyze Request for Quotation,Karel de Groot,2025-08-11 06:12:48.935471,2025-08-11 17:32:48.935471,2025-08-11 17:54:48.935471
case_38,Create Purchase Requisition,Miu Hanwan,2025-08-11 17:41:48.935471,2025-08-11 17:41:48.935471,2025-08-11 18:07:48.935471
case_6,Settle dispute with supplier Financial Manager,Karalda Nimwada,2025-08-11 13:11:48.935471,2025-08-11 18:15:48.935471,2025-08-11 18:26:48.935471
case_4,Send invoice,Kiu Kan,2025-08-10 07:38:48.935471,2025-08-11 19:45:48.935471,2025-08-11 19:45:48.935471
case_6,Authorize Supplier's Invoice payment,Karalda Nimwada,2025-08-11 18:26:48.935471,2025-08-11 19:59:48.935471,2025-08-11 19:59:48.935471
case_39,Create Purchase Requisition,Tesca Lobes,2025-08-11 20:52:48.935471,2025-08-11 20:52:48.935471,2025-08-11 22:49:48.935471
case_6,Pay invoice,Pedro Alvares,2025-08-11 19:59:48.935471,2025-08-11 21:35:48.935471,2025-08-11 21:39:48.935471
case_19,Analyze Request for Quotation,Francois de Perrier,2025-08-07 07:49:48.935471,2025-08-11 22:07:48.935471,2025-08-11 22:34:48.935471
case_4,Release Supplier's Invoice,Karalda Nimwada,2025-08-11 19:45:48.935471,2025-08-11 22:29:48.935471,2025-08-11 22:32:48.935471
case_36,Analyze Purchase Requisition,Francis Odell,2025-08-11 11:23:48.935471,2025-08-11 22:36:48.935471,2025-08-11 22:41:48.935471
case_35,Analyze Request for Quotation,Karel de Groot,2025-08-11 07:58:48.935471,2025-08-11 23:38:48.935471,2025-08-12 00:13:48.935471
case_4,Authorize Supplier's Invoice payment,Pedro Alvares,2025-08-11 22:32:48.935471,2025-08-12 00:40:48.935471,2025-08-12 00:40:48.935471
case_29,Create Quotation comparison Map,Magdalena Predutta,2025-08-11 12:42:48.935471,2025-08-12 00:40:48.935471,2025-08-12 07:37:48.935471
case_4,Pay invoice,Pedro Alvares,2025-08-12 00:40:48.935471,2025-08-12 00:57:48.935471,2025-08-12 01:04:48.935471
case_23,Settle conditions with supplier,Karel de Groot,2025-08-08 19:50:48.935471,2025-08-12 01:44:48.935471,2025-08-12 09:30:48.935471
case_7,Send invoice,Carmen Finacse,2025-08-10 18:47:48.935471,2025-08-12 01:59:48.935471,2025-08-12 01:59:48.935471
case_8,Settle dispute with supplier Purchasing Agent,Francois de Perrier,2025-08-10 23:17:48.935471,2025-08-12 02:22:48.935471,2025-08-12 12:12:48.935471
case_21,Analyze Request for Quotation,Francois de Perrier,2025-08-11 14:30:48.935471,2025-08-12 03:30:48.935471,2025-08-12 03:52:48.935471
case_7,Release Supplier's Invoice,Karalda Nimwada,2025-08-12 01:59:48.935471,2025-08-12 03:34:48.935471,2025-08-12 03:38:48.935471
case_7,Settle dispute with supplier Financial Manager,Pedro Alvares,2025-08-12 03:38:48.935471,2025-08-12 04:42:48.935471,2025-08-12 04:57:48.935471
case_7,Authorize Supplier's Invoice payment,Karalda Nimwada,2025-08-12 04:57:48.935471,2025-08-12 04:57:48.935471,2025-08-12 04:57:48.935471
case_33,Analyze Purchase Requisition,Maris Freeman,2025-08-11 02:29:48.935471,2025-08-12 05:18:48.935471,2025-08-12 05:24:48.935471
case_11,Create Purchase Order,Karel de Groot,2025-08-08 23:36:48.935471,2025-08-12 06:05:48.935471,2025-08-12 06:12:48.935471
case_35,Send Request for Quotation to Supplier,Karel de Groot,2025-08-12 00:13:48.935471,2025-08-12 06:36:48.935471,2025-08-12 07:00:48.935471
case_2,Deliver Goods Services,Sean Manney,2025-08-06 13:03:48.935471,2025-08-12 07:05:48.935471,2025-08-12 20:56:48.935471
case_26,Create Quotation comparison Map,Francois de Perrier,2025-08-11 00:19:48.935471,2025-08-12 07:16:48.935471,2025-08-12 07:32:48.935471
case_33,Create Request for Quotation Requester Manager,Maris Freeman,2025-08-12 05:24:48.935471,2025-08-12 07:17:48.935471,2025-08-12 07:20:48.935471
case_32,Send Request for Quotation to Supplier,Karel de Groot,2025-08-11 17:54:48.935471,2025-08-12 07:34:48.935471,2025-08-12 07:44:48.935471
case_29,Analyze Quotation comparison Map,Immanuel Karagianni,2025-08-12 07:37:48.935471,2025-08-12 08:00:48.935471,2025-08-12 09:37:48.935471
case_26,Analyze Quotation comparison Map,Fjodor Kowalski,2025-08-12 07:32:48.935471,2025-08-12 08:35:48.935471,2025-08-12 08:58:48.935471
case_39,Analyze Purchase Requisition,Maris Freeman,2025-08-11 22:49:48.935471,2025-08-12 08:48:48.935471,2025-08-12 08:54:48.935471
case_7,Pay invoice,Karalda Nimwada,2025-08-12 04:57:48.935471,2025-08-12 09:07:48.935471,2025-08-12 09:13:48.935471
case_30,Analyze Request for Quotation,Francois de Perrier,2025-08-11 01:40:48.935471,2025-08-12 09:25:48.935471,2025-08-12 09:39:48.935471
case_23,Create Purchase Order,Francois de Perrier,2025-08-12 09:30:48.935471,2025-08-12 09:47:48.935471,2025-08-12 09:55:48.935471
case_10,Deliver Goods Services,Karen Clarens,2025-08-09 15:27:48.935471,2025-08-12 09:47:48.935471,2025-08-13 19:29:48.935471
case_35,Create Quotation comparison Map,Karel de Groot,2025-08-12 07:00:48.935471,2025-08-12 10:54:48.935471,2025-08-12 14:14:48.935471
case_23,Confirm Purchase Order,Karen Clarens,2025-08-12 09:55:48.935471,2025-08-12 11:57:48.935471,2025-08-12 11:58:48.935471
case_31,Create Request for Quotation Requester Manager,Maris Freeman,2025-08-11 00:47:48.935471,2025-08-12 12:02:48.935471,2025-08-12 12:05:48.935471
case_26,Choose best option,Penn Osterwalder,2025-08-12 08:58:48.935471,2025-08-12 12:17:48.935471,2025-08-12 12:17:48.935471
case_27,Confirm Purchase Order,Karen Clarens,2025-08-10 07:11:48.935471,2025-08-12 12:44:48.935471,2025-08-12 15:04:48.935471
case_29,Choose best option,Immanuel Karagianni,2025-08-12 09:37:48.935471,2025-08-12 13:16:48.935471,2025-08-12 13:16:48.935471
case_28,Settle conditions with supplier,Magdalena Predutta,2025-08-11 04:01:48.935471,2025-08-12 13:49:48.935471,2025-08-12 22:46:48.935471
case_40,Create Purchase Requisition,Miu Hanwan,2025-08-12 13:58:48.935471,2025-08-12 13:58:48.935471,2025-08-12 14:38:48.935471
case_11,Confirm Purchase Order,Sean Manney,2025-08-12 06:12:48.935471,2025-08-12 13:59:48.935471,2025-08-12 14:16:48.935471
case_8,Release Purchase Order,Fjodor Kowalski,2025-08-12 12:12:48.935471,2025-08-12 15:22:48.935471,2025-08-12 15:22:48.935471
case_40,Analyze Purchase Requisition,Maris Freeman,2025-08-12 14:38:48.935471,2025-08-12 15:27:48.935471,2025-08-12 15:34:48.935471
case_30,Amend Request for Quotation Requester,Alberto Duport,2025-08-12 09:39:48.935471,2025-08-12 15:52:48.935471,2025-08-12 16:00:48.935471
case_35,Analyze Quotation comparison Map,Kim Passa,2025-08-12 14:14:48.935471,2025-08-12 16:27:48.935471,2025-08-12 17:21:48.935471
case_30,Analyze Request for Quotation,Francois de Perrier,2025-08-12 16:00:48.935471,2025-08-12 17:41:48.935471,2025-08-12 18:00:48.935471
case_29,Settle conditions with supplier,Magdalena Predutta,2025-08-12 13:16:48.935471,2025-08-12 17:42:48.935471,2025-08-12 23:54:48.935471
case_36,Create Request for Quotation Requester Manager,Heinz Gutschmidt,2025-08-11 22:41:48.935471,2025-08-12 18:01:48.935471,2025-08-12 18:02:48.935471
case_40,Create Request for Quotation Requester Manager,Maris Freeman,2025-08-12 15:34:48.935471,2025-08-12 19:34:48.935471,2025-08-12 19:35:48.935471
case_36,Analyze Request for Quotation,Magdalena Predutta,2025-08-12 18:02:48.935471,2025-08-12 19:45:48.935471,2025-08-12 20:12:48.935471
case_32,Create Quotation comparison Map,Magdalena Predutta,2025-08-12 07:44:48.935471,2025-08-12 19:48:48.935471,2025-08-12 23:34:48.935471
case_8,Approve Purchase Order for payment,Francois de Perrier,2025-08-12 15:22:48.935471,2025-08-12 19:50:48.935471,2025-08-12 19:50:48.935471
case_40,Analyze Request for Quotation,Karel de Groot,2025-08-12 19:35:48.935471,2025-08-12 20:57:48.935471,2025-08-12 21:17:48.935471
case_3,Release Purchase Order,Anne Olwada,2025-08-12 19:04:48.935471,2025-08-12 21:44:48.935471,2025-08-12 21:44:48.935471
case_2,Release Purchase Order,Alberto Duport,2025-08-12 20:56:48.935471,2025-08-12 21:45:48.935471,2025-08-12 21:45:48.935471
case_22,Create Quotation comparison Map,Francois de Perrier,2025-08-09 03:04:48.935471,2025-08-12 23:05:48.935471,2025-08-12 23:11:48.935471
case_40,Amend Request for Quotation Requester,Miu Hanwan,2025-08-12 21:17:48.935471,2025-08-12 23:46:48.935471,2025-08-12 23:55:48.935471
case_32,Analyze Quotation comparison Map,Immanuel Karagianni,2025-08-12 23:34:48.935471,2025-08-13 00:12:48.935471,2025-08-13 00:25:48.935471
case_26,Settle conditions with supplier,Karel de Groot,2025-08-12 12:17:48.935471,2025-08-13 02:04:48.935471,2025-08-13 05:15:48.935471
case_35,Choose best option,Esmana Liubiata,2025-08-12 17:21:48.935471,2025-08-13 02:42:48.935471,2025-08-13 02:42:48.935471
case_5,Release Purchase Order,Nico Ojenbeer,2025-08-12 14:19:48.935471,2025-08-13 03:03:48.935471,2025-08-13 03:03:48.935471
case_32,Choose best option,Nico Ojenbeer,2025-08-13 00:25:48.935471,2025-08-13 03:24:48.935471,2025-08-13 03:24:48.935471
case_40,Analyze Request for Quotation,Karel de Groot,2025-08-12 23:55:48.935471,2025-08-13 05:00:48.935471,2025-08-13 05:31:48.935471
case_14,Analyze Request for Quotation,Karel de Groot,2025-08-10 18:41:48.935471,2025-08-13 05:05:48.935471,2025-08-13 05:27:48.935471
case_22,Analyze Quotation comparison Map,Kim Passa,2025-08-12 23:11:48.935471,2025-08-13 05:20:48.935471,2025-08-13 05:51:48.935471
case_5,Approve Purchase Order for payment,Karel de Groot,2025-08-13 03:03:48.935471,2025-08-13 05:45:48.935471,2025-08-13 05:45:48.935471
case_2,Approve Purchase Order for payment,Francois de Perrier,2025-08-12 21:45:48.935471,2025-08-13 05:48:48.935471,2025-08-13 05:48:48.935471
case_34,Analyze Request for Quotation,Francois de Perrier,2025-08-11 13:48:48.935471,2025-08-13 06:58:48.935471,2025-08-13 07:33:48.935471
case_13,Create Quotation comparison Map,Francois de Perrier,2025-08-05 14:19:48.935471,2025-08-13 08:34:48.935471,2025-08-13 14:04:48.935471
case_2,Send invoice,Sean Manney,2025-08-13 05:48:48.935471,2025-08-13 08:59:48.935471,2025-08-13 08:59:48.935471
case_41,Create Purchase Requisition,Christian Francois,2025-08-13 09:12:48.935471,2025-08-13 09:12:48.935471,2025-08-13 14:35:48.935471
case_11,Deliver Goods Services,Kiu Kan,2025-08-12 14:16:48.935471,2025-08-13 09:30:48.935471,2025-08-14 18:46:48.935471
case_22,Choose best option,Fjodor Kowalski,2025-08-13 05:51:48.935471,2025-08-13 09:38:48.935471,2025-08-13 09:38:48.935471
case_1,Approve Purchase Order for payment,Francois de Perrier,2025-08-09 20:20:48.935471,2025-08-13 09:41:48.935471,2025-08-13 09:41:48.935471
case_24,Confirm Purchase Order,Kiu Kan,2025-08-09 04:52:48.935471,2025-08-13 10:07:48.935471,2025-08-13 10:19:48.935471
case_34,Send Request for Quotation to Supplier,Francois de Perrier,2025-08-13 07:33:48.935471,2025-08-13 10:11:48.935471,2025-08-13 10:30:48.935471
case_2,Release Supplier's Invoice,Pedro Alvares,2025-08-13 08:59:48.935471,2025-08-13 10:20:48.935471,2025-08-13 10:23:48.935471
case_38,Analyze Purchase Requisition,Heinz Gutschmidt,2025-08-11 18:07:48.935471,2025-08-13 11:36:48.935471,2025-08-13 11:44:48.935471
case_2,Authorize Supplier's Invoice payment,Pedro Alvares,2025-08-13 10:23:48.935471,2025-08-13 11:44:48.935471,2025-08-13 11:44:48.935471
case_25,Settle conditions with supplier,Francois de Perrier,2025-08-09 22:29:48.935471,2025-08-13 11:50:48.935471,2025-08-13 23:45:48.935471
case_33,Analyze Request for Quotation,Francois de Perrier,2025-08-12 07:20:48.935471,2025-08-13 11:53:48.935471,2025-08-13 12:20:48.935471
case_2,Pay invoice,Pedro Alvares,2025-08-13 11:44:48.935471,2025-08-13 12:35:48.935471,2025-08-13 12:36:48.935471
case_38,Create Request for Quotation Requester Manager,Francis Odell,2025-08-13 11:44:48.935471,2025-08-13 12:52:48.935471,2025-08-13 12:54:48.935471
case_23,Deliver Goods Services,Sean Manney,2025-08-12 11:58:48.935471,2025-08-13 14:08:48.935471,2025-08-14 18:36:48.935471
case_38,Analyze Request for Quotation,Karel de Groot,2025-08-13 12:54:48.935471,2025-08-13 14:41:48.935471,2025-08-13 14:42:48.935471
case_19,Send Request for Quotation to Supplier,Karel de Groot,2025-08-11 22:34:48.935471,2025-08-13 15:10:48.935471,2025-08-13 15:25:48.935471
case_14,Send Request for Quotation to Supplier,Karel de Groot,2025-08-13 05:27:48.935471,2025-08-13 15:47:48.935471,2025-08-13 16:18:48.935471
case_42,Create Purchase Requisition,Christian Francois,2025-08-13 17:45:48.935471,2025-08-13 17:45:48.935471,2025-08-13 18:16:48.935471
case_43,Create Purchase Requisition,Tesca Lobes,2025-08-13 19:46:48.935471,2025-08-13 19:46:48.935471,2025-08-13 20:18:48.935471
case_18,Confirm Purchase Order,Kiu Kan,2025-08-10 18:12:48.935471,2025-08-13 19:49:48.935471,2025-08-13 19:55:48.935471
case_42,Create Request for Quotation Requester,Nico Ojenbeer,2025-08-13 18:16:48.935471,2025-08-13 20:30:48.935471,2025-08-13 20:39:48.935471
case_39,Create Request for Quotation Requester Manager,Maris Freeman,2025-08-12 08:54:48.935471,2025-08-13 20:42:48.935471,2025-08-13 20:43:48.935471
case_13,Analyze Quotation comparison Map,Immanuel Karagianni,2025-08-13 14:04:48.935471,2025-08-13 20:55:48.935471,2025-08-13 21:49:48.935471
case_44,Create Purchase Requisition,Alberto Duport,2025-08-13 21:54:48.935471,2025-08-13 21:54:48.935471,2025-08-13 22:17:48.935471
case_42,Analyze Request for Quotation,Karel de Groot,2025-08-13 20:39:48.935471,2025-08-13 22:02:48.935471,2025-08-13 22:24:48.935471
case_13,Choose best option,Fjodor Kowalski,2025-08-13 21:49:48.935471,2025-08-13 22:17:48.935471,2025-08-13 22:17:48.935471
case_14,Create Quotation comparison Map,Karel de Groot,2025-08-13 16:18:48.935471,2025-08-13 22:39:48.935471,2025-08-14 07:12:48.935471
case_42,Amend Request for Quotation Requester,Anne Olwada,2025-08-13 22:24:48.935471,2025-08-13 23:04:48.935471,2025-08-13 23:16:48.935471
case_10,Release Purchase Order,Christian Francois,2025-08-13 19:29:48.935471,2025-08-13 23:12:48.935471,2025-08-13 23:12:48.935471
case_13,Settle conditions with supplier,Magdalena Predutta,2025-08-13 22:17:48.935471,2025-08-14 00:00:48.935471,2025-08-14 07:57:48.935471
case_45,Create Purchase Requisition,Kim Passa,2025-08-14 01:19:48.935471,2025-08-14 01:19:48.935471,2025-08-14 02:05:48.935471
case_39,Analyze Request for Quotation,Karel de Groot,2025-08-13 20:43:48.935471,2025-08-14 01:52:48.935471,2025-08-14 02:05:48.935471
case_42,Analyze Request for Quotation,Karel de Groot,2025-08-13 23:16:48.935471,2025-08-14 01:52:48.935471,2025-08-14 02:41:48.935471
case_3,Approve Purchase Order for payment,Karel de Groot,2025-08-12 21:44:48.935471,2025-08-14 02:39:48.935471,2025-08-14 02:39:48.935471
case_38,Amend Request for Quotation Requester,Esmana Liubiata,2025-08-13 14:42:48.935471,2025-08-14 03:03:48.935471,2025-08-14 03:11:48.935471
case_42,Amend Request for Quotation Requester,Immanuel Karagianni,2025-08-14 02:41:48.935471,2025-08-14 03:19:48.935471,2025-08-14 03:25:48.935471
case_45,Create Request for Quotation Requester,Anne Olwada,2025-08-14 02:05:48.935471,2025-08-14 03:24:48.935471,2025-08-14 03:31:48.935471
case_45,Analyze Request for Quotation,Francois de Perrier,2025-08-14 03:31:48.935471,2025-08-14 04:06:48.935471,2025-08-14 04:14:48.935471
case_44,Create Request for Quotation Requester Manager,Maris Freeman,2025-08-13 22:17:48.935471,2025-08-14 04:25:48.935471,2025-08-14 04:26:48.935471
case_42,Analyze Request for Quotation,Karel de Groot,2025-08-14 03:25:48.935471,2025-08-14 04:25:48.935471,2025-08-14 04:47:48.935471
case_29,Create Purchase Order,Magdalena Predutta,2025-08-12 23:54:48.935471,2025-08-14 04:35:48.935471,2025-08-14 04:44:48.935471
case_44,Analyze Request for Quotation,Francois de Perrier,2025-08-14 04:26:48.935471,2025-08-14 05:50:48.935471,2025-08-14 06:04:48.935471
case_41,Create Request for Quotation Requester Manager,Francis Odell,2025-08-13 14:35:48.935471,2025-08-14 06:03:48.935471,2025-08-14 06:04:48.935471
case_39,Send Request for Quotation to Supplier,Francois de Perrier,2025-08-14 02:05:48.935471,2025-08-14 06:33:48.935471,2025-08-14 08:03:48.935471
case_9,Deliver Goods Services,Carmen Finacse,2025-08-11 08:16:48.935471,2025-08-14 07:00:48.935471,2025-08-14 17:55:48.935471
case_14,Analyze Quotation comparison Map,Kim Passa,2025-08-14 07:12:48.935471,2025-08-14 07:46:48.935471,2025-08-14 08:16:48.935471
case_28,Create Purchase Order,Karel de Groot,2025-08-12 22:46:48.935471,2025-08-14 07:53:48.935471,2025-08-14 08:04:48.935471
case_14,Choose best option,Fjodor Kowalski,2025-08-14 08:16:48.935471,2025-08-14 08:25:48.935471,2025-08-14 08:25:48.935471
case_44,Send Request for Quotation to Supplier,Francois de Perrier,2025-08-14 06:04:48.935471,2025-08-14 09:08:48.935471,2025-08-14 09:26:48.935471
case_5,Send invoice,Esmeralda Clay,2025-08-13 05:45:48.935471,2025-08-14 10:17:48.935471,2025-08-14 10:17:48.935471
case_38,Analyze Request for Quotation,Karel de Groot,2025-08-14 03:11:48.935471,2025-08-14 10:41:48.935471,2025-08-14 11:02:48.935471
case_5,Release Supplier's Invoice,Karalda Nimwada,2025-08-14 10:17:48.935471,2025-08-14 10:57:48.935471,2025-08-14 12:01:48.935471
case_5,Authorize Supplier's Invoice payment,Karalda Nimwada,2025-08-14 12:01:48.935471,2025-08-14 13:07:48.935471,2025-08-14 13:07:48.935471
case_3,Send invoice,Carmen Finacse,2025-08-14 02:39:48.935471,2025-08-14 13:26:48.935471,2025-08-14 13:26:48.935471
case_39,Create Quotation comparison Map,Francois de Perrier,2025-08-14 08:03:48.935471,2025-08-14 14:47:48.935471,2025-08-14 15:00:48.935471
case_10,Approve Purchase Order for payment,Karel de Groot,2025-08-13 23:12:48.935471,2025-08-14 16:04:48.935471,2025-08-14 16:04:48.935471
case_3,Release Supplier's Invoice,Pedro Alvares,2025-08-14 13:26:48.935471,2025-08-14 17:41:48.935471,2025-08-14 17:45:48.935471
case_39,Analyze Quotation comparison Map,Anne Olwada,2025-08-14 15:00:48.935471,2025-08-14 17:58:48.935471,2025-08-14 18:05:48.935471
case_8,Send invoice,Kiu Kan,2025-08-12 19:50:48.935471,2025-08-14 18:27:48.935471,2025-08-14 18:27:48.935471
case_8,Release Supplier's Invoice,Pedro Alvares,2025-08-14 18:27:48.935471,2025-08-14 19:02:48.935471,2025-08-14 19:05:48.935471
case_43,Analyze Purchase Requisition,Heinz Gutschmidt,2025-08-13 20:18:48.935471,2025-08-14 19:16:48.935471,2025-08-14 19:20:48.935471
case_23,Release Purchase Order,Penn Osterwalder,2025-08-14 18:36:48.935471,2025-08-14 19:28:48.935471,2025-08-14 19:28:48.935471
case_43,Create Request for Quotation Requester Manager,Maris Freeman,2025-08-14 19:20:48.935471,2025-08-14 19:30:48.935471,2025-08-14 19:32:48.935471
case_39,Choose best option,Kim Passa,2025-08-14 18:05:48.935471,2025-08-14 19:36:48.935471,2025-08-14 19:36:48.935471
case_34,Create Quotation comparison Map,Karel de Groot,2025-08-13 10:30:48.935471,2025-08-14 19:39:48.935471,2025-08-14 23:25:48.935471
case_8,Authorize Supplier's Invoice payment,Pedro Alvares,2025-08-14 19:05:48.935471,2025-08-14 20:08:48.935471,2025-08-14 20:08:48.935471
case_43,Analyze Request for Quotation,Francois de Perrier,2025-08-14 19:32:48.935471,2025-08-14 20:31:48.935471,2025-08-14 20:52:48.935471
case_19,Create Quotation comparison Map,Magdalena Predutta,2025-08-13 15:25:48.935471,2025-08-14 20:41:48.935471,2025-08-15 02:43:48.935471
case_23,Approve Purchase Order for payment,Magdalena Predutta,2025-08-14 19:28:48.935471,2025-08-14 20:46:48.935471,2025-08-14 20:46:48.935471
case_15,Create Purchase Order,Magdalena Predutta,2025-08-10 23:46:48.935471,2025-08-14 20:50:48.935471,2025-08-14 21:01:48.935471
case_16,Confirm Purchase Order,Carmen Finacse,2025-08-11 02:58:48.935471,2025-08-14 20:53:48.935471,2025-08-14 21:05:48.935471
case_32,Settle conditions with supplier,Magdalena Predutta,2025-08-13 03:24:48.935471,2025-08-14 21:15:48.935471,2025-08-15 09:56:48.935471
case_11,Release Purchase Order,Kim Passa,2025-08-14 18:46:48.935471,2025-08-14 21:21:48.935471,2025-08-14 21:21:48.935471
case_3,Authorize Supplier's Invoice payment,Pedro Alvares,2025-08-14 17:45:48.935471,2025-08-14 21:58:48.935471,2025-08-14 21:58:48.935471
case_33,Send Request for Quotation to Supplier,Francois de Perrier,2025-08-13 12:20:48.935471,2025-08-14 22:05:48.935471,2025-08-14 22:22:48.935471
case_8,Pay invoice,Karalda Nimwada,2025-08-14 20:08:48.935471,2025-08-14 22:08:48.935471,2025-08-14 22:16:48.935471
case_3,Pay invoice,Pedro Alvares,2025-08-14 21:58:48.935471,2025-08-14 22:21:48.935471,2025-08-14 22:28:48.935471
case_46,Create Purchase Requisition,Fjodor Kowalski,2025-08-14 23:00:48.935471,2025-08-14 23:00:48.935471,2025-08-15 00:03:48.935471
case_47,Create Purchase Requisition,Immanuel Karagianni,2025-08-14 23:05:48.935471,2025-08-14 23:05:48.935471,2025-08-14 23:33:48.935471
case_5,Pay invoice,Karalda Nimwada,2025-08-14 13:07:48.935471,2025-08-14 23:06:48.935471,2025-08-14 23:09:48.935471
case_39,Settle conditions with supplier,Magdalena Predutta,2025-08-14 19:36:48.935471,2025-08-14 23:07:48.935471,2025-08-15 07:52:48.935471
case_14,Settle conditions with supplier,Magdalena Predutta,2025-08-14 08:25:48.935471,2025-08-14 23:15:48.935471,2025-08-15 07:36:48.935471
case_29,Confirm Purchase Order,Kiu Kan,2025-08-14 04:44:48.935471,2025-08-14 23:58:48.935471,2025-08-15 00:16:48.935471
case_9,Release Purchase Order,Fjodor Kowalski,2025-08-14 17:55:48.935471,2025-08-15 00:45:48.935471,2025-08-15 00:45:48.935471
case_44,Create Quotation comparison Map,Magdalena Predutta,2025-08-14 09:26:48.935471,2025-08-15 02:35:48.935471,2025-08-15 07:55:48.935471
case_37,Analyze Request for Quotation,Francois de Perrier,2025-08-11 12:20:48.935471,2025-08-15 02:41:48.935471,2025-08-15 03:16:48.935471
case_34,Analyze Quotation comparison Map,Penn Osterwalder,2025-08-14 23:25:48.935471,2025-08-15 02:55:48.935471,2025-08-15 03:17:48.935471
case_46,Analyze Purchase Requisition,Maris Freeman,2025-08-15 00:03:48.935471,2025-08-15 03:41:48.935471,2025-08-15 03:47:48.935471
case_31,Analyze Request for Quotation,Karel de Groot,2025-08-12 12:05:48.935471,2025-08-15 03:55:48.935471,2025-08-15 04:26:48.935471
case_37,Amend Request for Quotation Requester,Fjodor Kowalski,2025-08-15 03:16:48.935471,2025-08-15 04:46:48.935471,2025-08-15 04:55:48.935471
case_19,Analyze Quotation comparison Map,Penn Osterwalder,2025-08-15 02:43:48.935471,2025-08-15 05:41:48.935471,2025-08-15 06:04:48.935471
case_31,Amend Request for Quotation Requester,Anne Olwada,2025-08-15 04:26:48.935471,2025-08-15 06:00:48.935471,2025-08-15 06:11:48.935471
case_9,Approve Purchase Order for payment,Karel de Groot,2025-08-15 00:45:48.935471,2025-08-15 06:21:48.935471,2025-08-15 06:21:48.935471
case_27,Deliver Goods Services,Sean Manney,2025-08-12 15:04:48.935471,2025-08-15 06:36:48.935471,2025-08-15 19:47:48.935471
case_15,Confirm Purchase Order,Sean Manney,2025-08-14 21:01:48.935471,2025-08-15 06:53:48.935471,2025-08-15 07:22:48.935471
case_38,Send Request for Quotation to Supplier,Magdalena Predutta,2025-08-14 11:02:48.935471,2025-08-15 07:08:48.935471,2025-08-15 07:27:48.935471
case_16,Deliver Goods Services,Kiu Kan,2025-08-14 21:05:48.935471,2025-08-15 07:17:48.935471,2025-08-16 19:39:48.935471
case_19,Choose best option,Immanuel Karagianni,2025-08-15 06:04:48.935471,2025-08-15 07:37:48.935471,2025-08-15 07:37:48.935471
case_44,Analyze Quotation comparison Map,Miu Hanwan,2025-08-15 07:55:48.935471,2025-08-15 08:09:48.935471,2025-08-15 08:15:48.935471
case_44,Choose best option,Miu Hanwan,2025-08-15 08:15:48.935471,2025-08-15 09:04:48.935471,2025-08-15 09:04:48.935471
case_28,Confirm Purchase Order,Kiu Kan,2025-08-14 08:04:48.935471,2025-08-15 09:45:48.935471,2025-08-15 09:54:48.935471
case_14,Create Purchase Order,Francois de Perrier,2025-08-15 07:36:48.935471,2025-08-15 10:08:48.935471,2025-08-15 10:17:48.935471
case_39,Create Purchase Order,Francois de Perrier,2025-08-15 07:52:48.935471,2025-08-15 10:49:48.935471,2025-08-15 10:56:48.935471
case_19,Settle conditions with supplier,Magdalena Predutta,2025-08-15 07:37:48.935471,2025-08-15 11:31:48.935471,2025-08-15 13:52:48.935471
case_28,Deliver Goods Services,Sean Manney,2025-08-15 09:54:48.935471,2025-08-15 11:53:48.935471,2025-08-17 05:28:48.935471
case_47,Analyze Purchase Requisition,Heinz Gutschmidt,2025-08-14 23:33:48.935471,2025-08-15 12:17:48.935471,2025-08-15 12:23:48.935471
case_13,Create Purchase Order,Karel de Groot,2025-08-14 07:57:48.935471,2025-08-15 12:22:48.935471,2025-08-15 12:29:48.935471
case_44,Settle conditions with supplier,Karel de Groot,2025-08-15 09:04:48.935471,2025-08-15 12:32:48.935471,2025-08-15 21:02:48.935471
case_12,Create Quotation comparison Map,Francois de Perrier,2025-08-05 16:54:48.935471,2025-08-15 12:35:48.935471,2025-08-15 18:19:48.935471
case_32,Create Purchase Order,Francois de Perrier,2025-08-15 09:56:48.935471,2025-08-15 13:25:48.935471,2025-08-15 13:34:48.935471
case_29,Deliver Goods Services,Esmeralda Clay,2025-08-15 00:16:48.935471,2025-08-15 13:27:48.935471,2025-08-17 02:53:48.935471
case_35,Settle conditions with supplier,Magdalena Predutta,2025-08-13 02:42:48.935471,2025-08-15 13:30:48.935471,2025-08-16 01:43:48.935471
case_46,Create Request for Quotation Requester Manager,Heinz Gutschmidt,2025-08-15 03:47:48.935471,2025-08-15 14:23:48.935471,2025-08-15 14:24:48.935471
case_34,Choose best option,Immanuel Karagianni,2025-08-15 03:17:48.935471,2025-08-15 15:49:48.935471,2025-08-15 15:49:48.935471
case_11,Approve Purchase Order for payment,Francois de Perrier,2025-08-14 21:21:48.935471,2025-08-15 16:34:48.935471,2025-08-15 16:34:48.935471
case_22,Settle conditions with supplier,Karel de Groot,2025-08-13 09:38:48.935471,2025-08-15 16:52:48.935471,2025-08-16 01:07:48.935471
case_27,Release Purchase Order,Miu Hanwan,2025-08-15 19:47:48.935471,2025-08-15 20:49:48.935471,2025-08-15 20:49:48.935471
case_47,Create Request for Quotation Requester Manager,Francis Odell,2025-08-15 12:23:48.935471,2025-08-15 21:33:48.935471,2025-08-15 21:36:48.935471
case_44,Create Purchase Order,Magdalena Predutta,2025-08-15 21:02:48.935471,2025-08-15 22:41:48.935471,2025-08-15 22:52:48.935471
case_48,Create Purchase Requisition,Anne Olwada,2025-08-15 22:57:48.935471,2025-08-15 22:57:48.935471,2025-08-16 00:37:48.935471
case_47,Analyze Request for Quotation,Francois de Perrier,2025-08-15 21:36:48.935471,2025-08-16 00:14:48.935471,2025-08-16 00:36:48.935471
case_12,Analyze Quotation comparison Map,Alberto Duport,2025-08-15 18:19:48.935471,2025-08-16 02:03:48.935471,2025-08-16 02:21:48.935471
case_27,Approve Purchase Order for payment,Magdalena Predutta,2025-08-15 20:49:48.935471,2025-08-16 02:47:48.935471,2025-08-16 02:47:48.935471
case_39,Confirm Purchase Order,Esmeralda Clay,2025-08-15 10:56:48.935471,2025-08-16 03:47:48.935471,2025-08-16 03:57:48.935471
case_12,Choose best option,Fjodor Kowalski,2025-08-16 02:21:48.935471,2025-08-16 03:49:48.935471,2025-08-16 03:49:48.935471
case_12,Settle conditions with supplier,Karel de Groot,2025-08-16 03:49:48.935471,2025-08-16 03:50:48.935471,2025-08-16 10:42:48.935471
case_47,Amend Request for Quotation Requester,Tesca Lobes,2025-08-16 00:36:48.935471,2025-08-16 04:02:48.935471,2025-08-16 04:15:48.935471
case_46,Analyze Request for Quotation,Francois de Perrier,2025-08-15 14:24:48.935471,2025-08-16 05:08:48.935471,2025-08-16 05:23:48.935471
case_33,Create Quotation comparison Map,Karel de Groot,2025-08-14 22:22:48.935471,2025-08-16 05:17:48.935471,2025-08-16 10:04:48.935471
case_46,Send Request for Quotation to Supplier,Magdalena Predutta,2025-08-16 05:23:48.935471,2025-08-16 06:24:48.935471,2025-08-16 06:56:48.935471
case_48,Analyze Purchase Requisition,Maris Freeman,2025-08-16 00:37:48.935471,2025-08-16 06:37:48.935471,2025-08-16 06:40:48.935471
case_10,Send invoice,Carmen Finacse,2025-08-14 16:04:48.935471,2025-08-16 06:42:48.935471,2025-08-16 06:42:48.935471
case_9,Send invoice,Esmeralda Clay,2025-08-15 06:21:48.935471,2025-08-16 07:36:48.935471,2025-08-16 07:36:48.935471
case_31,Analyze Request for Quotation,Magdalena Predutta,2025-08-15 06:11:48.935471,2025-08-16 08:13:48.935471,2025-08-16 08:38:48.935471
case_22,Create Purchase Order,Magdalena Predutta,2025-08-16 01:07:48.935471,2025-08-16 09:37:48.935471,2025-08-16 09:46:48.935471
case_10,Release Supplier's Invoice,Pedro Alvares,2025-08-16 06:42:48.935471,2025-08-16 10:41:48.935471,2025-08-16 10:41:48.935471
case_32,Confirm Purchase Order,Carmen Finacse,2025-08-15 13:34:48.935471,2025-08-16 10:41:48.935471,2025-08-16 10:55:48.935471
case_10,Authorize Supplier's Invoice payment,Pedro Alvares,2025-08-16 10:41:48.935471,2025-08-16 10:46:48.935471,2025-08-16 10:46:48.935471
case_22,Confirm Purchase Order,Esmeralda Clay,2025-08-16 09:46:48.935471,2025-08-16 11:23:48.935471,2025-08-16 11:52:48.935471
case_37,Analyze Request for Quotation,Karel de Groot,2025-08-15 04:55:48.935471,2025-08-16 11:33:48.935471,2025-08-16 12:03:48.935471
case_9,Release Supplier's Invoice,Karalda Nimwada,2025-08-16 07:36:48.935471,2025-08-16 12:32:48.935471,2025-08-16 12:36:48.935471
case_35,Create Purchase Order,Magdalena Predutta,2025-08-16 01:43:48.935471,2025-08-16 12:47:48.935471,2025-08-16 12:55:48.935471
case_49,Create Purchase Requisition,Penn Osterwalder,2025-08-16 13:45:48.935471,2025-08-16 13:45:48.935471,2025-08-16 13:53:48.935471
case_27,Send invoice,Karen Clarens,2025-08-16 02:47:48.935471,2025-08-16 13:58:48.935471,2025-08-16 13:58:48.935471
case_10,Pay invoice,Pedro Alvares,2025-08-16 10:46:48.935471,2025-08-16 14:40:48.935471,2025-08-16 14:48:48.935471
case_33,Analyze Quotation comparison Map,Miu Hanwan,2025-08-16 10:04:48.935471,2025-08-16 15:00:48.935471,2025-08-16 16:11:48.935471
case_12,Create Purchase Order,Karel de Groot,2025-08-16 10:42:48.935471,2025-08-16 15:36:48.935471,2025-08-16 15:42:48.935471
case_9,Authorize Supplier's Invoice payment,Pedro Alvares,2025-08-16 12:36:48.935471,2025-08-16 15:38:48.935471,2025-08-16 15:38:48.935471
case_27,Release Supplier's Invoice,Pedro Alvares,2025-08-16 13:58:48.935471,2025-08-16 15:48:48.935471,2025-08-16 15:51:48.935471
case_27,Authorize Supplier's Invoice payment,Karalda Nimwada,2025-08-16 15:51:48.935471,2025-08-16 16:40:48.935471,2025-08-16 16:40:48.935471
case_33,Choose best option,Alberto Duport,2025-08-16 16:11:48.935471,2025-08-16 16:41:48.935471,2025-08-16 16:41:48.935471
case_27,Pay invoice,Karalda Nimwada,2025-08-16 16:40:48.935471,2025-08-16 18:19:48.935471,2025-08-16 18:20:48.935471
case_9,Pay invoice,Pedro Alvares,2025-08-16 15:38:48.935471,2025-08-16 18:58:48.935471,2025-08-16 19:04:48.935471
case_19,Create Purchase Order,Francois de Perrier,2025-08-15 13:52:48.935471,2025-08-16 20:39:48.935471,2025-08-16 20:45:48.935471
case_23,Send invoice,Kiu Kan,2025-08-14 20:46:48.935471,2025-08-16 22:12:48.935471,2025-08-16 22:12:48.935471
case_22,Deliver Goods Services,Sean Manney,2025-08-16 11:52:48.935471,2025-08-17 00:15:48.935471,2025-08-19 00:07:48.935471
case_23,Release Supplier's Invoice,Karalda Nimwada,2025-08-16 22:12:48.935471,2025-08-17 00:40:48.935471,2025-08-17 00:44:48.935471
case_47,Analyze Request for Quotation,Karel de Groot,2025-08-16 04:15:48.935471,2025-08-17 01:28:48.935471,2025-08-17 01:54:48.935471
case_35,Confirm Purchase Order,Carmen Finacse,2025-08-16 12:55:48.935471,2025-08-17 02:24:48.935471,2025-08-17 02:49:48.935471
case_47,Amend Request for Quotation Requester,Nico Ojenbeer,2025-08-17 01:54:48.935471,2025-08-17 02:26:48.935471,2025-08-17 02:35:48.935471
case_23,Authorize Supplier's Invoice payment,Pedro Alvares,2025-08-17 00:44:48.935471,2025-08-17 02:55:48.935471,2025-08-17 02:55:48.935471
case_32,Deliver Goods Services,Kiu Kan,2025-08-16 10:55:48.935471,2025-08-17 04:07:48.935471,2025-08-17 20:43:48.935471
case_16,Release Purchase Order,Esmana Liubiata,2025-08-16 19:39:48.935471,2025-08-17 04:20:48.935471,2025-08-17 04:20:48.935471
case_49,Analyze Purchase Requisition,Maris Freeman,2025-08-16 13:53:48.935471,2025-08-17 04:28:48.935471,2025-08-17 04:34:48.935471
case_47,Analyze Request for Quotation,Karel de Groot,2025-08-17 02:35:48.935471,2025-08-17 05:40:48.935471,2025-08-17 05:59:48.935471
case_39,Deliver Goods Services,Sean Manney,2025-08-16 03:57:48.935471,2025-08-17 05:49:48.935471,2025-08-17 23:13:48.935471
case_47,Amend Request for Quotation Requester,Penn Osterwalder,2025-08-17 05:59:48.935471,2025-08-17 06:23:48.935471,2025-08-17 06:32:48.935471
case_29,Release Purchase Order,Nico Ojenbeer,2025-08-17 02:53:48.935471,2025-08-17 06:24:48.935471,2025-08-17 06:24:48.935471
case_16,Approve Purchase Order for payment,Francois de Perrier,2025-08-17 04:20:48.935471,2025-08-17 06:54:48.935471,2025-08-17 06:54:48.935471
case_47,Analyze Request for Quotation,Karel de Groot,2025-08-17 06:32:48.935471,2025-08-17 07:11:48.935471,2025-08-17 07:20:48.935471
case_47,Send Request for Quotation to Supplier,Karel de Groot,2025-08-17 07:20:48.935471,2025-08-17 07:43:48.935471,2025-08-17 08:08:48.935471
case_48,Create Request for Quotation Requester Manager,Francis Odell,2025-08-16 06:40:48.935471,2025-08-17 09:19:48.935471,2025-08-17 09:20:48.935471
case_15,Deliver Goods Services,Carmen Finacse,2025-08-15 07:22:48.935471,2025-08-17 09:22:48.935471,2025-08-18 14:09:48.935471
case_46,Create Quotation comparison Map,Karel de Groot,2025-08-16 06:56:48.935471,2025-08-17 09:30:48.935471,2025-08-17 14:18:48.935471
case_47,Create Quotation comparison Map,Karel de Groot,2025-08-17 08:08:48.935471,2025-08-17 09:56:48.935471,2025-08-17 12:33:48.935471
case_23,Pay invoice,Karalda Nimwada,2025-08-17 02:55:48.935471,2025-08-17 09:59:48.935471,2025-08-17 10:07:48.935471
case_28,Release Purchase Order,Penn Osterwalder,2025-08-17 05:28:48.935471,2025-08-17 10:00:48.935471,2025-08-17 10:00:48.935471
case_35,Deliver Goods Services,Carmen Finacse,2025-08-17 02:49:48.935471,2025-08-17 10:10:48.935471,2025-08-17 11:17:48.935471
case_49,Create Request for Quotation Requester Manager,Francis Odell,2025-08-17 04:34:48.935471,2025-08-17 12:39:48.935471,2025-08-17 12:41:48.935471
case_50,Create Purchase Requisition,Fjodor Kowalski,2025-08-17 12:48:48.935471,2025-08-17 12:48:48.935471,2025-08-17 13:48:48.935471
case_47,Analyze Quotation comparison Map,Fjodor Kowalski,2025-08-17 12:33:48.935471,2025-08-17 13:58:48.935471,2025-08-17 14:28:48.935471
case_46,Analyze Quotation comparison Map,Esmana Liubiata,2025-08-17 14:18:48.935471,2025-08-17 14:44:48.935471,2025-08-17 15:01:48.935471
case_35,Release Purchase Order,Esmana Liubiata,2025-08-17 11:17:48.935471,2025-08-17 15:25:48.935471,2025-08-17 15:25:48.935471
case_49,Analyze Request for Quotation,Karel de Groot,2025-08-17 12:41:48.935471,2025-08-17 15:50:48.935471,2025-08-17 17:19:48.935471
case_51,Create Purchase Requisition,Alberto Duport,2025-08-17 16:48:48.935471,2025-08-17 16:48:48.935471,2025-08-17 18:42:48.935471
case_46,Choose best option,Anne Olwada,2025-08-17 15:01:48.935471,2025-08-17 18:55:48.935471,2025-08-17 18:55:48.935471
case_49,Amend Request for Quotation Requester,Esmana Liubiata,2025-08-17 17:19:48.935471,2025-08-17 19:55:48.935471,2025-08-17 20:07:48.935471
case_14,Confirm Purchase Order,Sean Manney,2025-08-15 10:17:48.935471,2025-08-17 20:36:48.935471,2025-08-17 20:47:48.935471
case_50,Create Request for Quotation Requester Manager,Heinz Gutschmidt,2025-08-17 13:48:48.935471,2025-08-17 21:03:48.935471,2025-08-17 21:06:48.935471
case_16,Send invoice,Karen Clarens,2025-08-17 06:54:48.935471,2025-08-17 23:11:48.935471,2025-08-17 23:11:48.935471
case_32,Release Purchase Order,Penn Osterwalder,2025-08-17 20:43:48.935471,2025-08-17 23:19:48.935471,2025-08-17 23:19:48.935471
case_35,Settle dispute with supplier Purchasing Agent,Karel de Groot,2025-08-17 15:25:48.935471,2025-08-17 23:48:48.935471,2025-08-18 08:14:48.935471
case_28,Approve Purchase Order for payment,Magdalena Predutta,2025-08-17 10:00:48.935471,2025-08-18 00:50:48.935471,2025-08-18 00:50:48.935471
case_51,Create Request for Quotation Requester Manager,Maris Freeman,2025-08-17 18:42:48.935471,2025-08-18 00:58:48.935471,2025-08-18 00:59:48.935471
case_47,Choose best option,Miu Hanwan,2025-08-17 14:28:48.935471,2025-08-18 01:03:48.935471,2025-08-18 01:03:48.935471
case_32,Approve Purchase Order for payment,Magdalena Predutta,2025-08-17 23:19:48.935471,2025-08-18 02:26:48.935471,2025-08-18 02:26:48.935471
case_39,Release Purchase Order,Nico Ojenbeer,2025-08-17 23:13:48.935471,2025-08-18 02:29:48.935471,2025-08-18 02:29:48.935471
case_26,Create Purchase Order,Magdalena Predutta,2025-08-13 05:15:48.935471,2025-08-18 02:48:48.935471,2025-08-18 02:59:48.935471
case_48,Analyze Request for Quotation,Magdalena Predutta,2025-08-17 09:20:48.935471,2025-08-18 03:01:48.935471,2025-08-18 03:09:48.935471
case_39,Approve Purchase Order for payment,Magdalena Predutta,2025-08-18 02:29:48.935471,2025-08-18 03:15:48.935471,2025-08-18 03:15:48.935471
case_11,Send invoice,Kiu Kan,2025-08-15 16:34:48.935471,2025-08-18 03:44:48.935471,2025-08-18 03:44:48.935471
case_16,Release Supplier's Invoice,Karalda Nimwada,2025-08-17 23:11:48.935471,2025-08-18 03:58:48.935471,2025-08-18 04:02:48.935471
case_51,Analyze Request for Quotation,Magdalena Predutta,2025-08-18 00:59:48.935471,2025-08-18 04:06:48.935471,2025-08-18 04:07:48.935471
case_11,Release Supplier's Invoice,Pedro Alvares,2025-08-18 03:44:48.935471,2025-08-18 06:04:48.935471,2025-08-18 06:09:48.935471
case_51,Amend Request for Quotation Requester,Alberto Duport,2025-08-18 04:07:48.935471,2025-08-18 06:25:48.935471,2025-08-18 06:33:48.935471
case_48,Send Request for Quotation to Supplier,Francois de Perrier,2025-08-18 03:09:48.935471,2025-08-18 07:17:48.935471,2025-08-18 07:47:48.935471
case_34,Settle conditions with supplier,Karel de Groot,2025-08-15 15:49:48.935471,2025-08-18 07:44:48.935471,2025-08-18 21:52:48.935471
case_24,Deliver Goods Services,Sean Manney,2025-08-13 10:19:48.935471,2025-08-18 08:16:48.935471,2025-08-19 21:56:48.935471
case_14,Deliver Goods Services,Esmeralda Clay,2025-08-17 20:47:48.935471,2025-08-18 08:38:48.935471,2025-08-18 23:10:48.935471
case_26,Confirm Purchase Order,Karen Clarens,2025-08-18 02:59:48.935471,2025-08-18 09:07:48.935471,2025-08-18 09:11:48.935471
case_11,Authorize Supplier's Invoice payment,Pedro Alvares,2025-08-18 06:09:48.935471,2025-08-18 12:01:48.935471,2025-08-18 12:01:48.935471
case_35,Release Purchase Order,Tesca Lobes,2025-08-18 08:14:48.935471,2025-08-18 12:23:48.935471,2025-08-18 12:23:48.935471
case_29,Settle dispute with supplier Purchasing Agent,Francois de Perrier,2025-08-17 06:24:48.935471,2025-08-18 12:56:48.935471,2025-08-18 22:14:48.935471
case_16,Authorize Supplier's Invoice payment,Pedro Alvares,2025-08-18 04:02:48.935471,2025-08-18 14:02:48.935471,2025-08-18 14:02:48.935471
case_51,Analyze Request for Quotation,Karel de Groot,2025-08-18 06:33:48.935471,2025-08-18 14:47:48.935471,2025-08-18 15:08:48.935471
case_11,Pay invoice,Pedro Alvares,2025-08-18 12:01:48.935471,2025-08-18 14:51:48.935471,2025-08-18 15:02:48.935471
case_16,Pay invoice,Pedro Alvares,2025-08-18 14:02:48.935471,2025-08-18 16:41:48.935471,2025-08-18 16:53:48.935471
case_35,Approve Purchase Order for payment,Magdalena Predutta,2025-08-18 12:23:48.935471,2025-08-18 17:49:48.935471,2025-08-18 17:49:48.935471
case_15,Release Purchase Order,Immanuel Karagianni,2025-08-18 14:09:48.935471,2025-08-18 19:22:48.935471,2025-08-18 19:22:48.935471
case_46,Settle conditions with supplier,Francois de Perrier,2025-08-17 18:55:48.935471,2025-08-18 19:49:48.935471,2025-08-19 00:02:48.935471
case_50,Analyze Request for Quotation,Francois de Perrier,2025-08-17 21:06:48.935471,2025-08-18 19:57:48.935471,2025-08-18 20:16:48.935471
case_47,Settle conditions with supplier,Karel de Groot,2025-08-18 01:03:48.935471,2025-08-18 20:01:48.935471,2025-08-19 02:52:48.935471
case_32,Send invoice,Kiu Kan,2025-08-18 02:26:48.935471,2025-08-18 21:00:48.935471,2025-08-18 21:00:48.935471
case_29,Release Purchase Order,Nico Ojenbeer,2025-08-18 22:14:48.935471,2025-08-18 22:38:48.935471,2025-08-18 22:38:48.935471
case_34,Create Purchase Order,Karel de Groot,2025-08-18 21:52:48.935471,2025-08-18 22:53:48.935471,2025-08-18 23:01:48.935471
case_32,Release Supplier's Invoice,Karalda Nimwada,2025-08-18 21:00:48.935471,2025-08-18 23:51:48.935471,2025-08-18 23:54:48.935471
case_48,Create Quotation comparison Map,Francois de Perrier,2025-08-18 07:47:48.935471,2025-08-19 00:24:48.935471,2025-08-19 03:34:48.935471
case_46,Create Purchase Order,Karel de Groot,2025-08-19 00:02:48.935471,2025-08-19 00:41:48.935471,2025-08-19 00:52:48.935471
case_32,Authorize Supplier's Invoice payment,Pedro Alvares,2025-08-18 23:54:48.935471,2025-08-19 00:42:48.935471,2025-08-19 00:42:48.935471
case_38,Create Quotation comparison Map,Karel de Groot,2025-08-15 07:27:48.935471,2025-08-19 01:11:48.935471,2025-08-19 02:51:48.935471
case_32,Pay invoice,Pedro Alvares,2025-08-19 00:42:48.935471,2025-08-19 01:13:48.935471,2025-08-19 01:23:48.935471
case_26,Deliver Goods Services,Carmen Finacse,2025-08-18 09:11:48.935471,2025-08-19 01:16:48.935471,2025-08-19 02:23:48.935471
case_51,Send Request for Quotation to Supplier,Francois de Perrier,2025-08-18 15:08:48.935471,2025-08-19 02:04:48.935471,2025-08-19 02:34:48.935471
case_14,Release Purchase Order,Esmana Liubiata,2025-08-18 23:10:48.935471,2025-08-19 02:06:48.935471,2025-08-19 02:06:48.935471
case_52,Create Purchase Requisition,Alberto Duport,2025-08-19 02:36:48.935471,2025-08-19 02:36:48.935471,2025-08-19 03:25:48.935471
case_26,Release Purchase Order,Penn Osterwalder,2025-08-19 02:23:48.935471,2025-08-19 02:43:48.935471,2025-08-19 02:43:48.935471
case_18,Deliver Goods Services,Kiu Kan,2025-08-13 19:55:48.935471,2025-08-19 03:02:48.935471,2025-08-20 11:47:48.935471
case_38,Analyze Quotation comparison Map,Fjodor Kowalski,2025-08-19 02:51:48.935471,2025-08-19 03:15:48.935471,2025-08-19 03:22:48.935471
case_41,Analyze Request for Quotation,Magdalena Predutta,2025-08-14 06:04:48.935471,2025-08-19 03:37:48.935471,2025-08-19 03:53:48.935471
case_22,Release Purchase Order,Tesca Lobes,2025-08-19 00:07:48.935471,2025-08-19 03:44:48.935471,2025-08-19 03:44:48.935471
case_38,Choose best option,Kim Passa,2025-08-19 03:22:48.935471,2025-08-19 04:40:48.935471,2025-08-19 04:40:48.935471
case_39,Send invoice,Kiu Kan,2025-08-18 03:15:48.935471,2025-08-19 05:19:48.935471,2025-08-19 05:19:48.935471
case_26,Approve Purchase Order for payment,Karel de Groot,2025-08-19 02:43:48.935471,2025-08-19 05:37:48.935471,2025-08-19 05:37:48.935471
case_48,Analyze Quotation comparison Map,Anne Olwada,2025-08-19 03:34:48.935471,2025-08-19 06:32:48.935471,2025-08-19 06:50:48.935471
case_14,Approve Purchase Order for payment,Karel de Groot,2025-08-19 02:06:48.935471,2025-08-19 07:27:48.935471,2025-08-19 07:27:48.935471
case_48,Choose best option,Tesca Lobes,2025-08-19 06:50:48.935471,2025-08-19 08:22:48.935471,2025-08-19 08:22:48.935471
case_34,Confirm Purchase Order,Carmen Finacse,2025-08-18 23:01:48.935471,2025-08-19 09:00:48.935471,2025-08-19 10:24:48.935471
case_39,Release Supplier's Invoice,Karalda Nimwada,2025-08-19 05:19:48.935471,2025-08-19 09:05:48.935471,2025-08-19 09:09:48.935471
case_38,Settle conditions with supplier,Francois de Perrier,2025-08-19 04:40:48.935471,2025-08-19 09:08:48.935471,2025-08-19 19:01:48.935471
case_29,Approve Purchase Order for payment,Francois de Perrier,2025-08-18 22:38:48.935471,2025-08-19 10:24:48.935471,2025-08-19 10:24:48.935471
case_39,Authorize Supplier's Invoice payment,Karalda Nimwada,2025-08-19 09:09:48.935471,2025-08-19 10:51:48.935471,2025-08-19 10:51:48.935471
case_52,Analyze Purchase Requisition,Maris Freeman,2025-08-19 03:25:48.935471,2025-08-19 10:53:48.935471,2025-08-19 11:03:48.935471
case_53,Create Purchase Requisition,Immanuel Karagianni,2025-08-19 12:12:48.935471,2025-08-19 12:12:48.935471,2025-08-19 13:38:48.935471
case_39,Pay invoice,Karalda Nimwada,2025-08-19 10:51:48.935471,2025-08-19 12:51:48.935471,2025-08-19 13:03:48.935471
case_22,Approve Purchase Order for payment,Magdalena Predutta,2025-08-19 03:44:48.935471,2025-08-19 13:01:48.935471,2025-08-19 13:01:48.935471
case_41,Send Request for Quotation to Supplier,Magdalena Predutta,2025-08-19 03:53:48.935471,2025-08-19 14:34:48.935471,2025-08-19 14:49:48.935471
case_33,Settle conditions with supplier,Magdalena Predutta,2025-08-16 16:41:48.935471,2025-08-19 15:07:48.935471,2025-08-19 22:39:48.935471
case_12,Confirm Purchase Order,Sean Manney,2025-08-16 15:42:48.935471,2025-08-19 15:31:48.935471,2025-08-19 15:36:48.935471
case_19,Confirm Purchase Order,Karen Clarens,2025-08-16 20:45:48.935471,2025-08-19 15:32:48.935471,2025-08-19 15:56:48.935471
case_54,Create Purchase Requisition,Immanuel Karagianni,2025-08-19 16:33:48.935471,2025-08-19 16:33:48.935471,2025-08-19 17:04:48.935471
case_28,Send invoice,Sean Manney,2025-08-18 00:50:48.935471,2025-08-19 18:42:48.935471,2025-08-19 18:42:48.935471
case_28,Release Supplier's Invoice,Pedro Alvares,2025-08-19 18:42:48.935471,2025-08-19 18:43:48.935471,2025-08-19 18:46:48.935471
case_53,Create Request for Quotation Requester Manager,Francis Odell,2025-08-19 13:38:48.935471,2025-08-19 19:05:48.935471,2025-08-19 19:07:48.935471
case_54,Analyze Purchase Requisition,Francis Odell,2025-08-19 17:04:48.935471,2025-08-19 19:32:48.935471,2025-08-19 19:36:48.935471
case_54,Create Request for Quotation Requester Manager,Francis Odell,2025-08-19 19:36:48.935471,2025-08-19 19:39:48.935471,2025-08-19 19:39:48.935471
case_54,Analyze Request for Quotation,Karel de Groot,2025-08-19 19:39:48.935471,2025-08-19 20:18:48.935471,2025-08-19 20:53:48.935471
case_29,Send invoice,Karen Clarens,2025-08-19 10:24:48.935471,2025-08-19 21:21:48.935471,2025-08-19 21:21:48.935471
case_35,Send invoice,Carmen Finacse,2025-08-18 17:49:48.935471,2025-08-19 21:23:48.935471,2025-08-19 21:23:48.935471
case_26,Send invoice,Kiu Kan,2025-08-19 05:37:48.935471,2025-08-19 22:07:48.935471,2025-08-19 22:07:48.935471
case_49,Analyze Request for Quotation,Karel de Groot,2025-08-17 20:07:48.935471,2025-08-19 22:21:48.935471,2025-08-19 22:43:48.935471
case_22,Send invoice,Kiu Kan,2025-08-19 13:01:48.935471,2025-08-19 22:42:48.935471,2025-08-19 22:42:48.935471
case_25,Create Purchase Order,Magdalena Predutta,2025-08-13 23:45:48.935471,2025-08-19 23:01:48.935471,2025-08-19 23:07:48.935471
case_38,Create Purchase Order,Magdalena Predutta,2025-08-19 19:01:48.935471,2025-08-19 23:20:48.935471,2025-08-19 23:29:48.935471
case_28,Authorize Supplier's Invoice payment,Karalda Nimwada,2025-08-19 18:46:48.935471,2025-08-19 23:50:48.935471,2025-08-19 23:50:48.935471
case_22,Release Supplier's Invoice,Karalda Nimwada,2025-08-19 22:42:48.935471,2025-08-20 00:45:48.935471,2025-08-20 00:50:48.935471
case_35,Release Supplier's Invoice,Karalda Nimwada,2025-08-19 21:23:48.935471,2025-08-20 01:07:48.935471,2025-08-20 01:10:48.935471
case_49,Amend Request for Quotation Requester,Kim Passa,2025-08-19 22:43:48.935471,2025-08-20 01:21:48.935471,2025-08-20 01:30:48.935471
case_26,Release Supplier's Invoice,Karalda Nimwada,2025-08-19 22:07:48.935471,2025-08-20 01:43:48.935471,2025-08-20 01:47:48.935471
case_28,Pay invoice,Pedro Alvares,2025-08-19 23:50:48.935471,2025-08-20 02:34:48.935471,2025-08-20 02:45:48.935471
case_35,Authorize Supplier's Invoice payment,Karalda Nimwada,2025-08-20 01:10:48.935471,2025-08-20 02:50:48.935471,2025-08-20 02:50:48.935471
case_29,Release Supplier's Invoice,Karalda Nimwada,2025-08-19 21:21:48.935471,2025-08-20 02:51:48.935471,2025-08-20 02:56:48.935471
case_33,Create Purchase Order,Magdalena Predutta,2025-08-19 22:39:48.935471,2025-08-20 02:58:48.935471,2025-08-20 03:06:48.935471
case_51,Create Quotation comparison Map,Karel de Groot,2025-08-19 02:34:48.935471,2025-08-20 02:58:48.935471,2025-08-20 06:21:48.935471
case_47,Create Purchase Order,Karel de Groot,2025-08-19 02:52:48.935471,2025-08-20 03:16:48.935471,2025-08-20 03:25:48.935471
case_41,Create Quotation comparison Map,Karel de Groot,2025-08-19 14:49:48.935471,2025-08-20 03:53:48.935471,2025-08-20 06:29:48.935471
case_29,Authorize Supplier's Invoice payment,Karalda Nimwada,2025-08-20 02:56:48.935471,2025-08-20 04:36:48.935471,2025-08-20 04:36:48.935471
case_22,Authorize Supplier's Invoice payment,Karalda Nimwada,2025-08-20 00:50:48.935471,2025-08-20 04:47:48.935471,2025-08-20 04:47:48.935471
case_24,Release Purchase Order,Tesca Lobes,2025-08-19 21:56:48.935471,2025-08-20 05:39:48.935471,2025-08-20 05:39:48.935471
case_29,Pay invoice,Karalda Nimwada,2025-08-20 04:36:48.935471,2025-08-20 05:40:48.935471,2025-08-20 05:46:48.935471
case_35,Pay invoice,Karalda Nimwada,2025-08-20 02:50:48.935471,2025-08-20 06:00:48.935471,2025-08-20 06:08:48.935471
case_26,Settle dispute with supplier Financial Manager,Karalda Nimwada,2025-08-20 01:47:48.935471,2025-08-20 07:09:48.935471,2025-08-20 07:37:48.935471
case_22,Pay invoice,Pedro Alvares,2025-08-20 04:47:48.935471,2025-08-20 07:49:48.935471,2025-08-20 08:01:48.935471
case_26,Authorize Supplier's Invoice payment,Karalda Nimwada,2025-08-20 07:37:48.935471,2025-08-20 08:16:48.935471,2025-08-20 08:16:48.935471
case_55,Create Purchase Requisition,Anne Olwada,2025-08-20 08:38:48.935471,2025-08-20 08:38:48.935471,2025-08-20 09:01:48.935471
case_56,Create Purchase Requisition,Nico Ojenbeer,2025-08-20 08:57:48.935471,2025-08-20 08:57:48.935471,2025-08-20 10:05:48.935471
case_51,Analyze Quotation comparison Map,Tesca Lobes,2025-08-20 06:21:48.935471,2025-08-20 09:18:48.935471,2025-08-20 09:37:48.935471
case_41,Analyze Quotation comparison Map,Fjodor Kowalski,2025-08-20 06:29:48.935471,2025-08-20 09:39:48.935471,2025-08-20 11:01:48.935471
case_49,Analyze Request for Quotation,Francois de Perrier,2025-08-20 01:30:48.935471,2025-08-20 09:47:48.935471,2025-08-20 10:17:48.935471
case_49,Amend Request for Quotation Requester,Alberto Duport,2025-08-20 10:17:48.935471,2025-08-20 10:40:48.935471,2025-08-20 10:43:48.935471
case_26,Pay invoice,Karalda Nimwada,2025-08-20 08:16:48.935471,2025-08-20 11:44:48.935471,2025-08-20 11:50:48.935471
case_55,Analyze Purchase Requisition,Francis Odell,2025-08-20 09:01:48.935471,2025-08-20 11:49:48.935471,2025-08-20 11:54:48.935471
case_41,Choose best option,Fjodor Kowalski,2025-08-20 11:01:48.935471,2025-08-20 12:26:48.935471,2025-08-20 12:26:48.935471
case_38,Confirm Purchase Order,Karen Clarens,2025-08-19 23:29:48.935471,2025-08-20 12:49:48.935471,2025-08-20 13:25:48.935471
case_18,Release Purchase Order,Tesca Lobes,2025-08-20 11:47:48.935471,2025-08-20 14:49:48.935471,2025-08-20 14:49:48.935471
case_57,Create Purchase Requisition,Christian Francois,2025-08-20 14:49:48.935471,2025-08-20 14:49:48.935471,2025-08-20 14:55:48.935471
case_51,Choose best option,Immanuel Karagianni,2025-08-20 09:37:48.935471,2025-08-20 14:56:48.935471,2025-08-20 14:56:48.935471
case_55,Create Request for Quotation Requester Manager,Heinz Gutschmidt,2025-08-20 11:54:48.935471,2025-08-20 16:29:48.935471,2025-08-20 16:29:48.935471
case_55,Analyze Request for Quotation,Magdalena Predutta,2025-08-20 16:29:48.935471,2025-08-20 17:30:48.935471,2025-08-20 17:55:48.935471
case_18,Approve Purchase Order for payment,Francois de Perrier,2025-08-20 14:49:48.935471,2025-08-20 17:56:48.935471,2025-08-20 17:56:48.935471
case_53,Analyze Request for Quotation,Francois de Perrier,2025-08-19 19:07:48.935471,2025-08-20 18:05:48.935471,2025-08-20 18:31:48.935471
case_55,Amend Request for Quotation Requester,Nico Ojenbeer,2025-08-20 17:55:48.935471,2025-08-20 18:27:48.935471,2025-08-20 18:43:48.935471
case_53,Amend Request for Quotation Requester,Alberto Duport,2025-08-20 18:31:48.935471,2025-08-20 19:26:48.935471,2025-08-20 19:42:48.935471
case_24,Approve Purchase Order for payment,Francois de Perrier,2025-08-20 05:39:48.935471,2025-08-20 22:27:48.935471,2025-08-20 22:27:48.935471
case_51,Settle conditions with supplier,Magdalena Predutta,2025-08-20 14:56:48.935471,2025-08-20 23:08:48.935471,2025-08-21 06:35:48.935471
case_44,Confirm Purchase Order,Sean Manney,2025-08-15 22:52:48.935471,2025-08-21 00:04:48.935471,2025-08-21 00:33:48.935471
case_56,Analyze Purchase Requisition,Francis Odell,2025-08-20 10:05:48.935471,2025-08-21 00:09:48.935471,2025-08-21 00:11:48.935471
case_56,Create Request for Quotation Requester,Anne Olwada,2025-08-21 00:11:48.935471,2025-08-21 00:15:48.935471,2025-08-21 00:24:48.935471
case_58,Create Purchase Requisition,Christian Francois,2025-08-21 00:19:48.935471,2025-08-21 00:19:48.935471,2025-08-21 00:23:48.935471
case_54,Send Request for Quotation to Supplier,Karel de Groot,2025-08-19 20:53:48.935471,2025-08-21 00:29:48.935471,2025-08-21 00:48:48.935471
case_57,Analyze Purchase Requisition,Francis Odell,2025-08-20 14:55:48.935471,2025-08-21 00:49:48.935471,2025-08-21 00:55:48.935471
case_52,Create Request for Quotation Requester Manager,Maris Freeman,2025-08-19 11:03:48.935471,2025-08-21 00:51:48.935471,2025-08-21 00:52:48.935471
case_38,Deliver Goods Services,Esmeralda Clay,2025-08-20 13:25:48.935471,2025-08-21 01:23:48.935471,2025-08-22 17:08:48.935471
case_53,Analyze Request for Quotation,Karel de Groot,2025-08-20 19:42:48.935471,2025-08-21 02:03:48.935471,2025-08-21 02:22:48.935471
case_14,Send invoice,Kiu Kan,2025-08-19 07:27:48.935471,2025-08-21 02:49:48.935471,2025-08-21 02:49:48.935471
case_53,Send Request for Quotation to Supplier,Karel de Groot,2025-08-21 02:22:48.935471,2025-08-21 03:23:48.935471,2025-08-21 03:38:48.935471
case_57,Create Request for Quotation Requester,Fjodor Kowalski,2025-08-21 00:55:48.935471,2025-08-21 04:48:48.935471,2025-08-21 04:54:48.935471
case_24,Send invoice,Sean Manney,2025-08-20 22:27:48.935471,2025-08-21 04:51:48.935471,2025-08-21 04:51:48.935471
case_49,Analyze Request for Quotation,Francois de Perrier,2025-08-20 10:43:48.935471,2025-08-21 04:56:48.935471,2025-08-21 05:24:48.935471
case_56,Analyze Request for Quotation,Francois de Perrier,2025-08-21 00:24:48.935471,2025-08-21 05:00:48.935471,2025-08-21 05:29:48.935471
case_24,Release Supplier's Invoice,Pedro Alvares,2025-08-21 04:51:48.935471,2025-08-21 05:39:48.935471,2025-08-21 05:41:48.935471
case_1,Send invoice,Kiu Kan,2025-08-13 09:41:48.935471,2025-08-21 05:43:48.935471,2025-08-21 05:43:48.935471
case_49,Amend Request for Quotation Requester,Nico Ojenbeer,2025-08-21 05:24:48.935471,2025-08-21 06:18:48.935471,2025-08-21 06:29:48.935471
case_58,Create Request for Quotation Requester Manager,Heinz Gutschmidt,2025-08-21 00:23:48.935471,2025-08-21 06:45:48.935471,2025-08-21 06:47:48.935471
case_24,Authorize Supplier's Invoice payment,Karalda Nimwada,2025-08-21 05:41:48.935471,2025-08-21 08:14:48.935471,2025-08-21 08:14:48.935471
case_33,Confirm Purchase Order,Esmeralda Clay,2025-08-20 03:06:48.935471,2025-08-21 08:17:48.935471,2025-08-21 08:37:48.935471
case_14,Release Supplier's Invoice,Karalda Nimwada,2025-08-21 02:49:48.935471,2025-08-21 08:48:48.935471,2025-08-21 08:51:48.935471
case_24,Pay invoice,Karalda Nimwada,2025-08-21 08:14:48.935471,2025-08-21 09:02:48.935471,2025-08-21 09:14:48.935471
case_56,Amend Request for Quotation Requester,Miu Hanwan,2025-08-21 05:29:48.935471,2025-08-21 10:20:48.935471,2025-08-21 10:25:48.935471
case_52,Analyze Request for Quotation,Magdalena Predutta,2025-08-21 00:52:48.935471,2025-08-21 11:33:48.935471,2025-08-21 11:42:48.935471
case_1,Release Supplier's Invoice,Pedro Alvares,2025-08-21 05:43:48.935471,2025-08-21 11:56:48.935471,2025-08-21 12:00:48.935471
case_1,Authorize Supplier's Invoice payment,Karalda Nimwada,2025-08-21 12:00:48.935471,2025-08-21 12:48:48.935471,2025-08-21 12:48:48.935471
case_1,Pay invoice,Karalda Nimwada,2025-08-21 12:48:48.935471,2025-08-21 13:09:48.935471,2025-08-21 13:13:48.935471
case_52,Amend Request for Quotation Requester,Alberto Duport,2025-08-21 11:42:48.935471,2025-08-21 13:35:48.935471,2025-08-21 13:41:48.935471
case_18,Send invoice,Esmeralda Clay,2025-08-20 17:56:48.935471,2025-08-21 14:15:48.935471,2025-08-21 14:15:48.935471
case_55,Analyze Request for Quotation,Magdalena Predutta,2025-08-20 18:43:48.935471,2025-08-21 14:26:48.935471,2025-08-21 14:35:48.935471
case_54,Create Quotation comparison Map,Francois de Perrier,2025-08-21 00:48:48.935471,2025-08-21 16:22:48.935471,2025-08-21 17:14:48.935471
case_55,Send Request for Quotation to Supplier,Karel de Groot,2025-08-21 14:35:48.935471,2025-08-21 16:50:48.935471,2025-08-21 17:05:48.935471
case_18,Release Supplier's Invoice,Karalda Nimwada,2025-08-21 14:15:48.935471,2025-08-21 17:03:48.935471,2025-08-21 17:05:48.935471
case_14,Settle dispute with supplier Financial Manager,Karalda Nimwada,2025-08-21 08:51:48.935471,2025-08-21 17:12:48.935471,2025-08-21 17:22:48.935471
case_18,Authorize Supplier's Invoice payment,Karalda Nimwada,2025-08-21 17:05:48.935471,2025-08-21 17:45:48.935471,2025-08-21 17:45:48.935471
case_18,Pay invoice,Karalda Nimwada,2025-08-21 17:45:48.935471,2025-08-21 19:25:48.935471,2025-08-21 19:33:48.935471
case_52,Analyze Request for Quotation,Karel de Groot,2025-08-21 13:41:48.935471,2025-08-21 19:55:48.935471,2025-08-21 20:22:48.935471
case_59,Create Purchase Requisition,Penn Osterwalder,2025-08-21 20:17:48.935471,2025-08-21 20:17:48.935471,2025-08-21 22:36:48.935471
case_12,Deliver Goods Services,Carmen Finacse,2025-08-19 15:36:48.935471,2025-08-21 20:43:48.935471,2025-08-23 19:53:48.935471
case_14,Authorize Supplier's Invoice payment,Pedro Alvares,2025-08-21 17:22:48.935471,2025-08-21 20:55:48.935471,2025-08-21 20:55:48.935471
case_14,Pay invoice,Karalda Nimwada,2025-08-21 20:55:48.935471,2025-08-21 22:18:48.935471,2025-08-21 22:22:48.935471
case_58,Analyze Request for Quotation,Karel de Groot,2025-08-21 06:47:48.935471,2025-08-21 22:30:48.935471,2025-08-21 22:34:48.935471
case_54,Analyze Quotation comparison Map,Christian Francois,2025-08-21 17:14:48.935471,2025-08-22 02:41:48.935471,2025-08-22 02:58:48.935471
case_59,Analyze Purchase Requisition,Heinz Gutschmidt,2025-08-21 22:36:48.935471,2025-08-22 02:47:48.935471,2025-08-22 02:50:48.935471
case_54,Choose best option,Alberto Duport,2025-08-22 02:58:48.935471,2025-08-22 03:12:48.935471,2025-08-22 03:12:48.935471
case_34,Deliver Goods Services,Sean Manney,2025-08-19 10:24:48.935471,2025-08-22 06:51:48.935471,2025-08-23 15:24:48.935471
case_60,Create Purchase Requisition,Fjodor Kowalski,2025-08-22 07:00:48.935471,2025-08-22 07:00:48.935471,2025-08-22 07:16:48.935471
case_25,Confirm Purchase Order,Kiu Kan,2025-08-19 23:07:48.935471,2025-08-22 08:03:48.935471,2025-08-22 08:13:48.935471
case_55,Create Quotation comparison Map,Magdalena Predutta,2025-08-21 17:05:48.935471,2025-08-22 08:13:48.935471,2025-08-22 09:53:48.935471
case_44,Deliver Goods Services,Carmen Finacse,2025-08-21 00:33:48.935471,2025-08-22 09:53:48.935471,2025-08-24 01:15:48.935471
case_60,Create Request for Quotation Requester,Esmana Liubiata,2025-08-22 07:16:48.935471,2025-08-22 10:27:48.935471,2025-08-22 10:33:48.935471
case_55,Analyze Quotation comparison Map,Immanuel Karagianni,2025-08-22 09:53:48.935471,2025-08-22 10:38:48.935471,2025-08-22 13:02:48.935471
case_54,Settle conditions with supplier,Karel de Groot,2025-08-22 03:12:48.935471,2025-08-22 12:32:48.935471,2025-08-23 02:44:48.935471
case_51,Create Purchase Order,Francois de Perrier,2025-08-21 06:35:48.935471,2025-08-22 12:38:48.935471,2025-08-22 12:47:48.935471
case_52,Send Request for Quotation to Supplier,Karel de Groot,2025-08-21 20:22:48.935471,2025-08-22 13:13:48.935471,2025-08-22 13:31:48.935471
case_55,Choose best option,Tesca Lobes,2025-08-22 13:02:48.935471,2025-08-22 14:26:48.935471,2025-08-22 14:26:48.935471
case_59,Create Request for Quotation Requester Manager,Heinz Gutschmidt,2025-08-22 02:50:48.935471,2025-08-22 14:34:48.935471,2025-08-22 14:37:48.935471
case_56,Analyze Request for Quotation,Magdalena Predutta,2025-08-21 10:25:48.935471,2025-08-22 14:41:48.935471,2025-08-22 15:09:48.935471
case_61,Create Purchase Requisition,Nico Ojenbeer,2025-08-22 15:01:48.935471,2025-08-22 15:01:48.935471,2025-08-22 15:01:48.935471
case_19,Deliver Goods Services,Karen Clarens,2025-08-19 15:56:48.935471,2025-08-22 15:26:48.935471,2025-08-24 00:52:48.935471
case_61,Create Request for Quotation Requester,Kim Passa,2025-08-22 15:01:48.935471,2025-08-22 19:01:48.935471,2025-08-22 19:04:48.935471
case_57,Analyze Request for Quotation,Magdalena Predutta,2025-08-21 04:54:48.935471,2025-08-22 19:41:48.935471,2025-08-22 21:17:48.935471
case_55,Settle conditions with supplier,Francois de Perrier,2025-08-22 14:26:48.935471,2025-08-22 21:44:48.935471,2025-08-23 09:25:48.935471
case_41,Settle conditions with supplier,Francois de Perrier,2025-08-20 12:26:48.935471,2025-08-22 22:10:48.935471,2025-08-23 09:22:48.935471
case_58,Amend Request for Quotation Requester Manager,Maris Freeman,2025-08-21 22:34:48.935471,2025-08-22 22:42:48.935471,2025-08-22 22:51:48.935471
case_60,Analyze Request for Quotation,Magdalena Predutta,2025-08-22 10:33:48.935471,2025-08-23 00:42:48.935471,2025-08-23 00:43:48.935471
case_13,Confirm Purchase Order,Carmen Finacse,2025-08-15 12:29:48.935471,2025-08-23 01:15:48.935471,2025-08-23 01:38:48.935471
case_62,Create Purchase Requisition,Tesca Lobes,2025-08-23 02:33:48.935471,2025-08-23 02:33:48.935471,2025-08-23 04:01:48.935471
case_58,Analyze Request for Quotation,Francois de Perrier,2025-08-22 22:51:48.935471,2025-08-23 03:27:48.935471,2025-08-23 03:46:48.935471
case_60,Amend Request for Quotation Requester,Esmana Liubiata,2025-08-23 00:43:48.935471,2025-08-23 03:31:48.935471,2025-08-23 03:41:48.935471
case_38,Release Purchase Order,Miu Hanwan,2025-08-22 17:08:48.935471,2025-08-23 03:39:48.935471,2025-08-23 03:39:48.935471
case_58,Amend Request for Quotation Requester,Nico Ojenbeer,2025-08-23 03:46:48.935471,2025-08-23 06:01:48.935471,2025-08-23 06:09:48.935471
case_54,Create Purchase Order,Karel de Groot,2025-08-23 02:44:48.935471,2025-08-23 07:33:48.935471,2025-08-23 07:39:48.935471
case_38,Settle dispute with supplier Purchasing Agent,Francois de Perrier,2025-08-23 03:39:48.935471,2025-08-23 08:07:48.935471,2025-08-23 18:46:48.935471
case_53,Create Quotation comparison Map,Karel de Groot,2025-08-21 03:38:48.935471,2025-08-23 09:52:48.935471,2025-08-23 15:18:48.935471
case_41,Create Purchase Order,Francois de Perrier,2025-08-23 09:22:48.935471,2025-08-23 09:57:48.935471,2025-08-23 10:08:48.935471
case_54,Confirm Purchase Order,Karen Clarens,2025-08-23 07:39:48.935471,2025-08-23 10:28:48.935471,2025-08-23 10:49:48.935471
case_52,Create Quotation comparison Map,Karel de Groot,2025-08-22 13:31:48.935471,2025-08-23 11:43:48.935471,2025-08-23 16:50:48.935471
case_63,Create Purchase Requisition,Anne Olwada,2025-08-23 11:47:48.935471,2025-08-23 11:47:48.935471,2025-08-23 11:55:48.935471
case_63,Create Request for Quotation Requester,Miu Hanwan,2025-08-23 11:55:48.935471,2025-08-23 12:13:48.935471,2025-08-23 12:19:48.935471
case_55,Create Purchase Order,Francois de Perrier,2025-08-23 09:25:48.935471,2025-08-23 12:50:48.935471,2025-08-23 12:55:48.935471
case_60,Analyze Request for Quotation,Karel de Groot,2025-08-23 03:41:48.935471,2025-08-23 13:35:48.935471,2025-08-23 15:16:48.935471
case_64,Create Purchase Requisition,Kim Passa,2025-08-23 15:25:48.935471,2025-08-23 15:25:48.935471,2025-08-23 15:43:48.935471
case_25,Deliver Goods Services,Carmen Finacse,2025-08-22 08:13:48.935471,2025-08-23 15:28:48.935471,2025-08-25 22:15:48.935471
case_51,Confirm Purchase Order,Esmeralda Clay,2025-08-22 12:47:48.935471,2025-08-23 16:51:48.935471,2025-08-23 17:10:48.935471
case_53,Analyze Quotation comparison Map,Kim Passa,2025-08-23 15:18:48.935471,2025-08-23 16:56:48.935471,2025-08-23 17:00:48.935471
case_34,Release Purchase Order,Tesca Lobes,2025-08-23 15:24:48.935471,2025-08-23 17:21:48.935471,2025-08-23 17:21:48.935471
case_13,Deliver Goods Services,Kiu Kan,2025-08-23 01:38:48.935471,2025-08-23 18:15:48.935471,2025-08-23 20:32:48.935471
case_62,Analyze Purchase Requisition,Maris Freeman,2025-08-23 04:01:48.935471,2025-08-23 18:31:48.935471,2025-08-23 18:37:48.935471
case_54,Deliver Goods Services,Kiu Kan,2025-08-23 10:49:48.935471,2025-08-23 18:44:48.935471,2025-08-24 05:25:48.935471
case_62,Create Request for Quotation Requester,Penn Osterwalder,2025-08-23 18:37:48.935471,2025-08-23 19:19:48.935471,2025-08-23 19:28:48.935471
case_46,Confirm Purchase Order,Kiu Kan,2025-08-19 00:52:48.935471,2025-08-23 20:38:48.935471,2025-08-23 22:14:48.935471
case_53,Choose best option,Tesca Lobes,2025-08-23 17:00:48.935471,2025-08-23 20:43:48.935471,2025-08-23 20:43:48.935471
case_13,Release Purchase Order,Miu Hanwan,2025-08-23 20:32:48.935471,2025-08-23 21:07:48.935471,2025-08-23 21:07:48.935471
case_38,Release Purchase Order,Miu Hanwan,2025-08-23 18:46:48.935471,2025-08-23 21:13:48.935471,2025-08-23 21:13:48.935471
case_57,Send Request for Quotation to Supplier,Magdalena Predutta,2025-08-22 21:17:48.935471,2025-08-23 21:48:48.935471,2025-08-23 22:09:48.935471
case_52,Analyze Quotation comparison Map,Miu Hanwan,2025-08-23 16:50:48.935471,2025-08-23 21:54:48.935471,2025-08-23 22:26:48.935471
case_60,Amend Request for Quotation Requester,Immanuel Karagianni,2025-08-23 15:16:48.935471,2025-08-23 22:07:48.935471,2025-08-23 22:15:48.935471
case_64,Analyze Purchase Requisition,Francis Odell,2025-08-23 15:43:48.935471,2025-08-23 22:39:48.935471,2025-08-23 22:39:48.935471
case_13,Approve Purchase Order for payment,Francois de Perrier,2025-08-23 21:07:48.935471,2025-08-23 23:14:48.935471,2025-08-23 23:14:48.935471
case_57,Create Quotation comparison Map,Karel de Groot,2025-08-23 22:09:48.935471,2025-08-23 23:45:48.935471,2025-08-24 05:33:48.935471
case_33,Deliver Goods Services,Sean Manney,2025-08-21 08:37:48.935471,2025-08-24 00:18:48.935471,2025-08-25 09:34:48.935471
case_19,Release Purchase Order,Anne Olwada,2025-08-24 00:52:48.935471,2025-08-24 01:00:48.935471,2025-08-24 01:00:48.935471
case_52,Choose best option,Immanuel Karagianni,2025-08-23 22:26:48.935471,2025-08-24 01:09:48.935471,2025-08-24 01:09:48.935471
case_53,Settle conditions with supplier,Karel de Groot,2025-08-23 20:43:48.935471,2025-08-24 02:06:48.935471,2025-08-24 09:27:48.935471
case_12,Release Purchase Order,Nico Ojenbeer,2025-08-23 19:53:48.935471,2025-08-24 02:31:48.935471,2025-08-24 02:31:48.935471
case_44,Release Purchase Order,Penn Osterwalder,2025-08-24 01:15:48.935471,2025-08-24 02:33:48.935471,2025-08-24 02:33:48.935471
case_61,Analyze Request for Quotation,Francois de Perrier,2025-08-22 19:04:48.935471,2025-08-24 02:49:48.935471,2025-08-24 03:08:48.935471
case_52,Settle conditions with supplier,Magdalena Predutta,2025-08-24 01:09:48.935471,2025-08-24 04:42:48.935471,2025-08-24 13:12:48.935471
case_63,Analyze Request for Quotation,Karel de Groot,2025-08-23 12:19:48.935471,2025-08-24 04:49:48.935471,2025-08-24 05:09:48.935471
case_65,Create Purchase Requisition,Tesca Lobes,2025-08-24 05:17:48.935471,2025-08-24 05:17:48.935471,2025-08-24 06:12:48.935471
case_54,Release Purchase Order,Fjodor Kowalski,2025-08-24 05:25:48.935471,2025-08-24 05:47:48.935471,2025-08-24 05:47:48.935471
case_57,Analyze Quotation comparison Map,Kim Passa,2025-08-24 05:33:48.935471,2025-08-24 06:32:48.935471,2025-08-24 07:02:48.935471
case_38,Approve Purchase Order for payment,Francois de Perrier,2025-08-23 21:13:48.935471,2025-08-24 06:36:48.935471,2025-08-24 06:36:48.935471
case_62,Analyze Request for Quotation,Karel de Groot,2025-08-23 19:28:48.935471,2025-08-24 06:56:48.935471,2025-08-24 07:05:48.935471
case_63,Amend Request for Quotation Requester,Alberto Duport,2025-08-24 05:09:48.935471,2025-08-24 07:06:48.935471,2025-08-24 07:09:48.935471
case_57,Choose best option,Nico Ojenbeer,2025-08-24 07:02:48.935471,2025-08-24 07:49:48.935471,2025-08-24 07:49:48.935471
case_13,Send invoice,Esmeralda Clay,2025-08-23 23:14:48.935471,2025-08-24 09:28:48.935471,2025-08-24 09:28:48.935471
case_13,Release Supplier's Invoice,Karalda Nimwada,2025-08-24 09:28:48.935471,2025-08-24 10:16:48.935471,2025-08-24 10:20:48.935471
case_19,Approve Purchase Order for payment,Francois de Perrier,2025-08-24 01:00:48.935471,2025-08-24 10:23:48.935471,2025-08-24 10:23:48.935471
case_13,Authorize Supplier's Invoice payment,Pedro Alvares,2025-08-24 10:20:48.935471,2025-08-24 10:32:48.935471,2025-08-24 10:32:48.935471
case_13,Pay invoice,Karalda Nimwada,2025-08-24 10:32:48.935471,2025-08-24 10:39:48.935471,2025-08-24 10:46:48.935471
case_53,Create Purchase Order,Magdalena Predutta,2025-08-24 09:27:48.935471,2025-08-24 10:44:48.935471,2025-08-24 10:52:48.935471
case_62,Amend Request for Quotation Requester,Christian Francois,2025-08-24 07:05:48.935471,2025-08-24 11:13:48.935471,2025-08-24 11:23:48.935471
case_63,Analyze Request for Quotation,Magdalena Predutta,2025-08-24 07:09:48.935471,2025-08-24 13:56:48.935471,2025-08-24 14:16:48.935471
case_44,Settle dispute with supplier Purchasing Agent,Karel de Groot,2025-08-24 02:33:48.935471,2025-08-24 14:07:48.935471,2025-08-24 23:27:48.935471
case_49,Analyze Request for Quotation,Karel de Groot,2025-08-21 06:29:48.935471,2025-08-24 14:29:48.935471,2025-08-24 14:37:48.935471
case_63,Amend Request for Quotation Requester,Kim Passa,2025-08-24 14:16:48.935471,2025-08-24 16:56:48.935471,2025-08-24 19:02:48.935471
case_64,Create Request for Quotation Requester Manager,Maris Freeman,2025-08-23 22:39:48.935471,2025-08-24 17:34:48.935471,2025-08-24 17:36:48.935471
case_65,Analyze Purchase Requisition,Heinz Gutschmidt,2025-08-24 06:12:48.935471,2025-08-24 19:22:48.935471,2025-08-24 19:31:48.935471
case_66,Create Purchase Requisition,Anne Olwada,2025-08-24 20:04:48.935471,2025-08-24 20:04:48.935471,2025-08-24 20:39:48.935471
case_60,Analyze Request for Quotation,Magdalena Predutta,2025-08-23 22:15:48.935471,2025-08-24 20:56:48.935471,2025-08-24 21:11:48.935471
case_52,Create Purchase Order,Magdalena Predutta,2025-08-24 13:12:48.935471,2025-08-24 22:04:48.935471,2025-08-24 22:12:48.935471
case_66,Create Request for Quotation Requester,Kim Passa,2025-08-24 20:39:48.935471,2025-08-24 23:52:48.935471,2025-08-25 00:00:48.935471
case_60,Amend Request for Quotation Requester,Miu Hanwan,2025-08-24 21:11:48.935471,2025-08-25 00:39:48.935471,2025-08-25 00:51:48.935471
case_65,Create Request for Quotation Requester,Christian Francois,2025-08-24 19:31:48.935471,2025-08-25 00:47:48.935471,2025-08-25 00:56:48.935471
case_65,Analyze Request for Quotation,Magdalena Predutta,2025-08-25 00:56:48.935471,2025-08-25 03:41:48.935471,2025-08-25 03:53:48.935471
case_44,Release Purchase Order,Tesca Lobes,2025-08-24 23:27:48.935471,2025-08-25 05:08:48.935471,2025-08-25 05:08:48.935471
case_55,Confirm Purchase Order,Esmeralda Clay,2025-08-23 12:55:48.935471,2025-08-25 07:14:48.935471,2025-08-25 07:25:48.935471
case_54,Approve Purchase Order for payment,Karel de Groot,2025-08-24 05:47:48.935471,2025-08-25 09:23:48.935471,2025-08-25 09:23:48.935471
case_34,Approve Purchase Order for payment,Francois de Perrier,2025-08-23 17:21:48.935471,2025-08-25 10:47:48.935471,2025-08-25 10:47:48.935471
case_65,Send Request for Quotation to Supplier,Francois de Perrier,2025-08-25 03:53:48.935471,2025-08-25 10:52:48.935471,2025-08-25 11:15:48.935471
case_44,Approve Purchase Order for payment,Magdalena Predutta,2025-08-25 05:08:48.935471,2025-08-25 10:54:48.935471,2025-08-25 10:54:48.935471
case_64,Analyze Request for Quotation,Francois de Perrier,2025-08-24 17:36:48.935471,2025-08-25 11:35:48.935471,2025-08-25 11:48:48.935471
case_33,Release Purchase Order,Anne Olwada,2025-08-25 09:34:48.935471,2025-08-25 11:43:48.935471,2025-08-25 11:43:48.935471
case_62,Analyze Request for Quotation,Magdalena Predutta,2025-08-24 11:23:48.935471,2025-08-25 11:45:48.935471,2025-08-25 11:57:48.935471
case_62,Amend Request for Quotation Requester,Esmana Liubiata,2025-08-25 11:57:48.935471,2025-08-25 11:57:48.935471,2025-08-25 12:16:48.935471
case_55,Deliver Goods Services,Carmen Finacse,2025-08-25 07:25:48.935471,2025-08-25 12:02:48.935471,2025-08-25 18:56:48.935471
case_65,Create Quotation comparison Map,Francois de Perrier,2025-08-25 11:15:48.935471,2025-08-25 13:05:48.935471,2025-08-25 14:57:48.935471
case_33,Approve Purchase Order for payment,Francois de Perrier,2025-08-25 11:43:48.935471,2025-08-25 13:50:48.935471,2025-08-25 13:50:48.935471
case_41,Confirm Purchase Order,Carmen Finacse,2025-08-23 10:08:48.935471,2025-08-25 14:21:48.935471,2025-08-25 14:36:48.935471
case_67,Create Purchase Requisition,Miu Hanwan,2025-08-25 16:29:48.935471,2025-08-25 16:29:48.935471,2025-08-25 16:48:48.935471
case_62,Analyze Request for Quotation,Francois de Perrier,2025-08-25 12:16:48.935471,2025-08-25 16:41:48.935471,2025-08-25 16:46:48.935471
case_12,Approve Purchase Order for payment,Karel de Groot,2025-08-24 02:31:48.935471,2025-08-25 16:52:48.935471,2025-08-25 16:52:48.935471
case_62,Amend Request for Quotation Requester,Alberto Duport,2025-08-25 16:46:48.935471,2025-08-25 17:03:48.935471,2025-08-25 17:13:48.935471
case_60,Analyze Request for Quotation,Magdalena Predutta,2025-08-25 00:51:48.935471,2025-08-25 20:34:48.935471,2025-08-25 20:59:48.935471
case_57,Settle conditions with supplier,Magdalena Predutta,2025-08-24 07:49:48.935471,2025-08-25 21:23:48.935471,2025-08-26 14:08:48.935471
case_55,Release Purchase Order,Anne Olwada,2025-08-25 18:56:48.935471,2025-08-25 21:24:48.935471,2025-08-25 21:24:48.935471
case_51,Deliver Goods Services,Carmen Finacse,2025-08-23 17:10:48.935471,2025-08-25 22:43:48.935471,2025-08-26 16:57:48.935471
case_65,Analyze Quotation comparison Map,Tesca Lobes,2025-08-25 14:57:48.935471,2025-08-25 22:45:48.935471,2025-08-25 23:17:48.935471
case_19,Send invoice,Esmeralda Clay,2025-08-24 10:23:48.935471,2025-08-25 23:09:48.935471,2025-08-25 23:09:48.935471
case_60,Send Request for Quotation to Supplier,Francois de Perrier,2025-08-25 20:59:48.935471,2025-08-26 00:24:48.935471,2025-08-26 00:57:48.935471
case_19,Release Supplier's Invoice,Pedro Alvares,2025-08-25 23:09:48.935471,2025-08-26 01:20:48.935471,2025-08-26 01:23:48.935471
case_65,Choose best option,Tesca Lobes,2025-08-25 23:17:48.935471,2025-08-26 02:42:48.935471,2025-08-26 02:42:48.935471
case_38,Send invoice,Esmeralda Clay,2025-08-24 06:36:48.935471,2025-08-26 02:55:48.935471,2025-08-26 02:55:48.935471
case_19,Authorize Supplier's Invoice payment,Pedro Alvares,2025-08-26 01:23:48.935471,2025-08-26 04:32:48.935471,2025-08-26 04:32:48.935471
case_65,Settle conditions with supplier,Francois de Perrier,2025-08-26 02:42:48.935471,2025-08-26 04:49:48.935471,2025-08-26 17:31:48.935471
case_19,Pay invoice,Pedro Alvares,2025-08-26 04:32:48.935471,2025-08-26 05:21:48.935471,2025-08-26 05:28:48.935471
case_55,Approve Purchase Order for payment,Magdalena Predutta,2025-08-25 21:24:48.935471,2025-08-26 05:34:48.935471,2025-08-26 05:34:48.935471
case_60,Create Quotation comparison Map,Karel de Groot,2025-08-26 00:57:48.935471,2025-08-26 05:48:48.935471,2025-08-26 07:32:48.935471
case_67,Analyze Purchase Requisition,Francis Odell,2025-08-25 16:48:48.935471,2025-08-26 07:04:48.935471,2025-08-26 07:09:48.935471
case_67,Analyze Purchase Requisition,Maris Freeman,2025-08-26 07:09:48.935471,2025-08-26 07:37:48.935471,2025-08-26 07:41:48.935471
case_38,Release Supplier's Invoice,Karalda Nimwada,2025-08-26 02:55:48.935471,2025-08-26 07:53:48.935471,2025-08-26 07:54:48.935471
case_62,Analyze Request for Quotation,Francois de Perrier,2025-08-25 17:13:48.935471,2025-08-26 08:35:48.935471,2025-08-26 08:52:48.935471
case_54,Send invoice,Kiu Kan,2025-08-25 09:23:48.935471,2025-08-26 11:04:48.935471,2025-08-26 11:04:48.935471
case_64,Send Request for Quotation to Supplier,Magdalena Predutta,2025-08-25 11:48:48.935471,2025-08-26 14:27:48.935471,2025-08-26 14:46:48.935471
case_68,Create Purchase Requisition,Miu Hanwan,2025-08-26 14:32:48.935471,2025-08-26 14:32:48.935471,2025-08-26 15:00:48.935471
case_60,Analyze Quotation comparison Map,Immanuel Karagianni,2025-08-26 07:32:48.935471,2025-08-26 15:05:48.935471,2025-08-26 15:43:48.935471
case_54,Release Supplier's Invoice,Pedro Alvares,2025-08-26 11:04:48.935471,2025-08-26 15:19:48.935471,2025-08-26 15:25:48.935471
case_34,Send invoice,Karen Clarens,2025-08-25 10:47:48.935471,2025-08-26 15:34:48.935471,2025-08-26 15:34:48.935471
case_54,Authorize Supplier's Invoice payment,Karalda Nimwada,2025-08-26 15:25:48.935471,2025-08-26 15:47:48.935471,2025-08-26 15:47:48.935471
case_38,Authorize Supplier's Invoice payment,Pedro Alvares,2025-08-26 07:54:48.935471,2025-08-26 15:56:48.935471,2025-08-26 15:56:48.935471
case_34,Release Supplier's Invoice,Karalda Nimwada,2025-08-26 15:34:48.935471,2025-08-26 16:38:48.935471,2025-08-26 16:42:48.935471
case_38,Pay invoice,Karalda Nimwada,2025-08-26 15:56:48.935471,2025-08-26 16:46:48.935471,2025-08-26 16:52:48.935471
case_69,Create Purchase Requisition,Alberto Duport,2025-08-26 16:48:48.935471,2025-08-26 16:48:48.935471,2025-08-26 18:14:48.935471
case_60,Choose best option,Penn Osterwalder,2025-08-26 15:43:48.935471,2025-08-26 16:49:48.935471,2025-08-26 16:49:48.935471
case_67,Create Request for Quotation Requester Manager,Francis Odell,2025-08-26 07:41:48.935471,2025-08-26 17:30:48.935471,2025-08-26 17:30:48.935471
case_66,Analyze Request for Quotation,Francois de Perrier,2025-08-25 00:00:48.935471,2025-08-26 18:26:48.935471,2025-08-26 19:00:48.935471
case_25,Release Purchase Order,Fjodor Kowalski,2025-08-25 22:15:48.935471,2025-08-26 18:59:48.935471,2025-08-26 18:59:48.935471
case_66,Amend Request for Quotation Requester,Christian Francois,2025-08-26 19:00:48.935471,2025-08-26 19:07:48.935471,2025-08-26 19:14:48.935471
case_62,Send Request for Quotation to Supplier,Francois de Perrier,2025-08-26 08:52:48.935471,2025-08-26 19:09:48.935471,2025-08-26 19:32:48.935471
case_34,Settle dispute with supplier Financial Manager,Karalda Nimwada,2025-08-26 16:42:48.935471,2025-08-26 19:31:48.935471,2025-08-26 19:57:48.935471
case_25,Approve Purchase Order for payment,Karel de Groot,2025-08-26 18:59:48.935471,2025-08-26 19:46:48.935471,2025-08-26 19:46:48.935471
case_65,Create Purchase Order,Karel de Groot,2025-08-26 17:31:48.935471,2025-08-26 20:13:48.935471,2025-08-26 20:23:48.935471
case_34,Authorize Supplier's Invoice payment,Pedro Alvares,2025-08-26 19:57:48.935471,2025-08-26 20:34:48.935471,2025-08-26 20:34:48.935471
case_64,Create Quotation comparison Map,Francois de Perrier,2025-08-26 14:46:48.935471,2025-08-26 21:01:48.935471,2025-08-26 21:56:48.935471
case_51,Release Purchase Order,Tesca Lobes,2025-08-26 16:57:48.935471,2025-08-26 21:47:48.935471,2025-08-26 21:47:48.935471
case_69,Analyze Purchase Requisition,Heinz Gutschmidt,2025-08-26 18:14:48.935471,2025-08-26 21:51:48.935471,2025-08-26 21:56:48.935471
case_34,Pay invoice,Pedro Alvares,2025-08-26 20:34:48.935471,2025-08-26 22:12:48.935471,2025-08-26 22:20:48.935471
case_70,Create Purchase Requisition,Anne Olwada,2025-08-26 22:28:48.935471,2025-08-26 22:28:48.935471,2025-08-26 23:20:48.935471
case_54,Pay invoice,Karalda Nimwada,2025-08-26 15:47:48.935471,2025-08-26 22:42:48.935471,2025-08-26 22:50:48.935471
case_15,Approve Purchase Order for payment,Francois de Perrier,2025-08-18 19:22:48.935471,2025-08-26 22:49:48.935471,2025-08-26 22:49:48.935471
case_67,Analyze Request for Quotation,Karel de Groot,2025-08-26 17:30:48.935471,2025-08-26 22:59:48.935471,2025-08-26 23:00:48.935471
case_67,Amend Request for Quotation Requester,Immanuel Karagianni,2025-08-26 23:00:48.935471,2025-08-26 23:35:48.935471,2025-08-26 23:49:48.935471
case_51,Approve Purchase Order for payment,Karel de Groot,2025-08-26 21:47:48.935471,2025-08-27 00:02:48.935471,2025-08-27 00:02:48.935471
case_64,Analyze Quotation comparison Map,Nico Ojenbeer,2025-08-26 21:56:48.935471,2025-08-27 00:46:48.935471,2025-08-27 02:02:48.935471
case_69,Create Request for Quotation Requester Manager,Heinz Gutschmidt,2025-08-26 21:56:48.935471,2025-08-27 00:58:48.935471,2025-08-27 00:58:48.935471
case_69,Analyze Request for Quotation,Karel de Groot,2025-08-27 00:58:48.935471,2025-08-27 00:59:48.935471,2025-08-27 01:12:48.935471
case_69,Amend Request for Quotation Requester,Immanuel Karagianni,2025-08-27 01:12:48.935471,2025-08-27 01:38:48.935471,2025-08-27 01:51:48.935471
case_60,Settle conditions with supplier,Magdalena Predutta,2025-08-26 16:49:48.935471,2025-08-27 01:47:48.935471,2025-08-27 13:07:48.935471
case_71,Create Purchase Requisition,Fjodor Kowalski,2025-08-27 01:56:48.935471,2025-08-27 01:56:48.935471,2025-08-27 02:23:48.935471
case_46,Deliver Goods Services,Carmen Finacse,2025-08-23 22:14:48.935471,2025-08-27 02:16:48.935471,2025-08-27 16:13:48.935471
case_69,Analyze Request for Quotation,Karel de Groot,2025-08-27 01:51:48.935471,2025-08-27 02:38:48.935471,2025-08-27 02:42:48.935471
case_67,Analyze Request for Quotation,Francois de Perrier,2025-08-26 23:49:48.935471,2025-08-27 02:53:48.935471,2025-08-27 03:14:48.935471
case_72,Create Purchase Requisition,Tesca Lobes,2025-08-27 02:59:48.935471,2025-08-27 02:59:48.935471,2025-08-27 05:42:48.935471
case_64,Choose best option,Esmana Liubiata,2025-08-27 02:02:48.935471,2025-08-27 03:47:48.935471,2025-08-27 03:47:48.935471
case_48,Settle conditions with supplier,Francois de Perrier,2025-08-19 08:22:48.935471,2025-08-27 03:56:48.935471,2025-08-27 09:43:48.935471
case_73,Create Purchase Requisition,Anne Olwada,2025-08-27 04:00:48.935471,2025-08-27 04:00:48.935471,2025-08-27 05:06:48.935471
case_73,Analyze Purchase Requisition,Heinz Gutschmidt,2025-08-27 05:06:48.935471,2025-08-27 05:35:48.935471,2025-08-27 05:41:48.935471
case_69,Send Request for Quotation to Supplier,Francois de Perrier,2025-08-27 02:42:48.935471,2025-08-27 06:07:48.935471,2025-08-27 06:21:48.935471
case_74,Create Purchase Requisition,Christian Francois,2025-08-27 07:06:48.935471,2025-08-27 07:06:48.935471,2025-08-27 08:08:48.935471
case_69,Create Quotation comparison Map,Magdalena Predutta,2025-08-27 06:21:48.935471,2025-08-27 07:38:48.935471,2025-08-27 10:16:48.935471
case_75,Create Purchase Requisition,Esmana Liubiata,2025-08-27 07:41:48.935471,2025-08-27 07:41:48.935471,2025-08-27 07:42:48.935471
case_68,Analyze Purchase Requisition,Heinz Gutschmidt,2025-08-26 15:00:48.935471,2025-08-27 08:35:48.935471,2025-08-27 08:38:48.935471
case_73,Create Request for Quotation Requester Manager,Heinz Gutschmidt,2025-08-27 05:41:48.935471,2025-08-27 09:39:48.935471,2025-08-27 09:41:48.935471
case_68,Create Request for Quotation Requester,Nico Ojenbeer,2025-08-27 08:38:48.935471,2025-08-27 10:16:48.935471,2025-08-27 10:20:48.935471
case_71,Create Request for Quotation Requester Manager,Heinz Gutschmidt,2025-08-27 02:23:48.935471,2025-08-27 10:39:48.935471,2025-08-27 10:39:48.935471
case_72,Analyze Purchase Requisition,Heinz Gutschmidt,2025-08-27 05:42:48.935471,2025-08-27 10:55:48.935471,2025-08-27 10:56:48.935471
case_72,Create Request for Quotation Requester,Kim Passa,2025-08-27 10:56:48.935471,2025-08-27 11:01:48.935471,2025-08-27 11:02:48.935471
case_72,Analyze Request for Quotation,Magdalena Predutta,2025-08-27 11:02:48.935471,2025-08-27 11:32:48.935471,2025-08-27 11:48:48.935471
case_75,Analyze Purchase Requisition,Francis Odell,2025-08-27 07:42:48.935471,2025-08-27 11:38:48.935471,2025-08-27 11:50:48.935471
case_75,Create Request for Quotation Requester,Miu Hanwan,2025-08-27 11:50:48.935471,2025-08-27 12:23:48.935471,2025-08-27 12:30:48.935471
case_67,Send Request for Quotation to Supplier,Karel de Groot,2025-08-27 03:14:48.935471,2025-08-27 12:23:48.935471,2025-08-27 12:38:48.935471
case_69,Analyze Quotation comparison Map,Immanuel Karagianni,2025-08-27 10:16:48.935471,2025-08-27 12:33:48.935471,2025-08-27 12:48:48.935471
case_70,Analyze Purchase Requisition,Maris Freeman,2025-08-26 23:20:48.935471,2025-08-27 12:51:48.935471,2025-08-27 12:55:48.935471
case_25,Send invoice,Karen Clarens,2025-08-26 19:46:48.935471,2025-08-27 13:01:48.935471,2025-08-27 13:01:48.935471
case_55,Send invoice,Kiu Kan,2025-08-26 05:34:48.935471,2025-08-27 15:18:48.935471,2025-08-27 15:18:48.935471
case_69,Choose best option,Fjodor Kowalski,2025-08-27 12:48:48.935471,2025-08-27 15:28:48.935471,2025-08-27 15:28:48.935471
case_41,Deliver Goods Services,Kiu Kan,2025-08-25 14:36:48.935471,2025-08-27 15:55:48.935471,2025-08-28 16:24:48.935471
case_55,Release Supplier's Invoice,Karalda Nimwada,2025-08-27 15:18:48.935471,2025-08-27 16:28:48.935471,2025-08-27 16:29:48.935471
case_69,Settle conditions with supplier,Karel de Groot,2025-08-27 15:28:48.935471,2025-08-27 16:28:48.935471,2025-08-27 22:36:48.935471
case_55,Authorize Supplier's Invoice payment,Pedro Alvares,2025-08-27 16:29:48.935471,2025-08-27 16:30:48.935471,2025-08-27 16:30:48.935471
case_72,Send Request for Quotation to Supplier,Magdalena Predutta,2025-08-27 11:48:48.935471,2025-08-27 16:50:48.935471,2025-08-27 17:21:48.935471
case_15,Send invoice,Karen Clarens,2025-08-26 22:49:48.935471,2025-08-27 17:12:48.935471,2025-08-27 17:12:48.935471
case_55,Pay invoice,Pedro Alvares,2025-08-27 16:30:48.935471,2025-08-27 17:44:48.935471,2025-08-27 17:45:48.935471
case_46,Release Purchase Order,Miu Hanwan,2025-08-27 16:13:48.935471,2025-08-27 17:45:48.935471,2025-08-27 17:45:48.935471
case_57,Create Purchase Order,Francois de Perrier,2025-08-26 14:08:48.935471,2025-08-27 18:33:48.935471,2025-08-27 18:40:48.935471
case_15,Release Supplier's Invoice,Karalda Nimwada,2025-08-27 17:12:48.935471,2025-08-27 19:22:48.935471,2025-08-27 19:26:48.935471
case_72,Create Quotation comparison Map,Francois de Perrier,2025-08-27 17:21:48.935471,2025-08-27 19:28:48.935471,2025-08-28 00:06:48.935471
case_33,Send invoice,Kiu Kan,2025-08-25 13:50:48.935471,2025-08-27 19:44:48.935471,2025-08-27 19:44:48.935471
case_47,Confirm Purchase Order,Carmen Finacse,2025-08-20 03:25:48.935471,2025-08-27 20:40:48.935471,2025-08-28 01:07:48.935471
case_12,Send invoice,Esmeralda Clay,2025-08-25 16:52:48.935471,2025-08-27 22:26:48.935471,2025-08-27 22:26:48.935471
case_33,Release Supplier's Invoice,Pedro Alvares,2025-08-27 19:44:48.935471,2025-08-27 23:20:48.935471,2025-08-27 23:25:48.935471
case_76,Create Purchase Requisition,Esmana Liubiata,2025-08-27 23:35:48.935471,2025-08-27 23:35:48.935471,2025-08-27 23:51:48.935471
case_12,Release Supplier's Invoice,Karalda Nimwada,2025-08-27 22:26:48.935471,2025-08-27 23:40:48.935471,2025-08-27 23:45:48.935471
case_51,Send invoice,Sean Manney,2025-08-27 00:02:48.935471,2025-08-28 00:01:48.935471,2025-08-28 00:01:48.935471
case_73,Analyze Request for Quotation,Francois de Perrier,2025-08-27 09:41:48.935471,2025-08-28 00:07:48.935471,2025-08-28 00:42:48.935471
case_15,Authorize Supplier's Invoice payment,Karalda Nimwada,2025-08-27 19:26:48.935471,2025-08-28 00:24:48.935471,2025-08-28 00:24:48.935471
case_15,Pay invoice,Karalda Nimwada,2025-08-28 00:24:48.935471,2025-08-28 00:46:48.935471,2025-08-28 00:56:48.935471
case_25,Release Supplier's Invoice,Karalda Nimwada,2025-08-27 13:01:48.935471,2025-08-28 00:55:48.935471,2025-08-28 00:59:48.935471
case_76,Create Request for Quotation Requester,Nico Ojenbeer,2025-08-27 23:51:48.935471,2025-08-28 00:55:48.935471,2025-08-28 01:05:48.935471
case_72,Analyze Quotation comparison Map,Kim Passa,2025-08-28 00:06:48.935471,2025-08-28 00:58:48.935471,2025-08-28 01:12:48.935471
case_77,Create Purchase Requisition,Miu Hanwan,2025-08-28 00:59:48.935471,2025-08-28 00:59:48.935471,2025-08-28 02:17:48.935471
case_71,Analyze Request for Quotation,Francois de Perrier,2025-08-27 10:39:48.935471,2025-08-28 01:13:48.935471,2025-08-28 01:41:48.935471
case_70,Create Request for Quotation Requester Manager,Maris Freeman,2025-08-27 12:55:48.935471,2025-08-28 01:25:48.935471,2025-08-28 01:26:48.935471
case_33,Authorize Supplier's Invoice payment,Pedro Alvares,2025-08-27 23:25:48.935471,2025-08-28 01:26:48.935471,2025-08-28 01:26:48.935471
case_74,Create Request for Quotation Requester Manager,Heinz Gutschmidt,2025-08-27 08:08:48.935471,2025-08-28 01:32:48.935471,2025-08-28 01:33:48.935471
case_51,Release Supplier's Invoice,Pedro Alvares,2025-08-28 00:01:48.935471,2025-08-28 01:42:48.935471,2025-08-28 01:46:48.935471
case_33,Pay invoice,Pedro Alvares,2025-08-28 01:26:48.935471,2025-08-28 01:42:48.935471,2025-08-28 01:52:48.935471
case_70,Analyze Request for Quotation,Karel de Groot,2025-08-28 01:26:48.935471,2025-08-28 02:11:48.935471,2025-08-28 02:39:48.935471
case_73,Amend Request for Quotation Requester,Esmana Liubiata,2025-08-28 00:42:48.935471,2025-08-28 02:12:48.935471,2025-08-28 02:23:48.935471
case_51,Authorize Supplier's Invoice payment,Karalda Nimwada,2025-08-28 01:46:48.935471,2025-08-28 02:14:48.935471,2025-08-28 02:14:48.935471
case_72,Choose best option,Immanuel Karagianni,2025-08-28 01:12:48.935471,2025-08-28 02:21:48.935471,2025-08-28 02:21:48.935471
case_77,Analyze Purchase Requisition,Heinz Gutschmidt,2025-08-28 02:17:48.935471,2025-08-28 02:31:48.935471,2025-08-28 02:33:48.935471
case_76,Analyze Request for Quotation,Francois de Perrier,2025-08-28 01:05:48.935471,2025-08-28 02:46:48.935471,2025-08-28 03:12:48.935471
case_69,Create Purchase Order,Karel de Groot,2025-08-27 22:36:48.935471,2025-08-28 03:30:48.935471,2025-08-28 03:38:48.935471
case_51,Pay invoice,Pedro Alvares,2025-08-28 02:14:48.935471,2025-08-28 03:35:48.935471,2025-08-28 03:46:48.935471
case_70,Amend Request for Quotation Requester,Immanuel Karagianni,2025-08-28 02:39:48.935471,2025-08-28 03:42:48.935471,2025-08-28 03:53:48.935471
case_58,Analyze Request for Quotation,Magdalena Predutta,2025-08-23 06:09:48.935471,2025-08-28 03:42:48.935471,2025-08-28 04:02:48.935471
case_25,Settle dispute with supplier Financial Manager,Pedro Alvares,2025-08-28 00:59:48.935471,2025-08-28 03:47:48.935471,2025-08-28 04:08:48.935471
case_71,Amend Request for Quotation Requester,Esmana Liubiata,2025-08-28 01:41:48.935471,2025-08-28 04:17:48.935471,2025-08-28 04:26:48.935471
case_12,Authorize Supplier's Invoice payment,Karalda Nimwada,2025-08-27 23:45:48.935471,2025-08-28 04:24:48.935471,2025-08-28 04:24:48.935471
case_25,Authorize Supplier's Invoice payment,Pedro Alvares,2025-08-28 04:08:48.935471,2025-08-28 04:34:48.935471,2025-08-28 04:34:48.935471
case_68,Analyze Request for Quotation,Magdalena Predutta,2025-08-27 10:20:48.935471,2025-08-28 05:01:48.935471,2025-08-28 05:23:48.935471
case_25,Pay invoice,Pedro Alvares,2025-08-28 04:34:48.935471,2025-08-28 05:05:48.935471,2025-08-28 05:17:48.935471
case_64,Settle conditions with supplier,Magdalena Predutta,2025-08-27 03:47:48.935471,2025-08-28 05:09:48.935471,2025-08-28 15:42:48.935471
case_68,Amend Request for Quotation Requester,Nico Ojenbeer,2025-08-28 05:23:48.935471,2025-08-28 05:43:48.935471,2025-08-28 05:50:48.935471
case_70,Analyze Request for Quotation,Francois de Perrier,2025-08-28 03:53:48.935471,2025-08-28 05:43:48.935471,2025-08-28 06:08:48.935471
case_78,Create Purchase Requisition,Alberto Duport,2025-08-28 06:00:48.935471,2025-08-28 06:00:48.935471,2025-08-28 07:19:48.935471
case_12,Pay invoice,Karalda Nimwada,2025-08-28 04:24:48.935471,2025-08-28 06:17:48.935471,2025-08-28 06:27:48.935471
case_67,Create Quotation comparison Map,Magdalena Predutta,2025-08-27 12:38:48.935471,2025-08-28 06:18:48.935471,2025-08-28 06:45:48.935471
case_53,Confirm Purchase Order,Carmen Finacse,2025-08-24 10:52:48.935471,2025-08-28 06:37:48.935471,2025-08-28 07:11:48.935471
case_58,Amend Request for Quotation Requester,Fjodor Kowalski,2025-08-28 04:02:48.935471,2025-08-28 07:13:48.935471,2025-08-28 07:25:48.935471
case_69,Confirm Purchase Order,Kiu Kan,2025-08-28 03:38:48.935471,2025-08-28 07:25:48.935471,2025-08-28 07:46:48.935471
case_66,Analyze Request for Quotation,Magdalena Predutta,2025-08-26 19:14:48.935471,2025-08-28 07:48:48.935471,2025-08-28 08:00:48.935471
case_47,Deliver Goods Services,Kiu Kan,2025-08-28 01:07:48.935471,2025-08-28 08:16:48.935471,2025-08-28 16:49:48.935471
case_67,Analyze Quotation comparison Map,Esmana Liubiata,2025-08-28 06:45:48.935471,2025-08-28 08:28:48.935471,2025-08-28 08:53:48.935471
case_77,Create Request for Quotation Requester Manager,Heinz Gutschmidt,2025-08-28 02:33:48.935471,2025-08-28 08:55:48.935471,2025-08-28 08:55:48.935471
case_71,Analyze Request for Quotation,Karel de Groot,2025-08-28 04:26:48.935471,2025-08-28 09:08:48.935471,2025-08-28 09:25:48.935471
case_71,Send Request for Quotation to Supplier,Francois de Perrier,2025-08-28 09:25:48.935471,2025-08-28 09:42:48.935471,2025-08-28 10:09:48.935471
case_76,Amend Request for Quotation Requester,Alberto Duport,2025-08-28 03:12:48.935471,2025-08-28 10:43:48.935471,2025-08-28 10:57:48.935471
case_67,Choose best option,Alberto Duport,2025-08-28 08:53:48.935471,2025-08-28 10:57:48.935471,2025-08-28 10:57:48.935471
case_62,Create Quotation comparison Map,Francois de Perrier,2025-08-26 19:32:48.935471,2025-08-28 12:42:48.935471,2025-08-28 14:31:48.935471
case_68,Analyze Request for Quotation,Magdalena Predutta,2025-08-28 05:50:48.935471,2025-08-28 12:58:48.935471,2025-08-28 14:13:48.935471
case_60,Create Purchase Order,Karel de Groot,2025-08-27 13:07:48.935471,2025-08-28 13:43:48.935471,2025-08-28 13:51:48.935471
case_63,Analyze Request for Quotation,Magdalena Predutta,2025-08-24 19:02:48.935471,2025-08-28 15:04:48.935471,2025-08-28 15:37:48.935471
case_68,Amend Request for Quotation Requester,Esmana Liubiata,2025-08-28 14:13:48.935471,2025-08-28 15:05:48.935471,2025-08-28 15:14:48.935471
case_62,Analyze Quotation comparison Map,Fjodor Kowalski,2025-08-28 14:31:48.935471,2025-08-28 15:27:48.935471,2025-08-28 15:46:48.935471
case_73,Analyze Request for Quotation,Karel de Groot,2025-08-28 02:23:48.935471,2025-08-28 15:57:48.935471,2025-08-28 16:23:48.935471
case_63,Amend Request for Quotation Requester,Anne Olwada,2025-08-28 15:37:48.935471,2025-08-28 16:02:48.935471,2025-08-28 16:05:48.935471
case_72,Settle conditions with supplier,Magdalena Predutta,2025-08-28 02:21:48.935471,2025-08-28 16:07:48.935471,2025-08-29 02:55:48.935471
case_76,Analyze Request for Quotation,Francois de Perrier,2025-08-28 10:57:48.935471,2025-08-28 17:50:48.935471,2025-08-28 18:36:48.935471
case_57,Confirm Purchase Order,Kiu Kan,2025-08-27 18:40:48.935471,2025-08-28 18:09:48.935471,2025-08-28 18:36:48.935471
case_78,Analyze Purchase Requisition,Heinz Gutschmidt,2025-08-28 07:19:48.935471,2025-08-28 18:17:48.935471,2025-08-28 18:23:48.935471
case_41,Release Purchase Order,Tesca Lobes,2025-08-28 16:24:48.935471,2025-08-28 18:21:48.935471,2025-08-28 18:21:48.935471
case_62,Choose best option,Nico Ojenbeer,2025-08-28 15:46:48.935471,2025-08-28 18:26:48.935471,2025-08-28 18:26:48.935471
case_73,Amend Request for Quotation Requester,Miu Hanwan,2025-08-28 16:23:48.935471,2025-08-28 18:45:48.935471,2025-08-28 18:52:48.935471
case_79,Create Purchase Requisition,Alberto Duport,2025-08-28 19:03:48.935471,2025-08-28 19:03:48.935471,2025-08-28 20:14:48.935471
case_47,Release Purchase Order,Nico Ojenbeer,2025-08-28 16:49:48.935471,2025-08-28 19:38:48.935471,2025-08-28 19:38:48.935471
case_78,Create Request for Quotation Requester Manager,Heinz Gutschmidt,2025-08-28 18:23:48.935471,2025-08-28 19:53:48.935471,2025-08-28 19:54:48.935471
case_67,Settle conditions with supplier,Magdalena Predutta,2025-08-28 10:57:48.935471,2025-08-28 20:07:48.935471,2025-08-29 08:28:48.935471
case_78,Analyze Request for Quotation,Magdalena Predutta,2025-08-28 19:54:48.935471,2025-08-28 22:06:48.935471,2025-08-28 22:21:48.935471
case_79,Create Request for Quotation Requester,Penn Osterwalder,2025-08-28 20:14:48.935471,2025-08-28 22:20:48.935471,2025-08-28 22:35:48.935471
case_58,Analyze Request for Quotation,Magdalena Predutta,2025-08-28 07:25:48.935471,2025-08-28 22:33:48.935471,2025-08-28 22:58:48.935471
case_78,Amend Request for Quotation Requester,Anne Olwada,2025-08-28 22:21:48.935471,2025-08-28 23:01:48.935471,2025-08-28 23:06:48.935471
case_47,Approve Purchase Order for payment,Karel de Groot,2025-08-28 19:38:48.935471,2025-08-29 00:43:48.935471,2025-08-29 00:43:48.935471
case_65,Confirm Purchase Order,Kiu Kan,2025-08-26 20:23:48.935471,2025-08-29 01:13:48.935471,2025-08-29 01:27:48.935471
case_80,Create Purchase Requisition,Kim Passa,2025-08-29 01:25:48.935471,2025-08-29 01:25:48.935471,2025-08-29 01:54:48.935471
case_81,Create Purchase Requisition,Esmana Liubiata,2025-08-29 01:35:48.935471,2025-08-29 01:35:48.935471,2025-08-29 01:39:48.935471
case_41,Approve Purchase Order for payment,Karel de Groot,2025-08-28 18:21:48.935471,2025-08-29 03:41:48.935471,2025-08-29 03:41:48.935471
case_72,Create Purchase Order,Magdalena Predutta,2025-08-29 02:55:48.935471,2025-08-29 04:01:48.935471,2025-08-29 04:12:48.935471
case_58,Send Request for Quotation to Supplier,Karel de Groot,2025-08-28 22:58:48.935471,2025-08-29 04:03:48.935471,2025-08-29 04:33:48.935471
case_82,Create Purchase Requisition,Immanuel Karagianni,2025-08-29 04:05:48.935471,2025-08-29 04:05:48.935471,2025-08-29 07:04:48.935471
case_68,Analyze Request for Quotation,Magdalena Predutta,2025-08-28 15:14:48.935471,2025-08-29 04:53:48.935471,2025-08-29 05:20:48.935471
case_80,Analyze Purchase Requisition,Heinz Gutschmidt,2025-08-29 01:54:48.935471,2025-08-29 05:04:48.935471,2025-08-29 05:12:48.935471
case_68,Amend Request for Quotation Requester,Miu Hanwan,2025-08-29 05:20:48.935471,2025-08-29 06:35:48.935471,2025-08-29 06:47:48.935471
case_52,Confirm Purchase Order,Sean Manney,2025-08-24 22:12:48.935471,2025-08-29 07:10:48.935471,2025-08-29 07:30:48.935471
case_69,Deliver Goods Services,Sean Manney,2025-08-28 07:46:48.935471,2025-08-29 07:52:48.935471,2025-08-30 12:32:48.935471
case_81,Analyze Purchase Requisition,Francis Odell,2025-08-29 01:39:48.935471,2025-08-29 08:00:48.935471,2025-08-29 09:08:48.935471
case_80,Create Request for Quotation Requester,Nico Ojenbeer,2025-08-29 05:12:48.935471,2025-08-29 08:23:48.935471,2025-08-29 08:28:48.935471
case_82,Create Request for Quotation Requester,Anne Olwada,2025-08-29 07:04:48.935471,2025-08-29 08:40:48.935471,2025-08-29 08:44:48.935471
case_78,Analyze Request for Quotation,Karel de Groot,2025-08-28 23:06:48.935471,2025-08-29 08:51:48.935471,2025-08-29 09:20:48.935471
case_83,Create Purchase Requisition,Anne Olwada,2025-08-29 09:41:48.935471,2025-08-29 09:41:48.935471,2025-08-29 10:01:48.935471
case_82,Analyze Request for Quotation,Magdalena Predutta,2025-08-29 08:44:48.935471,2025-08-29 10:15:48.935471,2025-08-29 10:23:48.935471
case_80,Analyze Request for Quotation,Francois de Perrier,2025-08-29 08:28:48.935471,2025-08-29 11:06:48.935471,2025-08-29 11:19:48.935471
case_81,Analyze Purchase Requisition,Francis Odell,2025-08-29 09:08:48.935471,2025-08-29 12:13:48.935471,2025-08-29 12:16:48.935471
case_80,Send Request for Quotation to Supplier,Magdalena Predutta,2025-08-29 11:19:48.935471,2025-08-29 12:20:48.935471,2025-08-29 12:38:48.935471
case_78,Amend Request for Quotation Requester,Christian Francois,2025-08-29 09:20:48.935471,2025-08-29 13:03:48.935471,2025-08-29 13:13:48.935471
case_81,Create Request for Quotation Requester Manager,Heinz Gutschmidt,2025-08-29 12:16:48.935471,2025-08-29 13:32:48.935471,2025-08-29 13:33:48.935471
case_73,Analyze Request for Quotation,Magdalena Predutta,2025-08-28 18:52:48.935471,2025-08-29 15:07:48.935471,2025-08-29 15:18:48.935471
case_79,Analyze Request for Quotation,Francois de Perrier,2025-08-28 22:35:48.935471,2025-08-29 15:37:48.935471,2025-08-29 16:05:48.935471
case_68,Analyze Request for Quotation,Francois de Perrier,2025-08-29 06:47:48.935471,2025-08-29 15:50:48.935471,2025-08-29 16:15:48.935471
case_83,Analyze Purchase Requisition,Francis Odell,2025-08-29 10:01:48.935471,2025-08-29 16:31:48.935471,2025-08-29 16:40:48.935471
case_67,Create Purchase Order,Magdalena Predutta,2025-08-29 08:28:48.935471,2025-08-29 17:49:48.935471,2025-08-29 18:00:48.935471
case_79,Amend Request for Quotation Requester,Christian Francois,2025-08-29 16:05:48.935471,2025-08-29 17:54:48.935471,2025-08-29 19:03:48.935471
case_78,Analyze Request for Quotation,Karel de Groot,2025-08-29 13:13:48.935471,2025-08-29 19:03:48.935471,2025-08-29 19:29:48.935471
case_80,Create Quotation comparison Map,Karel de Groot,2025-08-29 12:38:48.935471,2025-08-29 20:01:48.935471,2025-08-30 02:21:48.935471
case_83,Create Request for Quotation Requester Manager,Francis Odell,2025-08-29 16:40:48.935471,2025-08-29 20:28:48.935471,2025-08-29 20:30:48.935471
case_71,Create Quotation comparison Map,Francois de Perrier,2025-08-28 10:09:48.935471,2025-08-29 20:54:48.935471,2025-08-30 01:31:48.935471
case_83,Analyze Request for Quotation,Francois de Perrier,2025-08-29 20:30:48.935471,2025-08-29 21:05:48.935471,2025-08-29 21:31:48.935471
case_53,Deliver Goods Services,Esmeralda Clay,2025-08-28 07:11:48.935471,2025-08-29 22:02:48.935471,2025-08-31 05:32:48.935471
case_64,Create Purchase Order,Francois de Perrier,2025-08-28 15:42:48.935471,2025-08-29 22:21:48.935471,2025-08-29 22:31:48.935471
case_84,Create Purchase Requisition,Anne Olwada,2025-08-29 22:29:48.935471,2025-08-29 22:29:48.935471,2025-08-29 22:37:48.935471
case_72,Confirm Purchase Order,Esmeralda Clay,2025-08-29 04:12:48.935471,2025-08-29 22:39:48.935471,2025-08-29 22:44:48.935471
case_68,Amend Request for Quotation Requester,Penn Osterwalder,2025-08-29 16:15:48.935471,2025-08-29 22:45:48.935471,2025-08-29 22:51:48.935471
case_83,Amend Request for Quotation Requester,Miu Hanwan,2025-08-29 21:31:48.935471,2025-08-30 00:06:48.935471,2025-08-30 00:12:48.935471
case_78,Amend Request for Quotation Requester,Miu Hanwan,2025-08-29 19:29:48.935471,2025-08-30 00:33:48.935471,2025-08-30 00:39:48.935471
case_62,Settle conditions with supplier,Francois de Perrier,2025-08-28 18:26:48.935471,2025-08-30 01:13:48.935471,2025-08-30 06:43:48.935471
case_47,Send invoice,Kiu Kan,2025-08-29 00:43:48.935471,2025-08-30 01:47:48.935471,2025-08-30 01:47:48.935471
case_71,Analyze Quotation comparison Map,Kim Passa,2025-08-30 01:31:48.935471,2025-08-30 01:49:48.935471,2025-08-30 02:04:48.935471
case_78,Analyze Request for Quotation,Francois de Perrier,2025-08-30 00:39:48.935471,2025-08-30 02:03:48.935471,2025-08-30 02:22:48.935471
case_79,Analyze Request for Quotation,Francois de Perrier,2025-08-29 19:03:48.935471,2025-08-30 03:16:48.935471,2025-08-30 03:30:48.935471
case_85,Create Purchase Requisition,Alberto Duport,2025-08-30 03:29:48.935471,2025-08-30 03:29:48.935471,2025-08-30 03:40:48.935471
case_47,Release Supplier's Invoice,Karalda Nimwada,2025-08-30 01:47:48.935471,2025-08-30 03:55:48.935471,2025-08-30 04:00:48.935471
case_47,Authorize Supplier's Invoice payment,Pedro Alvares,2025-08-30 04:00:48.935471,2025-08-30 04:01:48.935471,2025-08-30 04:01:48.935471
case_86,Create Purchase Requisition,Christian Francois,2025-08-30 04:44:48.935471,2025-08-30 04:44:48.935471,2025-08-30 05:05:48.935471
case_71,Choose best option,Christian Francois,2025-08-30 02:04:48.935471,2025-08-30 05:04:48.935471,2025-08-30 05:04:48.935471
case_79,Amend Request for Quotation Requester,Miu Hanwan,2025-08-30 03:30:48.935471,2025-08-30 05:07:48.935471,2025-08-30 05:23:48.935471
case_80,Analyze Quotation comparison Map,Tesca Lobes,2025-08-30 02:21:48.935471,2025-08-30 06:15:48.935471,2025-08-30 06:22:48.935471
case_80,Choose best option,Miu Hanwan,2025-08-30 06:22:48.935471,2025-08-30 07:10:48.935471,2025-08-30 07:10:48.935471
case_86,Create Request for Quotation Requester,Anne Olwada,2025-08-30 05:05:48.935471,2025-08-30 07:12:48.935471,2025-08-30 07:21:48.935471
case_63,Analyze Request for Quotation,Magdalena Predutta,2025-08-28 16:05:48.935471,2025-08-30 07:13:48.935471,2025-08-30 07:34:48.935471
case_87,Create Purchase Requisition,Tesca Lobes,2025-08-30 07:19:48.935471,2025-08-30 07:19:48.935471,2025-08-30 07:31:48.935471
case_88,Create Purchase Requisition,Kim Passa,2025-08-30 07:27:48.935471,2025-08-30 07:27:48.935471,2025-08-30 07:31:48.935471
case_86,Analyze Request for Quotation,Karel de Groot,2025-08-30 07:21:48.935471,2025-08-30 08:10:48.935471,2025-08-30 08:18:48.935471
case_41,Send invoice,Esmeralda Clay,2025-08-29 03:41:48.935471,2025-08-30 08:48:48.935471,2025-08-30 08:48:48.935471
case_84,Analyze Purchase Requisition,Francis Odell,2025-08-29 22:37:48.935471,2025-08-30 08:55:48.935471,2025-08-30 08:58:48.935471
case_89,Create Purchase Requisition,Nico Ojenbeer,2025-08-30 09:00:48.935471,2025-08-30 09:00:48.935471,2025-08-30 09:04:48.935471
case_88,Analyze Purchase Requisition,Francis Odell,2025-08-30 07:31:48.935471,2025-08-30 09:02:48.935471,2025-08-30 09:09:48.935471
case_63,Amend Request for Quotation Requester,Esmana Liubiata,2025-08-30 07:34:48.935471,2025-08-30 09:07:48.935471,2025-08-30 09:25:48.935471
case_68,Analyze Request for Quotation,Karel de Groot,2025-08-29 22:51:48.935471,2025-08-30 09:11:48.935471,2025-08-30 09:33:48.935471
case_82,Send Request for Quotation to Supplier,Karel de Groot,2025-08-29 10:23:48.935471,2025-08-30 09:13:48.935471,2025-08-30 09:40:48.935471
case_84,Create Request for Quotation Requester,Immanuel Karagianni,2025-08-30 08:58:48.935471,2025-08-30 10:01:48.935471,2025-08-30 10:16:48.935471
case_82,Create Quotation comparison Map,Karel de Groot,2025-08-30 09:40:48.935471,2025-08-30 10:04:48.935471,2025-08-30 11:50:48.935471
case_58,Create Quotation comparison Map,Karel de Groot,2025-08-29 04:33:48.935471,2025-08-30 10:07:48.935471,2025-08-30 11:47:48.935471
case_47,Pay invoice,Pedro Alvares,2025-08-30 04:01:48.935471,2025-08-30 10:41:48.935471,2025-08-30 10:45:48.935471
case_80,Settle conditions with supplier,Magdalena Predutta,2025-08-30 07:10:48.935471,2025-08-30 11:04:48.935471,2025-08-31 00:16:48.935471
case_90,Create Purchase Requisition,Nico Ojenbeer,2025-08-30 11:09:48.935471,2025-08-30 11:09:48.935471,2025-08-30 11:45:48.935471
case_72,Deliver Goods Services,Carmen Finacse,2025-08-29 22:44:48.935471,2025-08-30 11:33:48.935471,2025-09-01 01:52:48.935471
case_41,Release Supplier's Invoice,Pedro Alvares,2025-08-30 08:48:48.935471,2025-08-30 11:56:48.935471,2025-08-30 14:01:48.935471
case_82,Analyze Quotation comparison Map,Esmana Liubiata,2025-08-30 11:50:48.935471,2025-08-30 12:20:48.935471,2025-08-30 12:32:48.935471
case_78,Amend Request for Quotation Requester,Christian Francois,2025-08-30 02:22:48.935471,2025-08-30 12:27:48.935471,2025-08-30 12:40:48.935471
case_91,Create Purchase Requisition,Tesca Lobes,2025-08-30 12:31:48.935471,2025-08-30 12:31:48.935471,2025-08-30 13:28:48.935471
case_69,Release Purchase Order,Esmana Liubiata,2025-08-30 12:32:48.935471,2025-08-30 12:37:48.935471,2025-08-30 12:37:48.935471
case_87,Analyze Purchase Requisition,Heinz Gutschmidt,2025-08-30 07:31:48.935471,2025-08-30 13:49:48.935471,2025-08-30 14:00:48.935471
case_88,Create Request for Quotation Requester,Penn Osterwalder,2025-08-30 09:09:48.935471,2025-08-30 14:00:48.935471,2025-08-30 14:09:48.935471
case_82,Choose best option,Nico Ojenbeer,2025-08-30 12:32:48.935471,2025-08-30 14:10:48.935471,2025-08-30 14:10:48.935471
case_58,Analyze Quotation comparison Map,Penn Osterwalder,2025-08-30 11:47:48.935471,2025-08-30 14:18:48.935471,2025-08-30 14:21:48.935471
case_58,Choose best option,Alberto Duport,2025-08-30 14:21:48.935471,2025-08-30 14:29:48.935471,2025-08-30 14:29:48.935471
case_92,Create Purchase Requisition,Miu Hanwan,2025-08-30 14:55:48.935471,2025-08-30 14:55:48.935471,2025-08-30 16:38:48.935471
case_41,Settle dispute with supplier Financial Manager,Pedro Alvares,2025-08-30 14:01:48.935471,2025-08-30 15:04:48.935471,2025-08-30 15:23:48.935471
case_77,Analyze Request for Quotation,Francois de Perrier,2025-08-28 08:55:48.935471,2025-08-30 15:23:48.935471,2025-08-30 15:45:48.935471
case_84,Analyze Request for Quotation,Francois de Perrier,2025-08-30 10:16:48.935471,2025-08-30 15:44:48.935471,2025-08-30 16:00:48.935471
case_41,Authorize Supplier's Invoice payment,Pedro Alvares,2025-08-30 15:23:48.935471,2025-08-30 15:58:48.935471,2025-08-30 15:58:48.935471
case_90,Analyze Purchase Requisition,Heinz Gutschmidt,2025-08-30 11:45:48.935471,2025-08-30 17:40:48.935471,2025-08-30 17:47:48.935471
case_69,Approve Purchase Order for payment,Karel de Groot,2025-08-30 12:37:48.935471,2025-08-30 17:52:48.935471,2025-08-30 17:52:48.935471
case_87,Create Request for Quotation Requester,Anne Olwada,2025-08-30 14:00:48.935471,2025-08-30 18:33:48.935471,2025-08-30 18:38:48.935471
case_87,Analyze Request for Quotation,Francois de Perrier,2025-08-30 18:38:48.935471,2025-08-30 19:09:48.935471,2025-08-30 19:14:48.935471
case_41,Pay invoice,Pedro Alvares,2025-08-30 15:58:48.935471,2025-08-30 19:18:48.935471,2025-08-30 19:24:48.935471
case_56,Send Request for Quotation to Supplier,Francois de Perrier,2025-08-22 15:09:48.935471,2025-08-30 19:36:48.935471,2025-08-30 19:53:48.935471
case_90,Create Request for Quotation Requester Manager,Francis Odell,2025-08-30 17:47:48.935471,2025-08-30 20:02:48.935471,2025-08-30 20:04:48.935471
case_57,Deliver Goods Services,Kiu Kan,2025-08-28 18:36:48.935471,2025-08-30 20:58:48.935471,2025-09-01 04:14:48.935471
case_87,Send Request for Quotation to Supplier,Karel de Groot,2025-08-30 19:14:48.935471,2025-08-30 21:26:48.935471,2025-08-30 21:39:48.935471
case_64,Confirm Purchase Order,Esmeralda Clay,2025-08-29 22:31:48.935471,2025-08-30 22:16:48.935471,2025-08-30 22:25:48.935471
case_93,Create Purchase Requisition,Christian Francois,2025-08-30 23:48:48.935471,2025-08-30 23:48:48.935471,2025-08-31 01:04:48.935471
case_59,Analyze Request for Quotation,Francois de Perrier,2025-08-22 14:37:48.935471,2025-08-31 00:01:48.935471,2025-08-31 00:31:48.935471
case_81,Analyze Request for Quotation,Karel de Groot,2025-08-29 13:33:48.935471,2025-08-31 00:03:48.935471,2025-08-31 00:34:48.935471
case_63,Analyze Request for Quotation,Magdalena Predutta,2025-08-30 09:25:48.935471,2025-08-31 00:06:48.935471,2025-08-31 00:16:48.935471
case_91,Analyze Purchase Requisition,Francis Odell,2025-08-30 13:28:48.935471,2025-08-31 01:10:48.935471,2025-08-31 01:15:48.935471
case_63,Amend Request for Quotation Requester,Esmana Liubiata,2025-08-31 00:16:48.935471,2025-08-31 01:17:48.935471,2025-08-31 01:27:48.935471
case_92,Create Request for Quotation Requester Manager,Maris Freeman,2025-08-30 16:38:48.935471,2025-08-31 01:43:48.935471,2025-08-31 01:45:48.935471
case_71,Settle conditions with supplier,Karel de Groot,2025-08-30 05:04:48.935471,2025-08-31 01:47:48.935471,2025-08-31 08:26:48.935471
case_74,Analyze Request for Quotation,Karel de Groot,2025-08-28 01:33:48.935471,2025-08-31 01:50:48.935471,2025-08-31 02:07:48.935471
case_89,Analyze Purchase Requisition,Maris Freeman,2025-08-30 09:04:48.935471,2025-08-31 02:31:48.935471,2025-08-31 02:31:48.935471
case_90,Analyze Request for Quotation,Magdalena Predutta,2025-08-30 20:04:48.935471,2025-08-31 02:38:48.935471,2025-08-31 03:19:48.935471
case_74,Amend Request for Quotation Requester,Fjodor Kowalski,2025-08-31 02:07:48.935471,2025-08-31 02:56:48.935471,2025-08-31 03:14:48.935471
case_76,Send Request for Quotation to Supplier,Francois de Perrier,2025-08-28 18:36:48.935471,2025-08-31 03:20:48.935471,2025-08-31 03:43:48.935471
case_89,Create Request for Quotation Requester Manager,Maris Freeman,2025-08-31 02:31:48.935471,2025-08-31 03:39:48.935471,2025-08-31 03:39:48.935471
case_58,Settle conditions with supplier,Francois de Perrier,2025-08-30 14:29:48.935471,2025-08-31 03:47:48.935471,2025-08-31 17:00:48.935471
case_74,Analyze Request for Quotation,Karel de Groot,2025-08-31 03:14:48.935471,2025-08-31 05:02:48.935471,2025-08-31 05:23:48.935471
case_53,Release Purchase Order,Kim Passa,2025-08-31 05:32:48.935471,2025-08-31 05:46:48.935471,2025-08-31 05:46:48.935471
case_56,Create Quotation comparison Map,Magdalena Predutta,2025-08-30 19:53:48.935471,2025-08-31 06:10:48.935471,2025-08-31 10:17:48.935471
case_92,Analyze Request for Quotation,Francois de Perrier,2025-08-31 01:45:48.935471,2025-08-31 06:13:48.935471,2025-08-31 06:33:48.935471
case_66,Send Request for Quotation to Supplier,Karel de Groot,2025-08-28 08:00:48.935471,2025-08-31 06:17:48.935471,2025-08-31 06:51:48.935471
case_74,Send Request for Quotation to Supplier,Magdalena Predutta,2025-08-31 05:23:48.935471,2025-08-31 06:29:48.935471,2025-08-31 06:54:48.935471
case_52,Deliver Goods Services,Sean Manney,2025-08-29 07:30:48.935471,2025-08-31 06:31:48.935471,2025-09-01 01:51:48.935471
case_77,Send Request for Quotation to Supplier,Magdalena Predutta,2025-08-30 15:45:48.935471,2025-08-31 06:50:48.935471,2025-08-31 07:15:48.935471
case_82,Settle conditions with supplier,Francois de Perrier,2025-08-30 14:10:48.935471,2025-08-31 07:22:48.935471,2025-08-31 13:17:48.935471
case_91,Create Request for Quotation Requester,Christian Francois,2025-08-31 01:15:48.935471,2025-08-31 07:35:48.935471,2025-08-31 07:40:48.935471
case_94,Create Purchase Requisition,Penn Osterwalder,2025-08-31 08:00:48.935471,2025-08-31 08:00:48.935471,2025-08-31 09:28:48.935471
case_44,Send invoice,Sean Manney,2025-08-25 10:54:48.935471,2025-08-31 08:29:48.935471,2025-08-31 08:29:48.935471
case_92,Amend Request for Quotation Requester,Penn Osterwalder,2025-08-31 06:33:48.935471,2025-08-31 11:18:48.935471,2025-08-31 11:26:48.935471
case_91,Analyze Request for Quotation,Francois de Perrier,2025-08-31 07:40:48.935471,2025-08-31 11:22:48.935471,2025-08-31 11:23:48.935471
case_64,Deliver Goods Services,Carmen Finacse,2025-08-30 22:25:48.935471,2025-08-31 11:59:48.935471,2025-09-01 22:36:48.935471
case_80,Create Purchase Order,Karel de Groot,2025-08-31 00:16:48.935471,2025-08-31 12:26:48.935471,2025-08-31 12:35:48.935471
case_44,Release Supplier's Invoice,Karalda Nimwada,2025-08-31 08:29:48.935471,2025-08-31 12:50:48.935471,2025-08-31 12:54:48.935471
case_56,Analyze Quotation comparison Map,Fjodor Kowalski,2025-08-31 10:17:48.935471,2025-08-31 13:13:48.935471,2025-08-31 13:35:48.935471
case_77,Create Quotation comparison Map,Francois de Perrier,2025-08-31 07:15:48.935471,2025-08-31 13:16:48.935471,2025-08-31 16:28:48.935471
case_79,Analyze Request for Quotation,Karel de Groot,2025-08-30 05:23:48.935471,2025-08-31 13:25:48.935471,2025-08-31 13:46:48.935471
case_92,Analyze Request for Quotation,Francois de Perrier,2025-08-31 11:26:48.935471,2025-08-31 13:30:48.935471,2025-08-31 13:50:48.935471
case_56,Choose best option,Esmana Liubiata,2025-08-31 13:35:48.935471,2025-08-31 14:33:48.935471,2025-08-31 14:33:48.935471
case_92,Amend Request for Quotation Requester,Miu Hanwan,2025-08-31 13:50:48.935471,2025-08-31 14:56:48.935471,2025-08-31 15:08:48.935471
case_44,Authorize Supplier's Invoice payment,Pedro Alvares,2025-08-31 12:54:48.935471,2025-08-31 15:09:48.935471,2025-08-31 15:09:48.935471
case_44,Pay invoice,Karalda Nimwada,2025-08-31 15:09:48.935471,2025-08-31 16:13:48.935471,2025-08-31 16:14:48.935471
case_77,Analyze Quotation comparison Map,Kim Passa,2025-08-31 16:28:48.935471,2025-08-31 16:42:48.935471,2025-08-31 19:05:48.935471
case_63,Analyze Request for Quotation,Francois de Perrier,2025-08-31 01:27:48.935471,2025-08-31 16:45:48.935471,2025-08-31 17:14:48.935471
case_60,Confirm Purchase Order,Carmen Finacse,2025-08-28 13:51:48.935471,2025-08-31 17:12:48.935471,2025-08-31 17:24:48.935471
case_66,Create Quotation comparison Map,Francois de Perrier,2025-08-31 06:51:48.935471,2025-08-31 17:29:48.935471,2025-08-31 18:23:48.935471
case_95,Create Purchase Requisition,Tesca Lobes,2025-08-31 20:12:48.935471,2025-08-31 20:12:48.935471,2025-08-31 21:00:48.935471
case_69,Send invoice,Sean Manney,2025-08-30 17:52:48.935471,2025-08-31 20:20:48.935471,2025-08-31 20:20:48.935471
case_77,Choose best option,Penn Osterwalder,2025-08-31 19:05:48.935471,2025-08-31 20:24:48.935471,2025-08-31 20:24:48.935471
case_62,Create Purchase Order,Karel de Groot,2025-08-30 06:43:48.935471,2025-08-31 21:04:48.935471,2025-08-31 21:13:48.935471
case_69,Release Supplier's Invoice,Pedro Alvares,2025-08-31 20:20:48.935471,2025-08-31 21:58:48.935471,2025-08-31 22:02:48.935471
case_56,Settle conditions with supplier,Francois de Perrier,2025-08-31 14:33:48.935471,2025-08-31 22:32:48.935471,2025-09-01 07:19:48.935471
case_92,Analyze Request for Quotation,Karel de Groot,2025-08-31 15:08:48.935471,2025-08-31 22:37:48.935471,2025-08-31 22:52:48.935471
case_95,Analyze Purchase Requisition,Heinz Gutschmidt,2025-08-31 21:00:48.935471,2025-08-31 23:08:48.935471,2025-08-31 23:17:48.935471
case_92,Amend Request for Quotation Requester,Fjodor Kowalski,2025-08-31 22:52:48.935471,2025-08-31 23:27:48.935471,2025-08-31 23:36:48.935471
case_95,Create Request for Quotation Requester Manager,Francis Odell,2025-08-31 23:17:48.935471,2025-08-31 23:28:48.935471,2025-08-31 23:29:48.935471
case_58,Create Purchase Order,Karel de Groot,2025-08-31 17:00:48.935471,2025-08-31 23:29:48.935471,2025-08-31 23:37:48.935471
case_66,Analyze Quotation comparison Map,Fjodor Kowalski,2025-08-31 18:23:48.935471,2025-08-31 23:34:48.935471,2025-08-31 23:40:48.935471
case_60,Deliver Goods Services,Esmeralda Clay,2025-08-31 17:24:48.935471,2025-09-01 00:23:48.935471,2025-09-01 22:48:48.935471
case_94,Analyze Purchase Requisition,Maris Freeman,2025-08-31 09:28:48.935471,2025-09-01 00:30:48.935471,2025-09-01 00:37:48.935471
case_94,Create Request for Quotation Requester,Miu Hanwan,2025-09-01 00:37:48.935471,2025-09-01 00:55:48.935471,2025-09-01 01:04:48.935471
case_93,Analyze Purchase Requisition,Francis Odell,2025-08-31 01:04:48.935471,2025-09-01 01:23:48.935471,2025-09-01 01:31:48.935471
case_96,Create Purchase Requisition,Tesca Lobes,2025-09-01 01:48:48.935471,2025-09-01 01:48:48.935471,2025-09-01 04:32:48.935471
case_72,Release Purchase Order,Kim Passa,2025-09-01 01:52:48.935471,2025-09-01 02:56:48.935471,2025-09-01 02:56:48.935471
case_77,Settle conditions with supplier,Francois de Perrier,2025-08-31 20:24:48.935471,2025-09-01 03:00:48.935471,2025-09-01 14:42:48.935471
case_52,Release Purchase Order,Esmana Liubiata,2025-09-01 01:51:48.935471,2025-09-01 03:30:48.935471,2025-09-01 03:30:48.935471
case_97,Create Purchase Requisition,Immanuel Karagianni,2025-09-01 04:21:48.935471,2025-09-01 04:21:48.935471,2025-09-01 05:53:48.935471
case_53,Approve Purchase Order for payment,Francois de Perrier,2025-08-31 05:46:48.935471,2025-09-01 04:35:48.935471,2025-09-01 04:35:48.935471
case_74,Create Quotation comparison Map,Karel de Groot,2025-08-31 06:54:48.935471,2025-09-01 04:36:48.935471,2025-09-01 05:47:48.935471
case_52,Approve Purchase Order for payment,Magdalena Predutta,2025-09-01 03:30:48.935471,2025-09-01 05:01:48.935471,2025-09-01 05:01:48.935471
case_97,Create Request for Quotation Requester,Anne Olwada,2025-09-01 05:53:48.935471,2025-09-01 06:01:48.935471,2025-09-01 06:14:48.935471
case_66,Choose best option,Nico Ojenbeer,2025-08-31 23:40:48.935471,2025-09-01 06:14:48.935471,2025-09-01 06:14:48.935471
case_69,Settle dispute with supplier Financial Manager,Pedro Alvares,2025-08-31 22:02:48.935471,2025-09-01 06:25:48.935471,2025-09-01 06:44:48.935471
case_98,Create Purchase Requisition,Tesca Lobes,2025-09-01 06:28:48.935471,2025-09-01 06:28:48.935471,2025-09-01 06:44:48.935471
case_72,Settle dispute with supplier Purchasing Agent,Magdalena Predutta,2025-09-01 02:56:48.935471,2025-09-01 06:29:48.935471,2025-09-01 16:38:48.935471
case_65,Deliver Goods Services,Karen Clarens,2025-08-29 01:27:48.935471,2025-09-01 06:46:48.935471,2025-09-03 03:20:48.935471
case_69,Authorize Supplier's Invoice payment,Karalda Nimwada,2025-09-01 06:44:48.935471,2025-09-01 06:51:48.935471,2025-09-01 06:51:48.935471
case_88,Analyze Request for Quotation,Magdalena Predutta,2025-08-30 14:09:48.935471,2025-09-01 06:51:48.935471,2025-09-01 07:00:48.935471
case_74,Analyze Quotation comparison Map,Fjodor Kowalski,2025-09-01 05:47:48.935471,2025-09-01 07:17:48.935471,2025-09-01 07:46:48.935471
case_69,Pay invoice,Pedro Alvares,2025-09-01 06:51:48.935471,2025-09-01 07:33:48.935471,2025-09-01 07:45:48.935471
case_74,Choose best option,Fjodor Kowalski,2025-09-01 07:46:48.935471,2025-09-01 08:01:48.935471,2025-09-01 08:01:48.935471
case_93,Create Request for Quotation Requester Manager,Heinz Gutschmidt,2025-09-01 01:31:48.935471,2025-09-01 08:20:48.935471,2025-09-01 08:21:48.935471
case_81,Send Request for Quotation to Supplier,Karel de Groot,2025-08-31 00:34:48.935471,2025-09-01 08:36:48.935471,2025-09-01 08:57:48.935471
case_75,Analyze Request for Quotation,Magdalena Predutta,2025-08-27 12:30:48.935471,2025-09-01 09:33:48.935471,2025-09-01 09:48:48.935471
case_96,Create Request for Quotation Requester,Fjodor Kowalski,2025-09-01 04:32:48.935471,2025-09-01 09:54:48.935471,2025-09-01 10:03:48.935471
case_95,Analyze Request for Quotation,Karel de Groot,2025-08-31 23:29:48.935471,2025-09-01 09:57:48.935471,2025-09-01 11:25:48.935471
case_74,Settle conditions with supplier,Magdalena Predutta,2025-09-01 08:01:48.935471,2025-09-01 10:07:48.935471,2025-09-01 22:33:48.935471
case_91,Send Request for Quotation to Supplier,Francois de Perrier,2025-08-31 11:23:48.935471,2025-09-01 11:12:48.935471,2025-09-01 11:27:48.935471
case_94,Analyze Request for Quotation,Francois de Perrier,2025-09-01 01:04:48.935471,2025-09-01 11:34:48.935471,2025-09-01 11:55:48.935471
case_46,Approve Purchase Order for payment,Francois de Perrier,2025-08-27 17:45:48.935471,2025-09-01 14:41:48.935471,2025-09-01 14:41:48.935471
case_57,Release Purchase Order,Alberto Duport,2025-09-01 04:14:48.935471,2025-09-01 16:13:48.935471,2025-09-01 16:13:48.935471
case_94,Send Request for Quotation to Supplier,Karel de Groot,2025-09-01 11:55:48.935471,2025-09-01 16:16:48.935471,2025-09-01 16:32:48.935471
case_95,Send Request for Quotation to Supplier,Karel de Groot,2025-09-01 11:25:48.935471,2025-09-01 16:40:48.935471,2025-09-01 17:04:48.935471
case_75,Send Request for Quotation to Supplier,Karel de Groot,2025-09-01 09:48:48.935471,2025-09-01 17:09:48.935471,2025-09-01 17:33:48.935471
case_57,Approve Purchase Order for payment,Magdalena Predutta,2025-09-01 16:13:48.935471,2025-09-01 17:19:48.935471,2025-09-01 17:19:48.935471
case_62,Confirm Purchase Order,Kiu Kan,2025-08-31 21:13:48.935471,2025-09-01 18:30:48.935471,2025-09-01 18:51:48.935471
case_75,Create Quotation comparison Map,Francois de Perrier,2025-09-01 17:33:48.935471,2025-09-01 18:57:48.935471,2025-09-01 21:59:48.935471
case_89,Analyze Request for Quotation,Magdalena Predutta,2025-08-31 03:39:48.935471,2025-09-01 19:30:48.935471,2025-09-01 19:43:48.935471
case_63,Send Request for Quotation to Supplier,Magdalena Predutta,2025-08-31 17:14:48.935471,2025-09-01 20:30:48.935471,2025-09-01 21:01:48.935471
case_66,Settle conditions with supplier,Francois de Perrier,2025-09-01 06:14:48.935471,2025-09-01 21:23:48.935471,2025-09-02 03:10:48.935471
case_95,Create Quotation comparison Map,Karel de Groot,2025-09-01 17:04:48.935471,2025-09-01 21:40:48.935471,2025-09-02 03:28:48.935471
case_72,Release Purchase Order,Alberto Duport,2025-09-01 16:38:48.935471,2025-09-01 22:01:48.935471,2025-09-01 22:01:48.935471
case_87,Create Quotation comparison Map,Karel de Groot,2025-08-30 21:39:48.935471,2025-09-01 22:25:48.935471,2025-09-01 23:55:48.935471
case_89,Amend Request for Quotation Requester,Anne Olwada,2025-09-01 19:43:48.935471,2025-09-01 22:46:48.935471,2025-09-01 22:53:48.935471
case_75,Analyze Quotation comparison Map,Tesca Lobes,2025-09-01 21:59:48.935471,2025-09-01 23:12:48.935471,2025-09-01 23:43:48.935471
case_64,Release Purchase Order,Nico Ojenbeer,2025-09-01 22:36:48.935471,2025-09-02 00:03:48.935471,2025-09-02 00:03:48.935471
case_85,Create Request for Quotation Requester Manager,Maris Freeman,2025-08-30 03:40:48.935471,2025-09-02 00:03:48.935471,2025-09-02 00:05:48.935471
case_67,Confirm Purchase Order,Esmeralda Clay,2025-08-29 18:00:48.935471,2025-09-02 00:07:48.935471,2025-09-02 00:21:48.935471
case_88,Amend Request for Quotation Requester Manager,Heinz Gutschmidt,2025-09-01 07:00:48.935471,2025-09-02 00:24:48.935471,2025-09-02 00:32:48.935471
case_98,Analyze Purchase Requisition,Heinz Gutschmidt,2025-09-01 06:44:48.935471,2025-09-02 00:46:48.935471,2025-09-02 00:50:48.935471
case_88,Analyze Request for Quotation,Karel de Groot,2025-09-02 00:32:48.935471,2025-09-02 01:05:48.935471,2025-09-02 01:32:48.935471
case_74,Create Purchase Order,Karel de Groot,2025-09-01 22:33:48.935471,2025-09-02 01:54:48.935471,2025-09-02 02:05:48.935471
case_57,Send invoice,Karen Clarens,2025-09-01 17:19:48.935471,2025-09-02 01:57:48.935471,2025-09-02 01:57:48.935471
case_57,Release Supplier's Invoice,Pedro Alvares,2025-09-02 01:57:48.935471,2025-09-02 02:03:48.935471,2025-09-02 02:09:48.935471
case_57,Authorize Supplier's Invoice payment,Pedro Alvares,2025-09-02 02:09:48.935471,2025-09-02 02:15:48.935471,2025-09-02 02:15:48.935471
case_85,Analyze Request for Quotation,Francois de Perrier,2025-09-02 00:05:48.935471,2025-09-02 02:20:48.935471,2025-09-02 02:46:48.935471
case_96,Analyze Request for Quotation,Magdalena Predutta,2025-09-01 10:03:48.935471,2025-09-02 03:12:48.935471,2025-09-02 03:34:48.935471
case_60,Release Purchase Order,Immanuel Karagianni,2025-09-01 22:48:48.935471,2025-09-02 04:05:48.935471,2025-09-02 04:05:48.935471
case_98,Create Request for Quotation Requester,Fjodor Kowalski,2025-09-02 00:50:48.935471,2025-09-02 04:10:48.935471,2025-09-02 04:19:48.935471
case_66,Create Purchase Order,Karel de Groot,2025-09-02 03:10:48.935471,2025-09-02 04:10:48.935471,2025-09-02 04:19:48.935471
case_95,Analyze Quotation comparison Map,Nico Ojenbeer,2025-09-02 03:28:48.935471,2025-09-02 04:18:48.935471,2025-09-02 04:29:48.935471
case_96,Amend Request for Quotation Requester,Kim Passa,2025-09-02 03:34:48.935471,2025-09-02 04:19:48.935471,2025-09-02 04:23:48.935471
case_57,Pay invoice,Pedro Alvares,2025-09-02 02:15:48.935471,2025-09-02 04:20:48.935471,2025-09-02 04:25:48.935471
case_91,Create Quotation comparison Map,Magdalena Predutta,2025-09-01 11:27:48.935471,2025-09-02 04:32:48.935471,2025-09-02 11:28:48.935471
case_95,Choose best option,Alberto Duport,2025-09-02 04:29:48.935471,2025-09-02 04:36:48.935471,2025-09-02 04:36:48.935471
case_85,Send Request for Quotation to Supplier,Francois de Perrier,2025-09-02 02:46:48.935471,2025-09-02 05:56:48.935471,2025-09-02 06:22:48.935471
case_67,Deliver Goods Services,Carmen Finacse,2025-09-02 00:21:48.935471,2025-09-02 06:10:48.935471,2025-09-03 03:50:48.935471
case_95,Settle conditions with supplier,Magdalena Predutta,2025-09-02 04:36:48.935471,2025-09-02 06:44:48.935471,2025-09-02 15:34:48.935471
case_71,Create Purchase Order,Karel de Groot,2025-08-31 08:26:48.935471,2025-09-02 06:48:48.935471,2025-09-02 06:54:48.935471
case_77,Create Purchase Order,Karel de Groot,2025-09-01 14:42:48.935471,2025-09-02 07:50:48.935471,2025-09-02 07:59:48.935471
case_87,Analyze Quotation comparison Map,Esmana Liubiata,2025-09-01 23:55:48.935471,2025-09-02 07:55:48.935471,2025-09-02 08:20:48.935471
case_62,Deliver Goods Services,Carmen Finacse,2025-09-01 18:51:48.935471,2025-09-02 08:24:48.935471,2025-09-03 08:58:48.935471
case_98,Analyze Request for Quotation,Karel de Groot,2025-09-02 04:19:48.935471,2025-09-02 09:40:48.935471,2025-09-02 10:07:48.935471
case_87,Choose best option,Christian Francois,2025-09-02 08:20:48.935471,2025-09-02 10:32:48.935471,2025-09-02 10:32:48.935471
case_75,Choose best option,Esmana Liubiata,2025-09-01 23:43:48.935471,2025-09-02 11:49:48.935471,2025-09-02 11:49:48.935471
case_91,Analyze Quotation comparison Map,Immanuel Karagianni,2025-09-02 11:28:48.935471,2025-09-02 13:16:48.935471,2025-09-02 14:00:48.935471
case_75,Settle conditions with supplier,Magdalena Predutta,2025-09-02 11:49:48.935471,2025-09-02 13:51:48.935471,2025-09-02 21:23:48.935471
case_87,Settle conditions with supplier,Karel de Groot,2025-09-02 10:32:48.935471,2025-09-02 14:19:48.935471,2025-09-02 20:46:48.935471
case_63,Create Quotation comparison Map,Magdalena Predutta,2025-09-01 21:01:48.935471,2025-09-02 14:25:48.935471,2025-09-02 20:07:48.935471
case_76,Create Quotation comparison Map,Magdalena Predutta,2025-08-31 03:43:48.935471,2025-09-02 14:31:48.935471,2025-09-02 15:45:48.935471
case_91,Choose best option,Fjodor Kowalski,2025-09-02 14:00:48.935471,2025-09-02 15:47:48.935471,2025-09-02 15:47:48.935471
case_60,Approve Purchase Order for payment,Francois de Perrier,2025-09-02 04:05:48.935471,2025-09-02 21:07:48.935471,2025-09-02 21:07:48.935471
case_46,Send invoice,Sean Manney,2025-09-01 14:41:48.935471,2025-09-02 21:36:48.935471,2025-09-02 21:36:48.935471
case_64,Approve Purchase Order for payment,Magdalena Predutta,2025-09-02 00:03:48.935471,2025-09-02 22:46:48.935471,2025-09-02 22:46:48.935471
case_63,Analyze Quotation comparison Map,Christian Francois,2025-09-02 20:07:48.935471,2025-09-02 22:48:48.935471,2025-09-02 22:54:48.935471
case_56,Create Purchase Order,Magdalena Predutta,2025-09-01 07:19:48.935471,2025-09-02 23:06:48.935471,2025-09-02 23:17:48.935471
case_76,Analyze Quotation comparison Map,Anne Olwada,2025-09-02 15:45:48.935471,2025-09-02 23:08:48.935471,2025-09-02 23:41:48.935471
case_63,Choose best option,Anne Olwada,2025-09-02 22:54:48.935471,2025-09-02 23:12:48.935471,2025-09-02 23:12:48.935471
case_89,Analyze Request for Quotation,Magdalena Predutta,2025-09-01 22:53:48.935471,2025-09-02 23:15:48.935471,2025-09-02 23:44:48.935471
case_89,Amend Request for Quotation Requester,Kim Passa,2025-09-02 23:44:48.935471,2025-09-02 23:48:48.935471,2025-09-03 01:01:48.935471
case_76,Choose best option,Kim Passa,2025-09-02 23:41:48.935471,2025-09-02 23:59:48.935471,2025-09-02 23:59:48.935471
case_63,Settle conditions with supplier,Karel de Groot,2025-09-02 23:12:48.935471,2025-09-03 00:01:48.935471,2025-09-03 02:22:48.935471
case_82,Create Purchase Order,Karel de Groot,2025-08-31 13:17:48.935471,2025-09-03 01:22:48.935471,2025-09-03 01:29:48.935471
case_46,Release Supplier's Invoice,Karalda Nimwada,2025-09-02 21:36:48.935471,2025-09-03 01:58:48.935471,2025-09-03 02:02:48.935471
case_53,Send invoice,Carmen Finacse,2025-09-01 04:35:48.935471,2025-09-03 02:18:48.935471,2025-09-03 02:18:48.935471
case_87,Create Purchase Order,Magdalena Predutta,2025-09-02 20:46:48.935471,2025-09-03 02:33:48.935471,2025-09-03 02:42:48.935471
case_46,Authorize Supplier's Invoice payment,Pedro Alvares,2025-09-03 02:02:48.935471,2025-09-03 02:51:48.935471,2025-09-03 02:51:48.935471
case_52,Send invoice,Esmeralda Clay,2025-09-01 05:01:48.935471,2025-09-03 04:01:48.935471,2025-09-03 04:01:48.935471
case_46,Pay invoice,Karalda Nimwada,2025-09-03 02:51:48.935471,2025-09-03 04:19:48.935471,2025-09-03 04:27:48.935471
case_53,Release Supplier's Invoice,Pedro Alvares,2025-09-03 02:18:48.935471,2025-09-03 04:22:48.935471,2025-09-03 04:26:48.935471
case_80,Confirm Purchase Order,Esmeralda Clay,2025-08-31 12:35:48.935471,2025-09-03 05:33:48.935471,2025-09-03 05:38:48.935471
case_67,Release Purchase Order,Miu Hanwan,2025-09-03 03:50:48.935471,2025-09-03 05:37:48.935471,2025-09-03 05:37:48.935471
case_65,Release Purchase Order,Nico Ojenbeer,2025-09-03 03:20:48.935471,2025-09-03 06:03:48.935471,2025-09-03 06:03:48.935471
case_53,Authorize Supplier's Invoice payment,Pedro Alvares,2025-09-03 04:26:48.935471,2025-09-03 06:14:48.935471,2025-09-03 06:14:48.935471
case_52,Release Supplier's Invoice,Karalda Nimwada,2025-09-03 04:01:48.935471,2025-09-03 06:29:48.935471,2025-09-03 06:35:48.935471
case_99,Create Purchase Requisition,Penn Osterwalder,2025-09-03 06:45:48.935471,2025-09-03 06:45:48.935471,2025-09-03 07:52:48.935471
case_63,Create Purchase Order,Karel de Groot,2025-09-03 02:22:48.935471,2025-09-03 07:51:48.935471,2025-09-03 08:01:48.935471
case_53,Pay invoice,Pedro Alvares,2025-09-03 06:14:48.935471,2025-09-03 08:08:48.935471,2025-09-03 08:09:48.935471
case_97,Analyze Request for Quotation,Karel de Groot,2025-09-01 06:14:48.935471,2025-09-03 08:28:48.935471,2025-09-03 08:47:48.935471
case_76,Settle conditions with supplier,Francois de Perrier,2025-09-02 23:59:48.935471,2025-09-03 08:52:48.935471,2025-09-03 20:47:48.935471
case_87,Confirm Purchase Order,Kiu Kan,2025-09-03 02:42:48.935471,2025-09-03 09:17:48.935471,2025-09-03 09:37:48.935471
case_91,Settle conditions with supplier,Karel de Groot,2025-09-02 15:47:48.935471,2025-09-03 09:18:48.935471,2025-09-03 20:07:48.935471
case_96,Analyze Request for Quotation,Francois de Perrier,2025-09-02 04:23:48.935471,2025-09-03 09:26:48.935471,2025-09-03 09:51:48.935471
case_60,Send invoice,Karen Clarens,2025-09-02 21:07:48.935471,2025-09-03 09:32:48.935471,2025-09-03 09:32:48.935471
case_52,Authorize Supplier's Invoice payment,Pedro Alvares,2025-09-03 06:35:48.935471,2025-09-03 09:37:48.935471,2025-09-03 09:37:48.935471
case_60,Release Supplier's Invoice,Pedro Alvares,2025-09-03 09:32:48.935471,2025-09-03 09:48:48.935471,2025-09-03 09:49:48.935471
case_99,Analyze Purchase Requisition,Maris Freeman,2025-09-03 07:52:48.935471,2025-09-03 10:15:48.935471,2025-09-03 10:20:48.935471
case_99,Create Request for Quotation Requester Manager,Maris Freeman,2025-09-03 10:20:48.935471,2025-09-03 11:04:48.935471,2025-09-03 11:06:48.935471
case_52,Pay invoice,Pedro Alvares,2025-09-03 09:37:48.935471,2025-09-03 11:04:48.935471,2025-09-03 11:12:48.935471
case_66,Confirm Purchase Order,Carmen Finacse,2025-09-02 04:19:48.935471,2025-09-03 11:15:48.935471,2025-09-03 11:42:48.935471
case_78,Analyze Request for Quotation,Karel de Groot,2025-08-30 12:40:48.935471,2025-09-03 11:23:48.935471,2025-09-03 11:32:48.935471
case_78,Amend Request for Quotation Requester,Kim Passa,2025-09-03 11:32:48.935471,2025-09-03 12:09:48.935471,2025-09-03 12:20:48.935471
case_58,Confirm Purchase Order,Kiu Kan,2025-08-31 23:37:48.935471,2025-09-03 12:37:48.935471,2025-09-03 12:43:48.935471
case_62,Release Purchase Order,Immanuel Karagianni,2025-09-03 08:58:48.935471,2025-09-03 12:38:48.935471,2025-09-03 12:38:48.935471
case_74,Confirm Purchase Order,Carmen Finacse,2025-09-02 02:05:48.935471,2025-09-03 14:03:48.935471,2025-09-03 14:22:48.935471
case_60,Authorize Supplier's Invoice payment,Karalda Nimwada,2025-09-03 09:49:48.935471,2025-09-03 14:33:48.935471,2025-09-03 14:33:48.935471
case_100,Create Purchase Requisition,Christian Francois,2025-09-03 14:57:48.935471,2025-09-03 14:57:48.935471,2025-09-03 15:48:48.935471
case_71,Confirm Purchase Order,Kiu Kan,2025-09-02 06:54:48.935471,2025-09-03 15:34:48.935471,2025-09-03 17:01:48.935471
case_80,Deliver Goods Services,Carmen Finacse,2025-09-03 05:38:48.935471,2025-09-03 16:59:48.935471,2025-09-04 12:56:48.935471
case_63,Confirm Purchase Order,Kiu Kan,2025-09-03 08:01:48.935471,2025-09-03 17:17:48.935471,2025-09-03 17:26:48.935471
case_60,Pay invoice,Karalda Nimwada,2025-09-03 14:33:48.935471,2025-09-03 17:40:48.935471,2025-09-03 17:45:48.935471
case_73,Send Request for Quotation to Supplier,Francois de Perrier,2025-08-29 15:18:48.935471,2025-09-03 17:42:48.935471,2025-09-03 17:58:48.935471
case_95,Create Purchase Order,Francois de Perrier,2025-09-02 15:34:48.935471,2025-09-03 19:37:48.935471,2025-09-03 19:46:48.935471
case_73,Create Quotation comparison Map,Francois de Perrier,2025-09-03 17:58:48.935471,2025-09-03 21:08:48.935471,2025-09-03 22:24:48.935471
case_96,Amend Request for Quotation Requester,Christian Francois,2025-09-03 09:51:48.935471,2025-09-03 22:09:48.935471,2025-09-03 22:20:48.935471
case_73,Analyze Quotation comparison Map,Kim Passa,2025-09-03 22:24:48.935471,2025-09-04 00:04:48.935471,2025-09-04 00:56:48.935471
case_74,Deliver Goods Services,Carmen Finacse,2025-09-03 14:22:48.935471,2025-09-04 01:38:48.935471,2025-09-05 07:05:48.935471
case_91,Create Purchase Order,Francois de Perrier,2025-09-03 20:07:48.935471,2025-09-04 02:02:48.935471,2025-09-04 02:10:48.935471
case_48,Create Purchase Order,Francois de Perrier,2025-08-27 09:43:48.935471,2025-09-04 03:17:48.935471,2025-09-04 03:23:48.935471
case_76,Create Purchase Order,Karel de Groot,2025-09-03 20:47:48.935471,2025-09-04 04:22:48.935471,2025-09-04 04:33:48.935471
case_66,Deliver Goods Services,Karen Clarens,2025-09-03 11:42:48.935471,2025-09-04 04:23:48.935471,2025-09-04 20:50:48.935471
case_58,Deliver Goods Services,Sean Manney,2025-09-03 12:43:48.935471,2025-09-04 04:52:48.935471,2025-09-06 10:26:48.935471
case_99,Analyze Request for Quotation,Francois de Perrier,2025-09-03 11:06:48.935471,2025-09-04 05:05:48.935471,2025-09-04 05:12:48.935471
case_95,Confirm Purchase Order,Karen Clarens,2025-09-03 19:46:48.935471,2025-09-04 06:47:48.935471,2025-09-04 07:00:48.935471
case_73,Choose best option,Anne Olwada,2025-09-04 00:56:48.935471,2025-09-04 08:49:48.935471,2025-09-04 08:49:48.935471
case_62,Approve Purchase Order for payment,Magdalena Predutta,2025-09-03 12:38:48.935471,2025-09-04 09:43:48.935471,2025-09-04 09:43:48.935471
case_67,Approve Purchase Order for payment,Karel de Groot,2025-09-03 05:37:48.935471,2025-09-04 11:11:48.935471,2025-09-04 11:11:48.935471
case_95,Deliver Goods Services,Karen Clarens,2025-09-04 07:00:48.935471,2025-09-04 12:11:48.935471,2025-09-05 13:53:48.935471
case_56,Confirm Purchase Order,Carmen Finacse,2025-09-02 23:17:48.935471,2025-09-04 12:13:48.935471,2025-09-04 12:23:48.935471
case_62,Send invoice,Carmen Finacse,2025-09-04 09:43:48.935471,2025-09-04 14:16:48.935471,2025-09-04 14:16:48.935471
case_65,Approve Purchase Order for payment,Magdalena Predutta,2025-09-03 06:03:48.935471,2025-09-04 15:27:48.935471,2025-09-04 15:27:48.935471
case_56,Deliver Goods Services,Karen Clarens,2025-09-04 12:23:48.935471,2025-09-04 15:49:48.935471,2025-09-04 20:06:48.935471
case_78,Analyze Request for Quotation,Francois de Perrier,2025-09-03 12:20:48.935471,2025-09-04 17:59:48.935471,2025-09-04 18:10:48.935471
case_62,Release Supplier's Invoice,Pedro Alvares,2025-09-04 14:16:48.935471,2025-09-04 19:02:48.935471,2025-09-04 19:06:48.935471
case_62,Authorize Supplier's Invoice payment,Karalda Nimwada,2025-09-04 19:06:48.935471,2025-09-04 19:06:48.935471,2025-09-04 19:06:48.935471
case_78,Send Request for Quotation to Supplier,Francois de Perrier,2025-09-04 18:10:48.935471,2025-09-04 20:02:48.935471,2025-09-04 20:18:48.935471
case_62,Pay invoice,Pedro Alvares,2025-09-04 19:06:48.935471,2025-09-04 20:11:48.935471,2025-09-04 20:21:48.935471
case_73,Settle conditions with supplier,Francois de Perrier,2025-09-04 08:49:48.935471,2025-09-04 20:53:48.935471,2025-09-05 07:54:48.935471
case_66,Release Purchase Order,Nico Ojenbeer,2025-09-04 20:50:48.935471,2025-09-04 22:27:48.935471,2025-09-04 22:27:48.935471
case_80,Release Purchase Order,Immanuel Karagianni,2025-09-04 12:56:48.935471,2025-09-04 23:07:48.935471,2025-09-04 23:07:48.935471
case_80,Approve Purchase Order for payment,Karel de Groot,2025-09-04 23:07:48.935471,2025-09-04 23:30:48.935471,2025-09-04 23:30:48.935471
case_96,Analyze Request for Quotation,Magdalena Predutta,2025-09-03 22:20:48.935471,2025-09-04 23:42:48.935471,2025-09-04 23:51:48.935471
case_83,Analyze Request for Quotation,Magdalena Predutta,2025-08-30 00:12:48.935471,2025-09-05 00:28:48.935471,2025-09-05 00:56:48.935471
case_71,Deliver Goods Services,Kiu Kan,2025-09-03 17:01:48.935471,2025-09-05 00:29:48.935471,2025-09-05 02:48:48.935471
case_56,Release Purchase Order,Kim Passa,2025-09-04 20:06:48.935471,2025-09-05 01:02:48.935471,2025-09-05 01:02:48.935471
case_83,Amend Request for Quotation Requester,Anne Olwada,2025-09-05 00:56:48.935471,2025-09-05 01:58:48.935471,2025-09-05 03:12:48.935471
case_78,Create Quotation comparison Map,Karel de Groot,2025-09-04 20:18:48.935471,2025-09-05 02:38:48.935471,2025-09-05 03:40:48.935471
case_71,Release Purchase Order,Christian Francois,2025-09-05 02:48:48.935471,2025-09-05 04:01:48.935471,2025-09-05 04:01:48.935471
case_96,Send Request for Quotation to Supplier,Karel de Groot,2025-09-04 23:51:48.935471,2025-09-05 04:29:48.935471,2025-09-05 04:49:48.935471
case_75,Create Purchase Order,Francois de Perrier,2025-09-02 21:23:48.935471,2025-09-05 05:07:48.935471,2025-09-05 05:13:48.935471
case_78,Analyze Quotation comparison Map,Anne Olwada,2025-09-05 03:40:48.935471,2025-09-05 05:27:48.935471,2025-09-05 05:50:48.935471
case_78,Choose best option,Miu Hanwan,2025-09-05 05:50:48.935471,2025-09-05 06:08:48.935471,2025-09-05 06:08:48.935471
case_96,Create Quotation comparison Map,Magdalena Predutta,2025-09-05 04:49:48.935471,2025-09-05 06:57:48.935471,2025-09-05 10:20:48.935471
case_48,Confirm Purchase Order,Carmen Finacse,2025-09-04 03:23:48.935471,2025-09-05 07:00:48.935471,2025-09-05 07:01:48.935471
case_99,Send Request for Quotation to Supplier,Karel de Groot,2025-09-04 05:12:48.935471,2025-09-05 07:24:48.935471,2025-09-05 07:50:48.935471
case_78,Settle conditions with supplier,Francois de Perrier,2025-09-05 06:08:48.935471,2025-09-05 11:14:48.935471,2025-09-05 18:31:48.935471
case_75,Confirm Purchase Order,Carmen Finacse,2025-09-05 05:13:48.935471,2025-09-05 11:23:48.935471,2025-09-05 11:43:48.935471
case_64,Send invoice,Karen Clarens,2025-09-02 22:46:48.935471,2025-09-05 11:47:48.935471,2025-09-05 11:47:48.935471
case_74,Release Purchase Order,Penn Osterwalder,2025-09-05 07:05:48.935471,2025-09-05 12:10:48.935471,2025-09-05 12:10:48.935471
case_100,Analyze Purchase Requisition,Heinz Gutschmidt,2025-09-03 15:48:48.935471,2025-09-05 13:59:48.935471,2025-09-05 14:03:48.935471
case_64,Release Supplier's Invoice,Karalda Nimwada,2025-09-05 11:47:48.935471,2025-09-05 14:01:48.935471,2025-09-05 14:06:48.935471
case_73,Create Purchase Order,Karel de Groot,2025-09-05 07:54:48.935471,2025-09-05 14:09:48.935471,2025-09-05 14:19:48.935471
case_85,Create Quotation comparison Map,Karel de Groot,2025-09-02 06:22:48.935471,2025-09-05 15:16:48.935471,2025-09-05 15:18:48.935471
case_64,Authorize Supplier's Invoice payment,Karalda Nimwada,2025-09-05 14:06:48.935471,2025-09-05 15:29:48.935471,2025-09-05 15:29:48.935471
case_95,Release Purchase Order,Alberto Duport,2025-09-05 13:53:48.935471,2025-09-05 15:57:48.935471,2025-09-05 15:57:48.935471
case_71,Approve Purchase Order for payment,Francois de Perrier,2025-09-05 04:01:48.935471,2025-09-05 16:05:48.935471,2025-09-05 16:05:48.935471
case_85,Analyze Quotation comparison Map,Anne Olwada,2025-09-05 15:18:48.935471,2025-09-05 17:05:48.935471,2025-09-05 17:37:48.935471
case_95,Approve Purchase Order for payment,Karel de Groot,2025-09-05 15:57:48.935471,2025-09-05 19:12:48.935471,2025-09-05 19:12:48.935471
case_78,Create Purchase Order,Karel de Groot,2025-09-05 18:31:48.935471,2025-09-05 19:59:48.935471,2025-09-05 20:08:48.935471
case_64,Pay invoice,Karalda Nimwada,2025-09-05 15:29:48.935471,2025-09-05 21:00:48.935471,2025-09-05 21:08:48.935471
case_96,Analyze Quotation comparison Map,Miu Hanwan,2025-09-05 10:20:48.935471,2025-09-05 22:01:48.935471,2025-09-05 22:22:48.935471
case_85,Choose best option,Christian Francois,2025-09-05 17:37:48.935471,2025-09-05 22:41:48.935471,2025-09-05 22:41:48.935471
case_92,Analyze Request for Quotation,Magdalena Predutta,2025-08-31 23:36:48.935471,2025-09-05 23:08:48.935471,2025-09-05 23:36:48.935471
case_100,Create Request for Quotation Requester Manager,Maris Freeman,2025-09-05 14:03:48.935471,2025-09-06 00:02:48.935471,2025-09-06 00:04:48.935471
case_96,Choose best option,Immanuel Karagianni,2025-09-05 22:22:48.935471,2025-09-06 02:03:48.935471,2025-09-06 02:03:48.935471
case_75,Deliver Goods Services,Karen Clarens,2025-09-05 11:43:48.935471,2025-09-06 02:50:48.935471,2025-09-06 05:18:48.935471
case_91,Confirm Purchase Order,Sean Manney,2025-09-04 02:10:48.935471,2025-09-06 03:11:48.935471,2025-09-06 03:23:48.935471
case_67,Send invoice,Esmeralda Clay,2025-09-04 11:11:48.935471,2025-09-06 03:28:48.935471,2025-09-06 03:28:48.935471
case_67,Release Supplier's Invoice,Karalda Nimwada,2025-09-06 03:28:48.935471,2025-09-06 03:41:48.935471,2025-09-06 03:45:48.935471
case_67,Authorize Supplier's Invoice payment,Pedro Alvares,2025-09-06 03:45:48.935471,2025-09-06 03:57:48.935471,2025-09-06 03:57:48.935471
case_83,Analyze Request for Quotation,Karel de Groot,2025-09-05 03:12:48.935471,2025-09-06 04:24:48.935471,2025-09-06 04:54:48.935471
case_99,Create Quotation comparison Map,Karel de Groot,2025-09-05 07:50:48.935471,2025-09-06 04:48:48.935471,2025-09-06 06:38:48.935471
case_67,Pay invoice,Pedro Alvares,2025-09-06 03:57:48.935471,2025-09-06 04:55:48.935471,2025-09-06 06:01:48.935471
case_99,Analyze Quotation comparison Map,Tesca Lobes,2025-09-06 06:38:48.935471,2025-09-06 06:43:48.935471,2025-09-06 07:24:48.935471
case_78,Confirm Purchase Order,Carmen Finacse,2025-09-05 20:08:48.935471,2025-09-06 06:48:48.935471,2025-09-06 06:49:48.935471
case_63,Deliver Goods Services,Kiu Kan,2025-09-03 17:26:48.935471,2025-09-06 07:20:48.935471,2025-09-07 20:54:48.935471
case_99,Choose best option,Alberto Duport,2025-09-06 07:24:48.935471,2025-09-06 07:38:48.935471,2025-09-06 07:38:48.935471
case_75,Release Purchase Order,Tesca Lobes,2025-09-06 05:18:48.935471,2025-09-06 07:46:48.935471,2025-09-06 07:46:48.935471
case_66,Approve Purchase Order for payment,Francois de Perrier,2025-09-04 22:27:48.935471,2025-09-06 07:47:48.935471,2025-09-06 07:47:48.935471
case_77,Confirm Purchase Order,Kiu Kan,2025-09-02 07:59:48.935471,2025-09-06 08:14:48.935471,2025-09-06 08:48:48.935471
case_96,Settle conditions with supplier,Francois de Perrier,2025-09-06 02:03:48.935471,2025-09-06 08:39:48.935471,2025-09-06 13:56:48.935471
case_80,Send invoice,Kiu Kan,2025-09-04 23:30:48.935471,2025-09-06 09:11:48.935471,2025-09-06 09:11:48.935471
case_80,Release Supplier's Invoice,Pedro Alvares,2025-09-06 09:11:48.935471,2025-09-06 09:16:48.935471,2025-09-06 09:19:48.935471
case_48,Deliver Goods Services,Esmeralda Clay,2025-09-05 07:01:48.935471,2025-09-06 11:52:48.935471,2025-09-07 02:34:48.935471
case_99,Settle conditions with supplier,Magdalena Predutta,2025-09-06 07:38:48.935471,2025-09-06 12:37:48.935471,2025-09-06 17:50:48.935471
case_85,Settle conditions with supplier,Magdalena Predutta,2025-09-05 22:41:48.935471,2025-09-06 12:59:48.935471,2025-09-06 19:29:48.935471
case_100,Analyze Request for Quotation,Francois de Perrier,2025-09-06 00:04:48.935471,2025-09-06 13:12:48.935471,2025-09-06 13:19:48.935471
case_80,Authorize Supplier's Invoice payment,Karalda Nimwada,2025-09-06 09:19:48.935471,2025-09-06 14:55:48.935471,2025-09-06 14:55:48.935471
case_65,Send invoice,Carmen Finacse,2025-09-04 15:27:48.935471,2025-09-06 15:48:48.935471,2025-09-06 15:48:48.935471
case_80,Pay invoice,Karalda Nimwada,2025-09-06 14:55:48.935471,2025-09-06 16:34:48.935471,2025-09-06 16:40:48.935471
case_58,Release Purchase Order,Kim Passa,2025-09-06 10:26:48.935471,2025-09-06 16:38:48.935471,2025-09-06 16:38:48.935471
case_83,Send Request for Quotation to Supplier,Karel de Groot,2025-09-06 04:54:48.935471,2025-09-06 17:16:48.935471,2025-09-06 17:34:48.935471
case_65,Release Supplier's Invoice,Pedro Alvares,2025-09-06 15:48:48.935471,2025-09-06 18:39:48.935471,2025-09-06 18:42:48.935471
case_85,Create Purchase Order,Magdalena Predutta,2025-09-06 19:29:48.935471,2025-09-06 22:35:48.935471,2025-09-06 22:44:48.935471
case_73,Confirm Purchase Order,Sean Manney,2025-09-05 14:19:48.935471,2025-09-06 23:10:48.935471,2025-09-06 23:39:48.935471
case_99,Create Purchase Order,Francois de Perrier,2025-09-06 17:50:48.935471,2025-09-06 23:43:48.935471,2025-09-06 23:50:48.935471
case_65,Authorize Supplier's Invoice payment,Karalda Nimwada,2025-09-06 18:42:48.935471,2025-09-07 00:35:48.935471,2025-09-07 00:35:48.935471
case_72,Approve Purchase Order for payment,Francois de Perrier,2025-09-01 22:01:48.935471,2025-09-07 01:25:48.935471,2025-09-07 01:25:48.935471
case_75,Approve Purchase Order for payment,Magdalena Predutta,2025-09-06 07:46:48.935471,2025-09-07 02:52:48.935471,2025-09-07 02:52:48.935471
case_48,Release Purchase Order,Fjodor Kowalski,2025-09-07 02:34:48.935471,2025-09-07 03:02:48.935471,2025-09-07 03:02:48.935471
case_75,Send invoice,Sean Manney,2025-09-07 02:52:48.935471,2025-09-07 05:59:48.935471,2025-09-07 05:59:48.935471
case_58,Approve Purchase Order for payment,Magdalena Predutta,2025-09-06 16:38:48.935471,2025-09-07 06:28:48.935471,2025-09-07 06:28:48.935471
case_81,Create Quotation comparison Map,Magdalena Predutta,2025-09-01 08:57:48.935471,2025-09-07 08:13:48.935471,2025-09-07 08:15:48.935471
case_87,Deliver Goods Services,Sean Manney,2025-09-03 09:37:48.935471,2025-09-07 08:29:48.935471,2025-09-08 19:08:48.935471
case_56,Approve Purchase Order for payment,Francois de Perrier,2025-09-05 01:02:48.935471,2025-09-07 08:46:48.935471,2025-09-07 08:46:48.935471
case_65,Pay invoice,Pedro Alvares,2025-09-07 00:35:48.935471,2025-09-07 09:08:48.935471,2025-09-07 09:14:48.935471
case_81,Analyze Quotation comparison Map,Fjodor Kowalski,2025-09-07 08:15:48.935471,2025-09-07 10:21:48.935471,2025-09-07 10:31:48.935471
case_75,Release Supplier's Invoice,Pedro Alvares,2025-09-07 05:59:48.935471,2025-09-07 10:30:48.935471,2025-09-07 10:35:48.935471
case_85,Confirm Purchase Order,Carmen Finacse,2025-09-06 22:44:48.935471,2025-09-07 11:41:48.935471,2025-09-07 11:41:48.935471
case_81,Choose best option,Miu Hanwan,2025-09-07 10:31:48.935471,2025-09-07 14:16:48.935471,2025-09-07 14:16:48.935471
case_96,Create Purchase Order,Magdalena Predutta,2025-09-06 13:56:48.935471,2025-09-07 14:39:48.935471,2025-09-07 14:48:48.935471
case_94,Create Quotation comparison Map,Magdalena Predutta,2025-09-01 16:32:48.935471,2025-09-07 15:48:48.935471,2025-09-07 20:14:48.935471
case_58,Send invoice,Sean Manney,2025-09-07 06:28:48.935471,2025-09-07 15:57:48.935471,2025-09-07 15:57:48.935471
case_76,Confirm Purchase Order,Sean Manney,2025-09-04 04:33:48.935471,2025-09-07 17:00:48.935471,2025-09-07 19:27:48.935471
case_75,Settle dispute with supplier Financial Manager,Pedro Alvares,2025-09-07 10:35:48.935471,2025-09-07 17:31:48.935471,2025-09-07 17:59:48.935471
case_75,Authorize Supplier's Invoice payment,Karalda Nimwada,2025-09-07 17:59:48.935471,2025-09-07 19:03:48.935471,2025-09-07 19:03:48.935471
case_71,Send invoice,Sean Manney,2025-09-05 16:05:48.935471,2025-09-07 19:44:48.935471,2025-09-07 19:44:48.935471
case_48,Approve Purchase Order for payment,Francois de Perrier,2025-09-07 03:02:48.935471,2025-09-07 20:04:48.935471,2025-09-07 20:04:48.935471
case_75,Pay invoice,Karalda Nimwada,2025-09-07 19:03:48.935471,2025-09-07 21:17:48.935471,2025-09-07 21:31:48.935471
case_71,Release Supplier's Invoice,Pedro Alvares,2025-09-07 19:44:48.935471,2025-09-07 21:20:48.935471,2025-09-07 21:26:48.935471
case_58,Release Supplier's Invoice,Karalda Nimwada,2025-09-07 15:57:48.935471,2025-09-07 21:41:48.935471,2025-09-07 21:47:48.935471
case_58,Authorize Supplier's Invoice payment,Pedro Alvares,2025-09-07 21:47:48.935471,2025-09-07 22:24:48.935471,2025-09-07 22:24:48.935471
case_96,Confirm Purchase Order,Karen Clarens,2025-09-07 14:48:48.935471,2025-09-07 22:57:48.935471,2025-09-07 23:21:48.935471
case_63,Release Purchase Order,Christian Francois,2025-09-07 20:54:48.935471,2025-09-08 00:13:48.935471,2025-09-08 00:13:48.935471
case_48,Send invoice,Kiu Kan,2025-09-07 20:04:48.935471,2025-09-08 01:12:48.935471,2025-09-08 01:12:48.935471
case_48,Release Supplier's Invoice,Karalda Nimwada,2025-09-08 01:12:48.935471,2025-09-08 01:40:48.935471,2025-09-08 01:46:48.935471
case_94,Analyze Quotation comparison Map,Kim Passa,2025-09-07 20:14:48.935471,2025-09-08 02:01:48.935471,2025-09-08 02:32:48.935471
case_71,Settle dispute with supplier Financial Manager,Pedro Alvares,2025-09-07 21:26:48.935471,2025-09-08 02:10:48.935471,2025-09-08 02:30:48.935471
case_82,Confirm Purchase Order,Kiu Kan,2025-09-03 01:29:48.935471,2025-09-08 02:15:48.935471,2025-09-08 02:16:48.935471
case_48,Authorize Supplier's Invoice payment,Pedro Alvares,2025-09-08 01:46:48.935471,2025-09-08 02:31:48.935471,2025-09-08 02:31:48.935471
case_94,Choose best option,Penn Osterwalder,2025-09-08 02:32:48.935471,2025-09-08 04:17:48.935471,2025-09-08 04:17:48.935471
case_48,Pay invoice,Pedro Alvares,2025-09-08 02:31:48.935471,2025-09-08 06:09:48.935471,2025-09-08 06:17:48.935471
case_58,Pay invoice,Pedro Alvares,2025-09-07 22:24:48.935471,2025-09-08 06:23:48.935471,2025-09-08 06:37:48.935471
case_99,Confirm Purchase Order,Carmen Finacse,2025-09-06 23:50:48.935471,2025-09-08 08:47:48.935471,2025-09-08 09:15:48.935471
case_63,Approve Purchase Order for payment,Karel de Groot,2025-09-08 00:13:48.935471,2025-09-08 08:58:48.935471,2025-09-08 08:58:48.935471
case_71,Authorize Supplier's Invoice payment,Karalda Nimwada,2025-09-08 02:30:48.935471,2025-09-08 10:30:48.935471,2025-09-08 10:30:48.935471
case_71,Pay invoice,Karalda Nimwada,2025-09-08 10:30:48.935471,2025-09-08 12:28:48.935471,2025-09-08 12:36:48.935471
case_76,Deliver Goods Services,Esmeralda Clay,2025-09-07 19:27:48.935471,2025-09-08 15:27:48.935471,2025-09-08 22:55:48.935471
case_56,Send invoice,Carmen Finacse,2025-09-07 08:46:48.935471,2025-09-08 15:34:48.935471,2025-09-08 15:34:48.935471
case_56,Release Supplier's Invoice,Pedro Alvares,2025-09-08 15:34:48.935471,2025-09-08 16:55:48.935471,2025-09-08 16:59:48.935471
case_81,Settle conditions with supplier,Karel de Groot,2025-09-07 14:16:48.935471,2025-09-08 18:41:48.935471,2025-09-09 03:38:48.935471
case_56,Authorize Supplier's Invoice payment,Pedro Alvares,2025-09-08 16:59:48.935471,2025-09-08 19:08:48.935471,2025-09-08 19:08:48.935471
case_56,Pay invoice,Karalda Nimwada,2025-09-08 19:08:48.935471,2025-09-08 19:29:48.935471,2025-09-08 19:33:48.935471
case_82,Deliver Goods Services,Carmen Finacse,2025-09-08 02:16:48.935471,2025-09-08 21:34:48.935471,2025-09-09 14:39:48.935471
case_87,Release Purchase Order,Tesca Lobes,2025-09-08 19:08:48.935471,2025-09-08 22:02:48.935471,2025-09-08 22:02:48.935471
case_76,Release Purchase Order,Miu Hanwan,2025-09-08 22:55:48.935471,2025-09-09 04:04:48.935471,2025-09-09 04:04:48.935471
case_87,Approve Purchase Order for payment,Magdalena Predutta,2025-09-08 22:02:48.935471,2025-09-09 05:13:48.935471,2025-09-09 05:13:48.935471
case_99,Deliver Goods Services,Kiu Kan,2025-09-08 09:15:48.935471,2025-09-09 05:37:48.935471,2025-09-09 15:57:48.935471
case_81,Create Purchase Order,Francois de Perrier,2025-09-09 03:38:48.935471,2025-09-09 06:16:48.935471,2025-09-09 06:26:48.935471
case_76,Approve Purchase Order for payment,Karel de Groot,2025-09-09 04:04:48.935471,2025-09-09 07:25:48.935471,2025-09-09 07:25:48.935471
case_95,Send invoice,Carmen Finacse,2025-09-05 19:12:48.935471,2025-09-09 08:24:48.935471,2025-09-09 08:24:48.935471
case_78,Deliver Goods Services,Kiu Kan,2025-09-06 06:49:48.935471,2025-09-09 08:34:48.935471,2025-09-09 10:24:48.935471
case_94,Settle conditions with supplier,Magdalena Predutta,2025-09-08 04:17:48.935471,2025-09-09 09:58:48.935471,2025-09-09 16:10:48.935471
case_96,Deliver Goods Services,Sean Manney,2025-09-07 23:21:48.935471,2025-09-09 10:04:48.935471,2025-09-10 08:33:48.935471
case_91,Deliver Goods Services,Kiu Kan,2025-09-06 03:23:48.935471,2025-09-09 10:11:48.935471,2025-09-09 18:52:48.935471
case_95,Release Supplier's Invoice,Karalda Nimwada,2025-09-09 08:24:48.935471,2025-09-09 10:17:48.935471,2025-09-09 10:21:48.935471
case_66,Send invoice,Karen Clarens,2025-09-06 07:47:48.935471,2025-09-09 11:33:48.935471,2025-09-09 11:33:48.935471
case_81,Confirm Purchase Order,Esmeralda Clay,2025-09-09 06:26:48.935471,2025-09-09 12:24:48.935471,2025-09-09 12:32:48.935471
case_95,Authorize Supplier's Invoice payment,Karalda Nimwada,2025-09-09 10:21:48.935471,2025-09-09 13:17:48.935471,2025-09-09 13:17:48.935471
case_78,Release Purchase Order,Kim Passa,2025-09-09 10:24:48.935471,2025-09-09 13:29:48.935471,2025-09-09 13:29:48.935471
case_95,Pay invoice,Pedro Alvares,2025-09-09 13:17:48.935471,2025-09-09 13:40:48.935471,2025-09-09 13:52:48.935471
case_66,Release Supplier's Invoice,Karalda Nimwada,2025-09-09 11:33:48.935471,2025-09-09 13:54:48.935471,2025-09-09 13:57:48.935471
case_66,Authorize Supplier's Invoice payment,Pedro Alvares,2025-09-09 13:57:48.935471,2025-09-09 14:01:48.935471,2025-09-09 14:01:48.935471
case_85,Deliver Goods Services,Sean Manney,2025-09-07 11:41:48.935471,2025-09-09 14:34:48.935471,2025-09-12 01:39:48.935471
case_66,Pay invoice,Pedro Alvares,2025-09-09 14:01:48.935471,2025-09-09 14:36:48.935471,2025-09-09 14:50:48.935471
case_78,Approve Purchase Order for payment,Karel de Groot,2025-09-09 13:29:48.935471,2025-09-09 16:38:48.935471,2025-09-09 16:38:48.935471
case_99,Release Purchase Order,Immanuel Karagianni,2025-09-09 15:57:48.935471,2025-09-09 17:07:48.935471,2025-09-09 17:07:48.935471
case_87,Send invoice,Kiu Kan,2025-09-09 05:13:48.935471,2025-09-09 18:25:48.935471,2025-09-09 18:25:48.935471
case_87,Release Supplier's Invoice,Pedro Alvares,2025-09-09 18:25:48.935471,2025-09-09 19:30:48.935471,2025-09-09 19:34:48.935471
case_82,Release Purchase Order,Anne Olwada,2025-09-09 14:39:48.935471,2025-09-09 19:47:48.935471,2025-09-09 19:47:48.935471
case_87,Authorize Supplier's Invoice payment,Pedro Alvares,2025-09-09 19:34:48.935471,2025-09-09 20:22:48.935471,2025-09-09 20:22:48.935471
case_91,Release Purchase Order,Alberto Duport,2025-09-09 18:52:48.935471,2025-09-09 21:15:48.935471,2025-09-09 21:15:48.935471
case_82,Approve Purchase Order for payment,Francois de Perrier,2025-09-09 19:47:48.935471,2025-09-09 22:15:48.935471,2025-09-09 22:15:48.935471
case_93,Analyze Request for Quotation,Francois de Perrier,2025-09-01 08:21:48.935471,2025-09-09 22:42:48.935471,2025-09-09 23:08:48.935471
case_94,Create Purchase Order,Karel de Groot,2025-09-09 16:10:48.935471,2025-09-09 23:01:48.935471,2025-09-09 23:09:48.935471
case_87,Pay invoice,Karalda Nimwada,2025-09-09 20:22:48.935471,2025-09-09 23:06:48.935471,2025-09-09 23:16:48.935471
case_91,Settle dispute with supplier Purchasing Agent,Karel de Groot,2025-09-09 21:15:48.935471,2025-09-10 02:36:48.935471,2025-09-10 11:20:48.935471
case_77,Deliver Goods Services,Esmeralda Clay,2025-09-06 08:48:48.935471,2025-09-10 02:36:48.935471,2025-09-11 13:52:48.935471
case_98,Send Request for Quotation to Supplier,Francois de Perrier,2025-09-02 10:07:48.935471,2025-09-10 05:41:48.935471,2025-09-10 06:02:48.935471
case_73,Deliver Goods Services,Carmen Finacse,2025-09-06 23:39:48.935471,2025-09-10 08:24:48.935471,2025-09-11 13:49:48.935471
case_81,Deliver Goods Services,Karen Clarens,2025-09-09 12:32:48.935471,2025-09-10 10:07:48.935471,2025-09-11 16:32:48.935471
case_94,Confirm Purchase Order,Sean Manney,2025-09-09 23:09:48.935471,2025-09-10 10:38:48.935471,2025-09-10 10:52:48.935471
case_78,Send invoice,Karen Clarens,2025-09-09 16:38:48.935471,2025-09-10 12:54:48.935471,2025-09-10 12:54:48.935471
case_91,Release Purchase Order,Miu Hanwan,2025-09-10 11:20:48.935471,2025-09-10 13:14:48.935471,2025-09-10 13:14:48.935471
case_83,Create Quotation comparison Map,Magdalena Predutta,2025-09-06 17:34:48.935471,2025-09-10 13:38:48.935471,2025-09-10 19:56:48.935471
case_82,Send invoice,Kiu Kan,2025-09-09 22:15:48.935471,2025-09-10 15:48:48.935471,2025-09-10 15:48:48.935471
case_82,Release Supplier's Invoice,Karalda Nimwada,2025-09-10 15:48:48.935471,2025-09-10 16:48:48.935471,2025-09-10 16:53:48.935471
case_96,Release Purchase Order,Anne Olwada,2025-09-10 08:33:48.935471,2025-09-10 16:52:48.935471,2025-09-10 16:52:48.935471
case_78,Release Supplier's Invoice,Karalda Nimwada,2025-09-10 12:54:48.935471,2025-09-10 17:04:48.935471,2025-09-10 17:06:48.935471
case_82,Authorize Supplier's Invoice payment,Pedro Alvares,2025-09-10 16:53:48.935471,2025-09-10 17:32:48.935471,2025-09-10 17:32:48.935471
case_82,Pay invoice,Karalda Nimwada,2025-09-10 17:32:48.935471,2025-09-10 18:58:48.935471,2025-09-10 19:05:48.935471
case_78,Authorize Supplier's Invoice payment,Karalda Nimwada,2025-09-10 17:06:48.935471,2025-09-10 19:20:48.935471,2025-09-10 19:20:48.935471
case_99,Approve Purchase Order for payment,Karel de Groot,2025-09-09 17:07:48.935471,2025-09-10 20:52:48.935471,2025-09-10 20:52:48.935471
case_83,Analyze Quotation comparison Map,Fjodor Kowalski,2025-09-10 19:56:48.935471,2025-09-10 22:21:48.935471,2025-09-10 22:34:48.935471
case_83,Choose best option,Nico Ojenbeer,2025-09-10 22:34:48.935471,2025-09-11 00:03:48.935471,2025-09-11 00:03:48.935471
case_63,Send invoice,Sean Manney,2025-09-08 08:58:48.935471,2025-09-11 00:44:48.935471,2025-09-11 00:44:48.935471
case_78,Pay invoice,Karalda Nimwada,2025-09-10 19:20:48.935471,2025-09-11 02:42:48.935471,2025-09-11 02:50:48.935471
case_63,Release Supplier's Invoice,Karalda Nimwada,2025-09-11 00:44:48.935471,2025-09-11 03:17:48.935471,2025-09-11 03:21:48.935471
case_91,Approve Purchase Order for payment,Magdalena Predutta,2025-09-10 13:14:48.935471,2025-09-11 04:04:48.935471,2025-09-11 04:04:48.935471
case_98,Create Quotation comparison Map,Magdalena Predutta,2025-09-10 06:02:48.935471,2025-09-11 04:43:48.935471,2025-09-11 09:06:48.935471
case_63,Authorize Supplier's Invoice payment,Karalda Nimwada,2025-09-11 03:21:48.935471,2025-09-11 06:10:48.935471,2025-09-11 06:10:48.935471
case_91,Send invoice,Karen Clarens,2025-09-11 04:04:48.935471,2025-09-11 06:15:48.935471,2025-09-11 06:15:48.935471
case_96,Approve Purchase Order for payment,Francois de Perrier,2025-09-10 16:52:48.935471,2025-09-11 09:02:48.935471,2025-09-11 09:02:48.935471
case_83,Settle conditions with supplier,Magdalena Predutta,2025-09-11 00:03:48.935471,2025-09-11 09:09:48.935471,2025-09-11 17:01:48.935471
case_63,Pay invoice,Pedro Alvares,2025-09-11 06:10:48.935471,2025-09-11 09:15:48.935471,2025-09-11 09:19:48.935471
case_98,Analyze Quotation comparison Map,Fjodor Kowalski,2025-09-11 09:06:48.935471,2025-09-11 09:46:48.935471,2025-09-11 10:05:48.935471
case_91,Release Supplier's Invoice,Pedro Alvares,2025-09-11 06:15:48.935471,2025-09-11 09:53:48.935471,2025-09-11 09:58:48.935471
case_91,Authorize Supplier's Invoice payment,Pedro Alvares,2025-09-11 09:58:48.935471,2025-09-11 10:21:48.935471,2025-09-11 10:21:48.935471
case_91,Pay invoice,Karalda Nimwada,2025-09-11 10:21:48.935471,2025-09-11 10:49:48.935471,2025-09-11 12:01:48.935471
case_76,Send invoice,Sean Manney,2025-09-09 07:25:48.935471,2025-09-11 12:59:48.935471,2025-09-11 12:59:48.935471
case_76,Release Supplier's Invoice,Karalda Nimwada,2025-09-11 12:59:48.935471,2025-09-11 13:39:48.935471,2025-09-11 13:42:48.935471
case_98,Choose best option,Nico Ojenbeer,2025-09-11 10:05:48.935471,2025-09-11 14:14:48.935471,2025-09-11 14:14:48.935471
case_73,Release Purchase Order,Christian Francois,2025-09-11 13:49:48.935471,2025-09-11 15:09:48.935471,2025-09-11 15:09:48.935471
case_77,Release Purchase Order,Penn Osterwalder,2025-09-11 13:52:48.935471,2025-09-11 15:57:48.935471,2025-09-11 15:57:48.935471
case_94,Deliver Goods Services,Sean Manney,2025-09-10 10:52:48.935471,2025-09-11 18:00:48.935471,2025-09-12 04:59:48.935471
case_76,Authorize Supplier's Invoice payment,Karalda Nimwada,2025-09-11 13:42:48.935471,2025-09-11 18:47:48.935471,2025-09-11 18:47:48.935471
case_76,Pay invoice,Pedro Alvares,2025-09-11 18:47:48.935471,2025-09-11 19:26:48.935471,2025-09-11 19:35:48.935471
case_77,Approve Purchase Order for payment,Karel de Groot,2025-09-11 15:57:48.935471,2025-09-12 00:07:48.935471,2025-09-12 00:07:48.935471
case_81,Release Purchase Order,Christian Francois,2025-09-11 16:32:48.935471,2025-09-12 01:40:48.935471,2025-09-12 01:40:48.935471
case_85,Release Purchase Order,Tesca Lobes,2025-09-12 01:39:48.935471,2025-09-12 01:47:48.935471,2025-09-12 01:47:48.935471
case_72,Send invoice,Sean Manney,2025-09-07 01:25:48.935471,2025-09-12 05:04:48.935471,2025-09-12 05:04:48.935471
case_72,Release Supplier's Invoice,Karalda Nimwada,2025-09-12 05:04:48.935471,2025-09-12 05:32:48.935471,2025-09-12 05:35:48.935471
case_81,Approve Purchase Order for payment,Francois de Perrier,2025-09-12 01:40:48.935471,2025-09-12 07:35:48.935471,2025-09-12 07:35:48.935471
case_72,Settle dispute with supplier Financial Manager,Karalda Nimwada,2025-09-12 05:35:48.935471,2025-09-12 09:31:48.935471,2025-09-12 09:47:48.935471
case_96,Send invoice,Esmeralda Clay,2025-09-11 09:02:48.935471,2025-09-12 09:33:48.935471,2025-09-12 09:33:48.935471
case_72,Authorize Supplier's Invoice payment,Karalda Nimwada,2025-09-12 09:47:48.935471,2025-09-12 11:54:48.935471,2025-09-12 11:54:48.935471
case_72,Pay invoice,Pedro Alvares,2025-09-12 11:54:48.935471,2025-09-12 14:23:48.935471,2025-09-12 14:27:48.935471
case_94,Release Purchase Order,Immanuel Karagianni,2025-09-12 04:59:48.935471,2025-09-12 15:01:48.935471,2025-09-12 15:01:48.935471
case_96,Release Supplier's Invoice,Pedro Alvares,2025-09-12 09:33:48.935471,2025-09-12 15:29:48.935471,2025-09-12 15:32:48.935471
case_96,Authorize Supplier's Invoice payment,Pedro Alvares,2025-09-12 15:32:48.935471,2025-09-12 17:52:48.935471,2025-09-12 17:52:48.935471
case_96,Pay invoice,Pedro Alvares,2025-09-12 17:52:48.935471,2025-09-12 18:11:48.935471,2025-09-12 18:12:48.935471
case_89,Analyze Request for Quotation,Francois de Perrier,2025-09-03 01:01:48.935471,2025-09-12 21:42:48.935471,2025-09-12 21:53:48.935471
case_77,Send invoice,Kiu Kan,2025-09-12 00:07:48.935471,2025-09-13 01:11:48.935471,2025-09-13 01:11:48.935471
case_99,Send invoice,Esmeralda Clay,2025-09-10 20:52:48.935471,2025-09-13 02:51:48.935471,2025-09-13 02:51:48.935471
case_99,Release Supplier's Invoice,Pedro Alvares,2025-09-13 02:51:48.935471,2025-09-13 03:08:48.935471,2025-09-13 03:12:48.935471
case_99,Settle dispute with supplier Financial Manager,Pedro Alvares,2025-09-13 03:12:48.935471,2025-09-13 04:26:48.935471,2025-09-13 04:39:48.935471
case_77,Release Supplier's Invoice,Pedro Alvares,2025-09-13 01:11:48.935471,2025-09-13 06:10:48.935471,2025-09-13 06:13:48.935471
case_74,Approve Purchase Order for payment,Francois de Perrier,2025-09-05 12:10:48.935471,2025-09-13 06:44:48.935471,2025-09-13 06:44:48.935471
case_77,Settle dispute with supplier Financial Manager,Karalda Nimwada,2025-09-13 06:13:48.935471,2025-09-13 07:40:48.935471,2025-09-13 08:01:48.935471
case_99,Authorize Supplier's Invoice payment,Pedro Alvares,2025-09-13 04:39:48.935471,2025-09-13 08:18:48.935471,2025-09-13 08:18:48.935471
case_77,Authorize Supplier's Invoice payment,Pedro Alvares,2025-09-13 08:01:48.935471,2025-09-13 11:09:48.935471,2025-09-13 11:09:48.935471
case_85,Approve Purchase Order for payment,Magdalena Predutta,2025-09-12 01:47:48.935471,2025-09-13 11:34:48.935471,2025-09-13 11:34:48.935471
case_74,Send invoice,Esmeralda Clay,2025-09-13 06:44:48.935471,2025-09-13 12:52:48.935471,2025-09-13 12:52:48.935471
case_99,Pay invoice,Karalda Nimwada,2025-09-13 08:18:48.935471,2025-09-13 13:14:48.935471,2025-09-13 13:25:48.935471
case_77,Pay invoice,Karalda Nimwada,2025-09-13 11:09:48.935471,2025-09-13 14:33:48.935471,2025-09-13 14:36:48.935471
case_74,Release Supplier's Invoice,Pedro Alvares,2025-09-13 12:52:48.935471,2025-09-13 16:09:48.935471,2025-09-13 16:13:48.935471
case_74,Settle dispute with supplier Financial Manager,Pedro Alvares,2025-09-13 16:13:48.935471,2025-09-13 16:18:48.935471,2025-09-13 16:40:48.935471
case_74,Authorize Supplier's Invoice payment,Karalda Nimwada,2025-09-13 16:40:48.935471,2025-09-13 20:14:48.935471,2025-09-13 20:14:48.935471
case_74,Pay invoice,Pedro Alvares,2025-09-13 20:14:48.935471,2025-09-13 21:05:48.935471,2025-09-13 21:11:48.935471
case_94,Approve Purchase Order for payment,Karel de Groot,2025-09-12 15:01:48.935471,2025-09-13 23:08:48.935471,2025-09-13 23:08:48.935471
case_98,Settle conditions with supplier,Magdalena Predutta,2025-09-11 14:14:48.935471,2025-09-14 00:02:48.935471,2025-09-14 03:45:48.935471
case_73,Approve Purchase Order for payment,Magdalena Predutta,2025-09-11 15:09:48.935471,2025-09-14 00:57:48.935471,2025-09-14 00:57:48.935471
case_98,Create Purchase Order,Francois de Perrier,2025-09-14 03:45:48.935471,2025-09-14 06:18:48.935471,2025-09-14 06:26:48.935471
case_83,Create Purchase Order,Francois de Perrier,2025-09-11 17:01:48.935471,2025-09-14 20:01:48.935471,2025-09-14 20:06:48.935471
case_73,Send invoice,Karen Clarens,2025-09-14 00:57:48.935471,2025-09-15 09:36:48.935471,2025-09-15 09:36:48.935471
case_73,Release Supplier's Invoice,Pedro Alvares,2025-09-15 09:36:48.935471,2025-09-15 09:40:48.935471,2025-09-15 09:46:48.935471
case_98,Confirm Purchase Order,Karen Clarens,2025-09-14 06:26:48.935471,2025-09-15 10:07:48.935471,2025-09-15 10:10:48.935471
case_73,Authorize Supplier's Invoice payment,Karalda Nimwada,2025-09-15 09:46:48.935471,2025-09-15 10:34:48.935471,2025-09-15 10:34:48.935471
case_94,Send invoice,Kiu Kan,2025-09-13 23:08:48.935471,2025-09-15 10:36:48.935471,2025-09-15 10:36:48.935471
case_94,Release Supplier's Invoice,Karalda Nimwada,2025-09-15 10:36:48.935471,2025-09-15 11:57:48.935471,2025-09-15 12:01:48.935471
case_94,Authorize Supplier's Invoice payment,Pedro Alvares,2025-09-15 12:01:48.935471,2025-09-15 13:02:48.935471,2025-09-15 13:02:48.935471
case_94,Pay invoice,Pedro Alvares,2025-09-15 13:02:48.935471,2025-09-15 13:22:48.935471,2025-09-15 13:29:48.935471
case_73,Pay invoice,Karalda Nimwada,2025-09-15 10:34:48.935471,2025-09-15 17:08:48.935471,2025-09-15 17:12:48.935471
case_83,Confirm Purchase Order,Esmeralda Clay,2025-09-14 20:06:48.935471,2025-09-17 02:36:48.935471,2025-09-17 04:05:48.935471
case_98,Deliver Goods Services,Karen Clarens,2025-09-15 10:10:48.935471,2025-09-18 08:12:48.935471,2025-09-19 05:31:48.935471
case_83,Deliver Goods Services,Esmeralda Clay,2025-09-17 04:05:48.935471,2025-09-18 14:32:48.935471,2025-09-20 06:12:48.935471
case_85,Send invoice,Karen Clarens,2025-09-13 11:34:48.935471,2025-09-19 05:17:48.935471,2025-09-19 05:17:48.935471
case_85,Release Supplier's Invoice,Pedro Alvares,2025-09-19 05:17:48.935471,2025-09-19 05:40:48.935471,2025-09-19 05:44:48.935471
case_98,Release Purchase Order,Penn Osterwalder,2025-09-19 05:31:48.935471,2025-09-19 05:51:48.935471,2025-09-19 05:51:48.935471
case_85,Authorize Supplier's Invoice payment,Karalda Nimwada,2025-09-19 05:44:48.935471,2025-09-19 08:52:48.935471,2025-09-19 08:52:48.935471
case_85,Pay invoice,Karalda Nimwada,2025-09-19 08:52:48.935471,2025-09-19 09:04:48.935471,2025-09-19 09:09:48.935471
case_98,Approve Purchase Order for payment,Francois de Perrier,2025-09-19 05:51:48.935471,2025-09-19 11:19:48.935471,2025-09-19 11:19:48.935471
case_83,Release Purchase Order,Miu Hanwan,2025-09-20 06:12:48.935471,2025-09-20 12:46:48.935471,2025-09-20 12:46:48.935471
case_83,Approve Purchase Order for payment,Francois de Perrier,2025-09-20 12:46:48.935471,2025-09-20 15:50:48.935471,2025-09-20 15:50:48.935471
case_83,Send invoice,Kiu Kan,2025-09-20 15:50:48.935471,2025-09-21 01:06:48.935471,2025-09-21 01:06:48.935471
case_83,Release Supplier's Invoice,Karalda Nimwada,2025-09-21 01:06:48.935471,2025-09-21 03:55:48.935471,2025-09-21 03:59:48.935471
case_83,Authorize Supplier's Invoice payment,Pedro Alvares,2025-09-21 03:59:48.935471,2025-09-21 04:03:48.935471,2025-09-21 04:03:48.935471
case_83,Pay invoice,Pedro Alvares,2025-09-21 04:03:48.935471,2025-09-21 04:38:48.935471,2025-09-21 04:43:48.935471
case_81,Send invoice,Carmen Finacse,2025-09-12 07:35:48.935471,2025-09-22 04:18:48.935471,2025-09-22 04:18:48.935471
case_81,Release Supplier's Invoice,Karalda Nimwada,2025-09-22 04:18:48.935471,2025-09-22 09:07:48.935471,2025-09-22 09:11:48.935471
case_81,Authorize Supplier's Invoice payment,Karalda Nimwada,2025-09-22 09:11:48.935471,2025-09-22 14:10:48.935471,2025-09-22 14:10:48.935471
case_81,Pay invoice,Karalda Nimwada,2025-09-22 14:10:48.935471,2025-09-22 17:41:48.935471,2025-09-22 17:53:48.935471
case_98,Send invoice,Sean Manney,2025-09-19 11:19:48.935471,2025-09-23 07:32:48.935471,2025-09-23 07:32:48.935471
case_98,Release Supplier's Invoice,Karalda Nimwada,2025-09-23 07:32:48.935471,2025-09-23 07:53:48.935471,2025-09-23 07:56:48.935471
case_98,Authorize Supplier's Invoice payment,Karalda Nimwada,2025-09-23 07:56:48.935471,2025-09-23 08:24:48.935471,2025-09-23 08:24:48.935471
case_98,Pay invoice,Karalda Nimwada,2025-09-23 08:24:48.935471,2025-09-23 11:13:48.935471,2025-09-23 11:20:48.935471
