case:concept:name,concept:name,org:resource,enabled:timestamp,start:timestamp,time:timestamp
case_1,Create Purchase Requisition,Nico Ojenbeer,2025-08-01 00:08:48.754048,2025-08-01 00:08:48.754048,2025-08-01 00:21:48.754048
case_2,Create Purchase Requisition,Esmana Liubiata,2025-08-01 04:24:48.754048,2025-08-01 04:24:48.754048,2025-08-01 05:19:48.754048
case_2,Create Request for Quotation Requester Manager,Francis Odell,2025-08-01 05:19:48.754048,2025-08-01 07:17:48.754048,2025-08-01 07:21:48.754048
case_2,Analyze Request for Quotation,Francois de Perrier,2025-08-01 07:21:48.754048,2025-08-01 11:12:48.754048,2025-08-01 11:28:48.754048
case_3,Create Purchase Requisition,Miu Hanwan,2025-08-01 19:41:48.754048,2025-08-01 19:41:48.754048,2025-08-01 20:15:48.754048
case_1,Create Request for Quotation Requester Manager,Francis Odell,2025-08-01 00:21:48.754048,2025-08-01 21:41:48.754048,2025-08-01 21:42:48.754048
case_3,Create Request for Quotation Requester,Tesca Lobes,2025-08-01 20:15:48.754048,2025-08-01 21:44:48.754048,2025-08-01 21:55:48.754048
case_1,Analyze Request for Quotation,Karel de Groot,2025-08-01 21:42:48.754048,2025-08-01 23:49:48.754048,2025-08-02 01:19:48.754048
case_3,Analyze Request for Quotation,Francois de Perrier,2025-08-01 21:55:48.754048,2025-08-02 01:46:48.754048,2025-08-02 01:54:48.754048
case_2,Send Request for Quotation to Supplier,Karel de Groot,2025-08-01 11:28:48.754048,2025-08-02 01:48:48.754048,2025-08-02 02:00:48.754048
case_3,Amend Request for Quotation Requester,Alberto Duport,2025-08-02 01:54:48.754048,2025-08-02 02:18:48.754048,2025-08-02 02:22:48.754048
case_2,Create Quotation comparison Map,Karel de Groot,2025-08-02 02:00:48.754048,2025-08-02 03:25:48.754048,2025-08-02 07:18:48.754048
case_1,Amend Request for Quotation Requester,Immanuel Karagianni,2025-08-02 01:19:48.754048,2025-08-02 04:37:48.754048,2025-08-02 04:48:48.754048
case_1,Analyze Request for Quotation,Magdalena Predutta,2025-08-02 04:48:48.754048,2025-08-02 09:04:48.754048,2025-08-02 09:24:48.754048
case_2,Analyze Quotation comparison Map,Nico Ojenbeer,2025-08-02 07:18:48.754048,2025-08-02 09:14:48.754048,2025-08-02 09:33:48.754048
case_2,Choose best option,Kim Passa,2025-08-02 09:33:48.754048,2025-08-02 09:38:48.754048,2025-08-02 09:38:48.754048
case_1,Amend Request for Quotation Requester,Alberto Duport,2025-08-02 09:24:48.754048,2025-08-02 10:58:48.754048,2025-08-02 12:11:48.754048
case_2,Settle conditions with supplier,Francois de Perrier,2025-08-02 09:38:48.754048,2025-08-02 12:37:48.754048,2025-08-02 21:42:48.754048
case_4,Create Purchase Requisition,Tesca Lobes,2025-08-02 21:19:48.754048,2025-08-02 21:19:48.754048,2025-08-02 23:13:48.754048
case_5,Create Purchase Requisition,Anne Olwada,2025-08-02 21:39:48.754048,2025-08-02 21:39:48.754048,2025-08-02 22:28:48.754048
case_1,Analyze Request for Quotation,Francois de Perrier,2025-08-02 12:11:48.754048,2025-08-02 22:05:48.754048,2025-08-02 22:29:48.754048
case_3,Analyze Request for Quotation,Magdalena Predutta,2025-08-02 02:22:48.754048,2025-08-02 22:26:48.754048,2025-08-02 22:56:48.754048
case_1,Amend Request for Quotation Requester,Penn Osterwalder,2025-08-02 22:29:48.754048,2025-08-02 23:08:48.754048,2025-08-02 23:20:48.754048
case_3,Amend Request for Quotation Requester,Nico Ojenbeer,2025-08-02 22:56:48.754048,2025-08-03 01:18:48.754048,2025-08-03 01:23:48.754048
case_3,Analyze Request for Quotation,Karel de Groot,2025-08-03 01:23:48.754048,2025-08-03 02:13:48.754048,2025-08-03 02:38:48.754048
case_4,Create Request for Quotation Requester,Nico Ojenbeer,2025-08-02 23:13:48.754048,2025-08-03 02:25:48.754048,2025-08-03 02:28:48.754048
case_6,Create Purchase Requisition,Penn Osterwalder,2025-08-03 06:40:48.754048,2025-08-03 06:40:48.754048,2025-08-03 06:49:48.754048
case_1,Analyze Request for Quotation,Magdalena Predutta,2025-08-02 23:20:48.754048,2025-08-03 08:03:48.754048,2025-08-03 08:27:48.754048
case_1,Amend Request for Quotation Requester,Tesca Lobes,2025-08-03 08:27:48.754048,2025-08-03 10:36:48.754048,2025-08-03 10:43:48.754048
case_5,Create Request for Quotation Requester Manager,Maris Freeman,2025-08-02 22:28:48.754048,2025-08-03 12:07:48.754048,2025-08-03 12:09:48.754048
case_3,Send Request for Quotation to Supplier,Francois de Perrier,2025-08-03 02:38:48.754048,2025-08-03 12:20:48.754048,2025-08-03 12:27:48.754048
case_2,Create Purchase Order,Magdalena Predutta,2025-08-02 21:42:48.754048,2025-08-03 15:31:48.754048,2025-08-03 15:37:48.754048
case_7,Create Purchase Requisition,Kim Passa,2025-08-03 17:40:48.754048,2025-08-03 17:40:48.754048,2025-08-03 19:15:48.754048
case_6,Create Request for Quotation Requester Manager,Heinz Gutschmidt,2025-08-03 06:49:48.754048,2025-08-03 21:26:48.754048,2025-08-03 21:28:48.754048
case_3,Create Quotation comparison Map,Francois de Perrier,2025-08-03 12:27:48.754048,2025-08-03 22:03:48.754048,2025-08-04 00:18:48.754048
case_6,Analyze Request for Quotation,Karel de Groot,2025-08-03 21:28:48.754048,2025-08-04 02:39:48.754048,2025-08-04 02:56:48.754048
case_3,Analyze Quotation comparison Map,Immanuel Karagianni,2025-08-04 00:18:48.754048,2025-08-04 02:58:48.754048,2025-08-04 03:25:48.754048
case_8,Create Purchase Requisition,Fjodor Kowalski,2025-08-04 04:59:48.754048,2025-08-04 04:59:48.754048,2025-08-04 05:22:48.754048
case_6,Amend Request for Quotation Requester,Miu Hanwan,2025-08-04 02:56:48.754048,2025-08-04 05:10:48.754048,2025-08-04 05:20:48.754048
case_3,Choose best option,Esmana Liubiata,2025-08-04 03:25:48.754048,2025-08-04 05:19:48.754048,2025-08-04 05:19:48.754048
case_9,Create Purchase Requisition,Esmana Liubiata,2025-08-04 06:52:48.754048,2025-08-04 06:52:48.754048,2025-08-04 07:41:48.754048
case_9,Analyze Purchase Requisition,Francis Odell,2025-08-04 07:41:48.754048,2025-08-04 08:06:48.754048,2025-08-04 08:10:48.754048
case_3,Settle conditions with supplier,Magdalena Predutta,2025-08-04 05:19:48.754048,2025-08-04 08:12:48.754048,2025-08-05 00:13:48.754048
case_8,Analyze Purchase Requisition,Francis Odell,2025-08-04 05:22:48.754048,2025-08-04 08:31:48.754048,2025-08-04 08:36:48.754048
case_6,Analyze Request for Quotation,Francois de Perrier,2025-08-04 05:20:48.754048,2025-08-04 10:11:48.754048,2025-08-04 10:27:48.754048
case_9,Create Request for Quotation Requester,Anne Olwada,2025-08-04 08:10:48.754048,2025-08-04 11:06:48.754048,2025-08-04 11:19:48.754048
case_8,Create Request for Quotation Requester,Fjodor Kowalski,2025-08-04 08:36:48.754048,2025-08-04 11:11:48.754048,2025-08-04 11:18:48.754048
case_9,Analyze Request for Quotation,Francois de Perrier,2025-08-04 11:19:48.754048,2025-08-04 11:23:48.754048,2025-08-04 11:53:48.754048
case_9,Amend Request for Quotation Requester,Esmana Liubiata,2025-08-04 11:53:48.754048,2025-08-04 12:45:48.754048,2025-08-04 12:50:48.754048
case_7,Create Request for Quotation Requester Manager,Heinz Gutschmidt,2025-08-03 19:15:48.754048,2025-08-04 12:54:48.754048,2025-08-04 12:55:48.754048
case_6,Amend Request for Quotation Requester,Alberto Duport,2025-08-04 10:27:48.754048,2025-08-04 15:03:48.754048,2025-08-04 15:14:48.754048
case_6,Analyze Request for Quotation,Francois de Perrier,2025-08-04 15:14:48.754048,2025-08-04 19:26:48.754048,2025-08-04 19:51:48.754048
case_5,Analyze Request for Quotation,Karel de Groot,2025-08-03 12:09:48.754048,2025-08-04 22:47:48.754048,2025-08-04 23:07:48.754048
case_10,Create Purchase Requisition,Penn Osterwalder,2025-08-04 23:58:48.754048,2025-08-04 23:58:48.754048,2025-08-05 00:05:48.754048
case_2,Confirm Purchase Order,Kiu Kan,2025-08-03 15:37:48.754048,2025-08-05 01:00:48.754048,2025-08-05 03:19:48.754048
case_9,Analyze Request for Quotation,Karel de Groot,2025-08-04 12:50:48.754048,2025-08-05 05:31:48.754048,2025-08-05 05:45:48.754048
case_3,Create Purchase Order,Francois de Perrier,2025-08-05 00:13:48.754048,2025-08-05 12:39:48.754048,2025-08-05 12:49:48.754048
case_6,Send Request for Quotation to Supplier,Karel de Groot,2025-08-04 19:51:48.754048,2025-08-05 21:31:48.754048,2025-08-05 21:49:48.754048
case_8,Analyze Request for Quotation,Karel de Groot,2025-08-04 11:18:48.754048,2025-08-05 21:33:48.754048,2025-08-05 21:46:48.754048
case_10,Create Request for Quotation Requester Manager,Maris Freeman,2025-08-05 00:05:48.754048,2025-08-06 08:07:48.754048,2025-08-06 08:08:48.754048
case_7,Analyze Request for Quotation,Magdalena Predutta,2025-08-04 12:55:48.754048,2025-08-06 10:50:48.754048,2025-08-06 11:10:48.754048
case_11,Create Purchase Requisition,Immanuel Karagianni,2025-08-06 11:41:48.754048,2025-08-06 11:41:48.754048,2025-08-06 12:11:48.754048
case_7,Amend Request for Quotation Requester,Miu Hanwan,2025-08-06 11:10:48.754048,2025-08-06 15:34:48.754048,2025-08-06 15:45:48.754048
case_11,Analyze Purchase Requisition,Francis Odell,2025-08-06 12:11:48.754048,2025-08-06 15:38:48.754048,2025-08-06 15:46:48.754048
case_2,Deliver Goods Services,Carmen Finacse,2025-08-05 03:19:48.754048,2025-08-06 16:35:48.754048,2025-08-07 08:49:48.754048
case_3,Confirm Purchase Order,Karen Clarens,2025-08-05 12:49:48.754048,2025-08-06 17:12:48.754048,2025-08-06 17:34:48.754048
case_8,Send Request for Quotation to Supplier,Karel de Groot,2025-08-05 21:46:48.754048,2025-08-06 17:28:48.754048,2025-08-06 17:43:48.754048
case_7,Analyze Request for Quotation,Karel de Groot,2025-08-06 15:45:48.754048,2025-08-06 17:44:48.754048,2025-08-06 18:09:48.754048
case_11,Create Request for Quotation Requester,Anne Olwada,2025-08-06 15:46:48.754048,2025-08-06 18:33:48.754048,2025-08-06 18:43:48.754048
case_10,Analyze Request for Quotation,Karel de Groot,2025-08-06 08:08:48.754048,2025-08-06 20:56:48.754048,2025-08-06 22:12:48.754048
case_10,Amend Request for Quotation Requester,Fjodor Kowalski,2025-08-06 22:12:48.754048,2025-08-07 00:38:48.754048,2025-08-07 00:51:48.754048
case_10,Analyze Request for Quotation,Karel de Groot,2025-08-07 00:51:48.754048,2025-08-07 01:57:48.754048,2025-08-07 02:23:48.754048
case_11,Analyze Request for Quotation,Karel de Groot,2025-08-06 18:43:48.754048,2025-08-07 03:39:48.754048,2025-08-07 04:07:48.754048
case_4,Analyze Request for Quotation,Francois de Perrier,2025-08-03 02:28:48.754048,2025-08-07 03:54:48.754048,2025-08-07 03:58:48.754048
case_4,Amend Request for Quotation Requester,Penn Osterwalder,2025-08-07 03:58:48.754048,2025-08-07 04:11:48.754048,2025-08-07 04:22:48.754048
case_12,Create Purchase Requisition,Nico Ojenbeer,2025-08-07 04:29:48.754048,2025-08-07 04:29:48.754048,2025-08-07 04:50:48.754048
case_7,Send Request for Quotation to Supplier,Magdalena Predutta,2025-08-06 18:09:48.754048,2025-08-07 04:31:48.754048,2025-08-07 04:57:48.754048
case_11,Send Request for Quotation to Supplier,Magdalena Predutta,2025-08-07 04:07:48.754048,2025-08-07 07:15:48.754048,2025-08-07 07:22:48.754048
case_2,Release Purchase Order,Christian Francois,2025-08-07 08:49:48.754048,2025-08-07 08:56:48.754048,2025-08-07 08:56:48.754048
case_10,Amend Request for Quotation Requester,Tesca Lobes,2025-08-07 02:23:48.754048,2025-08-07 09:35:48.754048,2025-08-07 09:41:48.754048
case_11,Create Quotation comparison Map,Francois de Perrier,2025-08-07 07:22:48.754048,2025-08-07 09:44:48.754048,2025-08-07 15:15:48.754048
case_6,Create Quotation comparison Map,Karel de Groot,2025-08-05 21:49:48.754048,2025-08-07 11:09:48.754048,2025-08-07 18:02:48.754048
case_12,Analyze Purchase Requisition,Heinz Gutschmidt,2025-08-07 04:50:48.754048,2025-08-07 11:42:48.754048,2025-08-07 11:48:48.754048
case_3,Deliver Goods Services,Carmen Finacse,2025-08-06 17:34:48.754048,2025-08-07 13:59:48.754048,2025-08-09 08:29:48.754048
case_12,Create Request for Quotation Requester,Esmana Liubiata,2025-08-07 11:48:48.754048,2025-08-07 15:37:48.754048,2025-08-07 15:47:48.754048
case_11,Analyze Quotation comparison Map,Alberto Duport,2025-08-07 15:15:48.754048,2025-08-07 15:45:48.754048,2025-08-07 16:36:48.754048
case_11,Choose best option,Tesca Lobes,2025-08-07 16:36:48.754048,2025-08-07 17:08:48.754048,2025-08-07 17:08:48.754048
case_8,Create Quotation comparison Map,Francois de Perrier,2025-08-06 17:43:48.754048,2025-08-07 22:10:48.754048,2025-08-08 02:03:48.754048
case_10,Analyze Request for Quotation,Francois de Perrier,2025-08-07 09:41:48.754048,2025-08-07 22:22:48.754048,2025-08-07 22:39:48.754048
case_6,Analyze Quotation comparison Map,Tesca Lobes,2025-08-07 18:02:48.754048,2025-08-08 01:01:48.754048,2025-08-08 01:33:48.754048
case_12,Analyze Request for Quotation,Karel de Groot,2025-08-07 15:47:48.754048,2025-08-08 01:40:48.754048,2025-08-08 01:57:48.754048
case_12,Amend Request for Quotation Requester Manager,Francis Odell,2025-08-08 01:57:48.754048,2025-08-08 02:59:48.754048,2025-08-08 06:17:48.754048
case_7,Create Quotation comparison Map,Karel de Groot,2025-08-07 04:57:48.754048,2025-08-08 03:14:48.754048,2025-08-08 09:18:48.754048
case_13,Create Purchase Requisition,Esmana Liubiata,2025-08-08 03:28:48.754048,2025-08-08 03:28:48.754048,2025-08-08 05:27:48.754048
case_6,Choose best option,Nico Ojenbeer,2025-08-08 01:33:48.754048,2025-08-08 06:14:48.754048,2025-08-08 06:14:48.754048
case_8,Analyze Quotation comparison Map,Tesca Lobes,2025-08-08 02:03:48.754048,2025-08-08 08:23:48.754048,2025-08-08 08:39:48.754048
case_8,Choose best option,Nico Ojenbeer,2025-08-08 08:39:48.754048,2025-08-08 08:45:48.754048,2025-08-08 08:45:48.754048
case_7,Analyze Quotation comparison Map,Kim Passa,2025-08-08 09:18:48.754048,2025-08-08 09:36:48.754048,2025-08-08 09:47:48.754048
case_13,Analyze Purchase Requisition,Maris Freeman,2025-08-08 05:27:48.754048,2025-08-08 12:46:48.754048,2025-08-08 12:52:48.754048
case_4,Analyze Request for Quotation,Magdalena Predutta,2025-08-07 04:22:48.754048,2025-08-08 15:03:48.754048,2025-08-08 15:25:48.754048
case_12,Analyze Request for Quotation,Magdalena Predutta,2025-08-08 06:17:48.754048,2025-08-08 15:10:48.754048,2025-08-08 15:20:48.754048
case_13,Create Request for Quotation Requester Manager,Heinz Gutschmidt,2025-08-08 12:52:48.754048,2025-08-08 17:15:48.754048,2025-08-08 17:16:48.754048
case_12,Amend Request for Quotation Requester,Fjodor Kowalski,2025-08-08 15:20:48.754048,2025-08-08 17:54:48.754048,2025-08-08 23:04:48.754048
case_11,Settle conditions with supplier,Francois de Perrier,2025-08-07 17:08:48.754048,2025-08-08 19:38:48.754048,2025-08-09 05:23:48.754048
case_8,Settle conditions with supplier,Karel de Groot,2025-08-08 08:45:48.754048,2025-08-08 20:35:48.754048,2025-08-09 08:32:48.754048
case_14,Create Purchase Requisition,Kim Passa,2025-08-08 20:46:48.754048,2025-08-08 20:46:48.754048,2025-08-08 22:07:48.754048
case_15,Create Purchase Requisition,Fjodor Kowalski,2025-08-09 00:57:48.754048,2025-08-09 00:57:48.754048,2025-08-09 02:11:48.754048
case_13,Analyze Request for Quotation,Francois de Perrier,2025-08-08 17:16:48.754048,2025-08-09 02:29:48.754048,2025-08-09 02:49:48.754048
case_7,Choose best option,Fjodor Kowalski,2025-08-08 09:47:48.754048,2025-08-09 02:44:48.754048,2025-08-09 02:44:48.754048
case_13,Send Request for Quotation to Supplier,Francois de Perrier,2025-08-09 02:49:48.754048,2025-08-09 03:11:48.754048,2025-08-09 03:43:48.754048
case_13,Create Quotation comparison Map,Karel de Groot,2025-08-09 03:43:48.754048,2025-08-09 04:11:48.754048,2025-08-09 07:04:48.754048
case_14,Create Request for Quotation Requester Manager,Heinz Gutschmidt,2025-08-08 22:07:48.754048,2025-08-09 05:23:48.754048,2025-08-09 05:24:48.754048
case_8,Create Purchase Order,Magdalena Predutta,2025-08-09 08:32:48.754048,2025-08-09 08:58:48.754048,2025-08-09 09:04:48.754048
case_15,Analyze Purchase Requisition,Francis Odell,2025-08-09 02:11:48.754048,2025-08-09 09:03:48.754048,2025-08-09 09:09:48.754048
case_3,Release Purchase Order,Miu Hanwan,2025-08-09 08:29:48.754048,2025-08-09 09:39:48.754048,2025-08-09 09:39:48.754048
case_6,Settle conditions with supplier,Francois de Perrier,2025-08-08 06:14:48.754048,2025-08-09 10:19:48.754048,2025-08-09 17:46:48.754048
case_16,Create Purchase Requisition,Anne Olwada,2025-08-09 12:17:48.754048,2025-08-09 12:17:48.754048,2025-08-09 14:02:48.754048
case_14,Analyze Request for Quotation,Karel de Groot,2025-08-09 05:24:48.754048,2025-08-09 12:21:48.754048,2025-08-09 12:41:48.754048
case_14,Amend Request for Quotation Requester,Christian Francois,2025-08-09 12:41:48.754048,2025-08-09 14:50:48.754048,2025-08-09 15:01:48.754048
case_13,Analyze Quotation comparison Map,Tesca Lobes,2025-08-09 07:04:48.754048,2025-08-09 14:59:48.754048,2025-08-09 15:14:48.754048
case_17,Create Purchase Requisition,Christian Francois,2025-08-09 15:54:48.754048,2025-08-09 15:54:48.754048,2025-08-09 16:23:48.754048
case_11,Create Purchase Order,Francois de Perrier,2025-08-09 05:23:48.754048,2025-08-09 17:05:48.754048,2025-08-09 17:12:48.754048
case_13,Choose best option,Anne Olwada,2025-08-09 15:14:48.754048,2025-08-09 17:38:48.754048,2025-08-09 17:38:48.754048
case_13,Settle conditions with supplier,Francois de Perrier,2025-08-09 17:38:48.754048,2025-08-09 17:58:48.754048,2025-08-10 04:20:48.754048
case_3,Approve Purchase Order for payment,Karel de Groot,2025-08-09 09:39:48.754048,2025-08-09 20:37:48.754048,2025-08-09 20:37:48.754048
case_15,Create Request for Quotation Requester Manager,Francis Odell,2025-08-09 09:09:48.754048,2025-08-09 23:19:48.754048,2025-08-09 23:22:48.754048
case_6,Create Purchase Order,Karel de Groot,2025-08-09 17:46:48.754048,2025-08-10 00:03:48.754048,2025-08-10 00:15:48.754048
case_8,Confirm Purchase Order,Carmen Finacse,2025-08-09 09:04:48.754048,2025-08-10 03:44:48.754048,2025-08-10 03:52:48.754048
case_6,Confirm Purchase Order,Esmeralda Clay,2025-08-10 00:15:48.754048,2025-08-10 05:26:48.754048,2025-08-10 05:43:48.754048
case_16,Analyze Purchase Requisition,Maris Freeman,2025-08-09 14:02:48.754048,2025-08-10 06:59:48.754048,2025-08-10 10:05:48.754048
case_14,Analyze Request for Quotation,Magdalena Predutta,2025-08-09 15:01:48.754048,2025-08-10 07:47:48.754048,2025-08-10 08:15:48.754048
case_11,Confirm Purchase Order,Carmen Finacse,2025-08-09 17:12:48.754048,2025-08-10 07:50:48.754048,2025-08-10 09:06:48.754048
case_1,Analyze Request for Quotation,Francois de Perrier,2025-08-03 10:43:48.754048,2025-08-10 08:21:48.754048,2025-08-10 08:50:48.754048
case_2,Approve Purchase Order for payment,Magdalena Predutta,2025-08-07 08:56:48.754048,2025-08-10 08:55:48.754048,2025-08-10 08:55:48.754048
case_1,Amend Request for Quotation Requester,Alberto Duport,2025-08-10 08:50:48.754048,2025-08-10 09:26:48.754048,2025-08-10 09:42:48.754048
case_16,Create Request for Quotation Requester,Nico Ojenbeer,2025-08-10 10:05:48.754048,2025-08-10 10:36:48.754048,2025-08-10 10:37:48.754048
case_14,Send Request for Quotation to Supplier,Magdalena Predutta,2025-08-10 08:15:48.754048,2025-08-10 11:27:48.754048,2025-08-10 11:56:48.754048
case_13,Create Purchase Order,Magdalena Predutta,2025-08-10 04:20:48.754048,2025-08-10 13:39:48.754048,2025-08-10 13:49:48.754048
case_17,Create Request for Quotation Requester Manager,Francis Odell,2025-08-09 16:23:48.754048,2025-08-10 15:57:48.754048,2025-08-10 15:59:48.754048
case_12,Analyze Request for Quotation,Karel de Groot,2025-08-08 23:04:48.754048,2025-08-10 17:05:48.754048,2025-08-10 17:27:48.754048
case_7,Settle conditions with supplier,Karel de Groot,2025-08-09 02:44:48.754048,2025-08-10 17:31:48.754048,2025-08-11 05:53:48.754048
case_17,Analyze Request for Quotation,Karel de Groot,2025-08-10 15:59:48.754048,2025-08-10 19:17:48.754048,2025-08-10 19:41:48.754048
case_1,Analyze Request for Quotation,Karel de Groot,2025-08-10 09:42:48.754048,2025-08-10 20:20:48.754048,2025-08-10 20:46:48.754048
case_17,Send Request for Quotation to Supplier,Magdalena Predutta,2025-08-10 19:41:48.754048,2025-08-10 22:16:48.754048,2025-08-10 22:23:48.754048
case_18,Create Purchase Requisition,Anne Olwada,2025-08-10 22:56:48.754048,2025-08-10 22:56:48.754048,2025-08-10 23:39:48.754048
case_19,Create Purchase Requisition,Christian Francois,2025-08-11 00:08:48.754048,2025-08-11 00:08:48.754048,2025-08-11 00:40:48.754048
case_17,Create Quotation comparison Map,Magdalena Predutta,2025-08-10 22:23:48.754048,2025-08-11 00:18:48.754048,2025-08-11 04:49:48.754048
case_18,Analyze Purchase Requisition,Heinz Gutschmidt,2025-08-10 23:39:48.754048,2025-08-11 00:55:48.754048,2025-08-11 01:03:48.754048
case_20,Create Purchase Requisition,Esmana Liubiata,2025-08-11 03:41:48.754048,2025-08-11 03:41:48.754048,2025-08-11 04:14:48.754048
case_12,Send Request for Quotation to Supplier,Magdalena Predutta,2025-08-10 17:27:48.754048,2025-08-11 04:16:48.754048,2025-08-11 04:49:48.754048
case_18,Create Request for Quotation Requester,Anne Olwada,2025-08-11 01:03:48.754048,2025-08-11 04:27:48.754048,2025-08-11 04:45:48.754048
case_14,Create Quotation comparison Map,Karel de Groot,2025-08-10 11:56:48.754048,2025-08-11 04:41:48.754048,2025-08-11 07:25:48.754048
case_11,Deliver Goods Services,Esmeralda Clay,2025-08-10 09:06:48.754048,2025-08-11 05:47:48.754048,2025-08-12 13:58:48.754048
case_17,Analyze Quotation comparison Map,Anne Olwada,2025-08-11 04:49:48.754048,2025-08-11 05:50:48.754048,2025-08-11 06:20:48.754048
case_20,Analyze Purchase Requisition,Heinz Gutschmidt,2025-08-11 04:14:48.754048,2025-08-11 08:11:48.754048,2025-08-11 08:17:48.754048
case_6,Deliver Goods Services,Esmeralda Clay,2025-08-10 05:43:48.754048,2025-08-11 08:22:48.754048,2025-08-13 02:21:48.754048
case_19,Analyze Purchase Requisition,Maris Freeman,2025-08-11 00:40:48.754048,2025-08-11 08:39:48.754048,2025-08-11 08:45:48.754048
case_14,Analyze Quotation comparison Map,Penn Osterwalder,2025-08-11 07:25:48.754048,2025-08-11 09:16:48.754048,2025-08-11 09:35:48.754048
case_15,Analyze Request for Quotation,Magdalena Predutta,2025-08-09 23:22:48.754048,2025-08-11 09:41:48.754048,2025-08-11 10:05:48.754048
case_20,Create Request for Quotation Requester,Fjodor Kowalski,2025-08-11 08:17:48.754048,2025-08-11 09:43:48.754048,2025-08-11 09:57:48.754048
case_19,Create Request for Quotation Requester Manager,Heinz Gutschmidt,2025-08-11 08:45:48.754048,2025-08-11 09:45:48.754048,2025-08-11 09:47:48.754048
case_14,Choose best option,Penn Osterwalder,2025-08-11 09:35:48.754048,2025-08-11 09:57:48.754048,2025-08-11 09:57:48.754048
case_17,Choose best option,Miu Hanwan,2025-08-11 06:20:48.754048,2025-08-11 10:24:48.754048,2025-08-11 10:24:48.754048
case_14,Settle conditions with supplier,Magdalena Predutta,2025-08-11 09:57:48.754048,2025-08-11 10:24:48.754048,2025-08-11 20:49:48.754048
case_20,Analyze Request for Quotation,Karel de Groot,2025-08-11 09:57:48.754048,2025-08-11 11:25:48.754048,2025-08-11 11:44:48.754048
case_12,Create Quotation comparison Map,Karel de Groot,2025-08-11 04:49:48.754048,2025-08-11 13:16:48.754048,2025-08-11 14:30:48.754048
case_21,Create Purchase Requisition,Tesca Lobes,2025-08-11 15:42:48.754048,2025-08-11 15:42:48.754048,2025-08-11 16:17:48.754048
case_7,Create Purchase Order,Karel de Groot,2025-08-11 05:53:48.754048,2025-08-11 16:20:48.754048,2025-08-11 16:26:48.754048
case_15,Send Request for Quotation to Supplier,Francois de Perrier,2025-08-11 10:05:48.754048,2025-08-11 22:56:48.754048,2025-08-11 23:31:48.754048
case_12,Analyze Quotation comparison Map,Tesca Lobes,2025-08-11 14:30:48.754048,2025-08-11 23:15:48.754048,2025-08-11 23:26:48.754048
case_12,Choose best option,Fjodor Kowalski,2025-08-11 23:26:48.754048,2025-08-11 23:59:48.754048,2025-08-11 23:59:48.754048
case_3,Send invoice,Kiu Kan,2025-08-09 20:37:48.754048,2025-08-12 00:11:48.754048,2025-08-12 00:11:48.754048
case_17,Settle conditions with supplier,Francois de Perrier,2025-08-11 10:24:48.754048,2025-08-12 00:57:48.754048,2025-08-12 09:52:48.754048
case_3,Release Supplier's Invoice,Karalda Nimwada,2025-08-12 00:11:48.754048,2025-08-12 01:46:48.754048,2025-08-12 01:50:48.754048
case_3,Settle dispute with supplier Financial Manager,Pedro Alvares,2025-08-12 01:50:48.754048,2025-08-12 02:01:48.754048,2025-08-12 02:21:48.754048
case_3,Authorize Supplier's Invoice payment,Karalda Nimwada,2025-08-12 02:21:48.754048,2025-08-12 03:15:48.754048,2025-08-12 03:15:48.754048
case_14,Create Purchase Order,Magdalena Predutta,2025-08-11 20:49:48.754048,2025-08-12 03:23:48.754048,2025-08-12 03:33:48.754048
case_21,Analyze Purchase Requisition,Heinz Gutschmidt,2025-08-11 16:17:48.754048,2025-08-12 05:45:48.754048,2025-08-12 05:52:48.754048
case_21,Create Request for Quotation Requester,Fjodor Kowalski,2025-08-12 05:52:48.754048,2025-08-12 08:39:48.754048,2025-08-12 08:43:48.754048
case_18,Analyze Request for Quotation,Magdalena Predutta,2025-08-11 04:45:48.754048,2025-08-12 10:42:48.754048,2025-08-12 11:21:48.754048
case_15,Create Quotation comparison Map,Magdalena Predutta,2025-08-11 23:31:48.754048,2025-08-12 11:00:48.754048,2025-08-12 14:51:48.754048
case_22,Create Purchase Requisition,Alberto Duport,2025-08-12 11:01:48.754048,2025-08-12 11:01:48.754048,2025-08-12 11:47:48.754048
case_8,Deliver Goods Services,Esmeralda Clay,2025-08-10 03:52:48.754048,2025-08-12 11:09:48.754048,2025-08-14 03:01:48.754048
case_13,Confirm Purchase Order,Esmeralda Clay,2025-08-10 13:49:48.754048,2025-08-12 11:16:48.754048,2025-08-12 11:38:48.754048
case_3,Pay invoice,Karalda Nimwada,2025-08-12 03:15:48.754048,2025-08-12 12:30:48.754048,2025-08-12 12:38:48.754048
case_2,Send invoice,Kiu Kan,2025-08-10 08:55:48.754048,2025-08-12 13:27:48.754048,2025-08-12 13:27:48.754048
case_22,Create Request for Quotation Requester Manager,Heinz Gutschmidt,2025-08-12 11:47:48.754048,2025-08-12 14:44:48.754048,2025-08-12 14:46:48.754048
case_2,Release Supplier's Invoice,Karalda Nimwada,2025-08-12 13:27:48.754048,2025-08-12 15:02:48.754048,2025-08-12 15:06:48.754048
case_11,Release Purchase Order,Esmana Liubiata,2025-08-12 13:58:48.754048,2025-08-12 15:06:48.754048,2025-08-12 15:06:48.754048
case_2,Authorize Supplier's Invoice payment,Pedro Alvares,2025-08-12 15:06:48.754048,2025-08-12 15:06:48.754048,2025-08-12 15:06:48.754048
case_2,Pay invoice,Pedro Alvares,2025-08-12 15:06:48.754048,2025-08-12 15:29:48.754048,2025-08-12 15:40:48.754048
case_21,Analyze Request for Quotation,Karel de Groot,2025-08-12 08:43:48.754048,2025-08-12 16:27:48.754048,2025-08-12 16:44:48.754048
case_14,Confirm Purchase Order,Carmen Finacse,2025-08-12 03:33:48.754048,2025-08-12 16:39:48.754048,2025-08-12 16:59:48.754048
case_15,Analyze Quotation comparison Map,Fjodor Kowalski,2025-08-12 14:51:48.754048,2025-08-12 18:46:48.754048,2025-08-12 18:53:48.754048
case_17,Create Purchase Order,Karel de Groot,2025-08-12 09:52:48.754048,2025-08-12 19:23:48.754048,2025-08-12 19:32:48.754048
case_14,Deliver Goods Services,Sean Manney,2025-08-12 16:59:48.754048,2025-08-12 21:22:48.754048,2025-08-13 16:19:48.754048
case_17,Confirm Purchase Order,Sean Manney,2025-08-12 19:32:48.754048,2025-08-12 21:49:48.754048,2025-08-12 21:53:48.754048
case_11,Approve Purchase Order for payment,Magdalena Predutta,2025-08-12 15:06:48.754048,2025-08-12 23:59:48.754048,2025-08-12 23:59:48.754048
case_19,Analyze Request for Quotation,Francois de Perrier,2025-08-11 09:47:48.754048,2025-08-13 01:51:48.754048,2025-08-13 02:33:48.754048
case_15,Choose best option,Tesca Lobes,2025-08-12 18:53:48.754048,2025-08-13 02:59:48.754048,2025-08-13 02:59:48.754048
case_20,Send Request for Quotation to Supplier,Magdalena Predutta,2025-08-11 11:44:48.754048,2025-08-13 05:19:48.754048,2025-08-13 05:31:48.754048
case_17,Deliver Goods Services,Karen Clarens,2025-08-12 21:53:48.754048,2025-08-13 05:45:48.754048,2025-08-14 00:02:48.754048
case_15,Settle conditions with supplier,Magdalena Predutta,2025-08-13 02:59:48.754048,2025-08-13 08:33:48.754048,2025-08-13 21:10:48.754048
case_22,Analyze Request for Quotation,Magdalena Predutta,2025-08-12 14:46:48.754048,2025-08-13 08:48:48.754048,2025-08-13 09:28:48.754048
case_1,Send Request for Quotation to Supplier,Francois de Perrier,2025-08-10 20:46:48.754048,2025-08-13 10:44:48.754048,2025-08-13 11:10:48.754048
case_22,Send Request for Quotation to Supplier,Karel de Groot,2025-08-13 09:28:48.754048,2025-08-13 10:46:48.754048,2025-08-13 11:16:48.754048
case_1,Create Quotation comparison Map,Karel de Groot,2025-08-13 11:10:48.754048,2025-08-13 12:30:48.754048,2025-08-13 19:13:48.754048
case_6,Release Purchase Order,Penn Osterwalder,2025-08-13 02:21:48.754048,2025-08-13 13:02:48.754048,2025-08-13 13:02:48.754048
case_14,Release Purchase Order,Immanuel Karagianni,2025-08-13 16:19:48.754048,2025-08-13 17:41:48.754048,2025-08-13 17:41:48.754048
case_16,Analyze Request for Quotation,Francois de Perrier,2025-08-10 10:37:48.754048,2025-08-13 19:24:48.754048,2025-08-13 19:50:48.754048
case_1,Analyze Quotation comparison Map,Nico Ojenbeer,2025-08-13 19:13:48.754048,2025-08-13 20:38:48.754048,2025-08-13 22:05:48.754048
case_15,Create Purchase Order,Karel de Groot,2025-08-13 21:10:48.754048,2025-08-13 22:18:48.754048,2025-08-13 22:29:48.754048
case_1,Choose best option,Penn Osterwalder,2025-08-13 22:05:48.754048,2025-08-14 00:47:48.754048,2025-08-14 00:47:48.754048
case_16,Amend Request for Quotation Requester,Tesca Lobes,2025-08-13 19:50:48.754048,2025-08-14 00:59:48.754048,2025-08-14 04:14:48.754048
case_1,Settle conditions with supplier,Francois de Perrier,2025-08-14 00:47:48.754048,2025-08-14 01:24:48.754048,2025-08-14 12:19:48.754048
case_11,Send invoice,Sean Manney,2025-08-12 23:59:48.754048,2025-08-14 02:51:48.754048,2025-08-14 02:51:48.754048
case_8,Release Purchase Order,Immanuel Karagianni,2025-08-14 03:01:48.754048,2025-08-14 03:09:48.754048,2025-08-14 03:09:48.754048
case_17,Release Purchase Order,Kim Passa,2025-08-14 00:02:48.754048,2025-08-14 03:32:48.754048,2025-08-14 03:32:48.754048
case_15,Confirm Purchase Order,Esmeralda Clay,2025-08-13 22:29:48.754048,2025-08-14 03:51:48.754048,2025-08-14 04:13:48.754048
case_17,Approve Purchase Order for payment,Magdalena Predutta,2025-08-14 03:32:48.754048,2025-08-14 03:56:48.754048,2025-08-14 03:56:48.754048
case_11,Release Supplier's Invoice,Pedro Alvares,2025-08-14 02:51:48.754048,2025-08-14 03:59:48.754048,2025-08-14 04:03:48.754048
case_8,Approve Purchase Order for payment,Magdalena Predutta,2025-08-14 03:09:48.754048,2025-08-14 04:19:48.754048,2025-08-14 04:19:48.754048
case_23,Create Purchase Requisition,Kim Passa,2025-08-14 05:14:48.754048,2025-08-14 05:14:48.754048,2025-08-14 07:13:48.754048
case_11,Authorize Supplier's Invoice payment,Karalda Nimwada,2025-08-14 04:03:48.754048,2025-08-14 08:25:48.754048,2025-08-14 08:25:48.754048
case_11,Pay invoice,Karalda Nimwada,2025-08-14 08:25:48.754048,2025-08-14 08:54:48.754048,2025-08-14 09:02:48.754048
case_17,Send invoice,Kiu Kan,2025-08-14 03:56:48.754048,2025-08-14 10:46:48.754048,2025-08-14 10:46:48.754048
case_8,Send invoice,Kiu Kan,2025-08-14 04:19:48.754048,2025-08-14 12:27:48.754048,2025-08-14 12:27:48.754048
case_17,Release Supplier's Invoice,Pedro Alvares,2025-08-14 10:46:48.754048,2025-08-14 12:45:48.754048,2025-08-14 12:49:48.754048
case_12,Settle conditions with supplier,Magdalena Predutta,2025-08-11 23:59:48.754048,2025-08-14 16:16:48.754048,2025-08-14 23:45:48.754048
case_16,Analyze Request for Quotation,Francois de Perrier,2025-08-14 04:14:48.754048,2025-08-14 17:48:48.754048,2025-08-14 17:54:48.754048
case_8,Release Supplier's Invoice,Pedro Alvares,2025-08-14 12:27:48.754048,2025-08-14 18:13:48.754048,2025-08-14 18:17:48.754048
case_8,Authorize Supplier's Invoice payment,Pedro Alvares,2025-08-14 18:17:48.754048,2025-08-14 18:30:48.754048,2025-08-14 18:30:48.754048
case_8,Pay invoice,Pedro Alvares,2025-08-14 18:30:48.754048,2025-08-14 20:06:48.754048,2025-08-14 20:18:48.754048
case_17,Authorize Supplier's Invoice payment,Pedro Alvares,2025-08-14 12:49:48.754048,2025-08-14 21:20:48.754048,2025-08-14 21:20:48.754048
case_17,Pay invoice,Karalda Nimwada,2025-08-14 21:20:48.754048,2025-08-14 21:58:48.754048,2025-08-14 22:01:48.754048
case_13,Deliver Goods Services,Karen Clarens,2025-08-12 11:38:48.754048,2025-08-15 00:27:48.754048,2025-08-16 06:03:48.754048
case_24,Create Purchase Requisition,Fjodor Kowalski,2025-08-15 01:23:48.754048,2025-08-15 01:23:48.754048,2025-08-15 01:39:48.754048
case_25,Create Purchase Requisition,Nico Ojenbeer,2025-08-15 02:09:48.754048,2025-08-15 02:09:48.754048,2025-08-15 02:40:48.754048
case_22,Create Quotation comparison Map,Karel de Groot,2025-08-13 11:16:48.754048,2025-08-15 03:17:48.754048,2025-08-15 04:52:48.754048
case_24,Create Request for Quotation Requester Manager,Maris Freeman,2025-08-15 01:39:48.754048,2025-08-15 07:09:48.754048,2025-08-15 07:10:48.754048
case_26,Create Purchase Requisition,Miu Hanwan,2025-08-15 07:51:48.754048,2025-08-15 07:51:48.754048,2025-08-15 08:35:48.754048
case_14,Approve Purchase Order for payment,Francois de Perrier,2025-08-13 17:41:48.754048,2025-08-15 08:04:48.754048,2025-08-15 08:04:48.754048
case_22,Analyze Quotation comparison Map,Immanuel Karagianni,2025-08-15 04:52:48.754048,2025-08-15 08:39:48.754048,2025-08-15 10:08:48.754048
case_23,Analyze Purchase Requisition,Maris Freeman,2025-08-14 07:13:48.754048,2025-08-15 10:33:48.754048,2025-08-15 10:38:48.754048
case_25,Analyze Purchase Requisition,Heinz Gutschmidt,2025-08-15 02:40:48.754048,2025-08-15 13:54:48.754048,2025-08-15 13:59:48.754048
case_26,Create Request for Quotation Requester,Anne Olwada,2025-08-15 08:35:48.754048,2025-08-15 15:36:48.754048,2025-08-15 15:40:48.754048
case_22,Choose best option,Immanuel Karagianni,2025-08-15 10:08:48.754048,2025-08-15 16:12:48.754048,2025-08-15 16:12:48.754048
case_14,Send invoice,Carmen Finacse,2025-08-15 08:04:48.754048,2025-08-15 16:43:48.754048,2025-08-15 16:43:48.754048
case_14,Release Supplier's Invoice,Pedro Alvares,2025-08-15 16:43:48.754048,2025-08-15 17:03:48.754048,2025-08-15 17:08:48.754048
case_14,Authorize Supplier's Invoice payment,Karalda Nimwada,2025-08-15 17:08:48.754048,2025-08-15 18:52:48.754048,2025-08-15 18:52:48.754048
case_14,Pay invoice,Karalda Nimwada,2025-08-15 18:52:48.754048,2025-08-15 21:46:48.754048,2025-08-15 21:55:48.754048
case_27,Create Purchase Requisition,Nico Ojenbeer,2025-08-15 22:49:48.754048,2025-08-15 22:49:48.754048,2025-08-15 23:03:48.754048
case_7,Confirm Purchase Order,Sean Manney,2025-08-11 16:26:48.754048,2025-08-16 01:09:48.754048,2025-08-16 01:20:48.754048
case_27,Analyze Purchase Requisition,Francis Odell,2025-08-15 23:03:48.754048,2025-08-16 02:03:48.754048,2025-08-16 02:09:48.754048
case_28,Create Purchase Requisition,Tesca Lobes,2025-08-16 03:15:48.754048,2025-08-16 03:15:48.754048,2025-08-16 04:13:48.754048
case_25,Create Request for Quotation Requester Manager,Francis Odell,2025-08-15 13:59:48.754048,2025-08-16 04:03:48.754048,2025-08-16 04:04:48.754048
case_22,Settle conditions with supplier,Karel de Groot,2025-08-15 16:12:48.754048,2025-08-16 05:04:48.754048,2025-08-16 15:36:48.754048
case_29,Create Purchase Requisition,Alberto Duport,2025-08-16 05:08:48.754048,2025-08-16 05:08:48.754048,2025-08-16 06:38:48.754048
case_28,Create Request for Quotation Requester,Nico Ojenbeer,2025-08-16 04:13:48.754048,2025-08-16 06:33:48.754048,2025-08-16 06:42:48.754048
case_25,Analyze Request for Quotation,Francois de Perrier,2025-08-16 04:04:48.754048,2025-08-16 07:03:48.754048,2025-08-16 07:29:48.754048
case_13,Release Purchase Order,Miu Hanwan,2025-08-16 06:03:48.754048,2025-08-16 11:59:48.754048,2025-08-16 11:59:48.754048
case_30,Create Purchase Requisition,Christian Francois,2025-08-16 13:15:48.754048,2025-08-16 13:15:48.754048,2025-08-16 13:17:48.754048
case_27,Create Request for Quotation Requester Manager,Maris Freeman,2025-08-16 02:09:48.754048,2025-08-16 15:16:48.754048,2025-08-16 15:17:48.754048
case_12,Create Purchase Order,Francois de Perrier,2025-08-14 23:45:48.754048,2025-08-16 15:33:48.754048,2025-08-16 15:42:48.754048
case_23,Create Request for Quotation Requester Manager,Maris Freeman,2025-08-15 10:38:48.754048,2025-08-16 15:50:48.754048,2025-08-16 15:52:48.754048
case_31,Create Purchase Requisition,Anne Olwada,2025-08-16 16:09:48.754048,2025-08-16 16:09:48.754048,2025-08-16 17:02:48.754048
case_23,Analyze Request for Quotation,Karel de Groot,2025-08-16 15:52:48.754048,2025-08-16 18:30:48.754048,2025-08-16 18:46:48.754048
case_26,Analyze Request for Quotation,Magdalena Predutta,2025-08-15 15:40:48.754048,2025-08-16 18:37:48.754048,2025-08-16 18:45:48.754048
case_25,Send Request for Quotation to Supplier,Francois de Perrier,2025-08-16 07:29:48.754048,2025-08-16 20:10:48.754048,2025-08-16 20:28:48.754048
case_24,Analyze Request for Quotation,Francois de Perrier,2025-08-15 07:10:48.754048,2025-08-16 20:11:48.754048,2025-08-16 20:40:48.754048
case_29,Create Request for Quotation Requester Manager,Francis Odell,2025-08-16 06:38:48.754048,2025-08-16 20:29:48.754048,2025-08-16 20:31:48.754048
case_29,Analyze Request for Quotation,Francois de Perrier,2025-08-16 20:31:48.754048,2025-08-16 21:08:48.754048,2025-08-16 21:30:48.754048
case_31,Analyze Purchase Requisition,Maris Freeman,2025-08-16 17:02:48.754048,2025-08-16 21:35:48.754048,2025-08-16 21:37:48.754048
case_29,Send Request for Quotation to Supplier,Francois de Perrier,2025-08-16 21:30:48.754048,2025-08-16 22:24:48.754048,2025-08-16 22:37:48.754048
case_13,Approve Purchase Order for payment,Magdalena Predutta,2025-08-16 11:59:48.754048,2025-08-16 22:25:48.754048,2025-08-16 22:25:48.754048
case_31,Create Request for Quotation Requester,Penn Osterwalder,2025-08-16 21:37:48.754048,2025-08-16 22:42:48.754048,2025-08-16 22:49:48.754048
case_12,Confirm Purchase Order,Kiu Kan,2025-08-16 15:42:48.754048,2025-08-17 00:50:48.754048,2025-08-17 01:01:48.754048
case_30,Analyze Purchase Requisition,Francis Odell,2025-08-16 13:17:48.754048,2025-08-17 01:22:48.754048,2025-08-17 01:24:48.754048
case_27,Analyze Request for Quotation,Francois de Perrier,2025-08-16 15:17:48.754048,2025-08-17 02:16:48.754048,2025-08-17 02:42:48.754048
case_22,Create Purchase Order,Francois de Perrier,2025-08-16 15:36:48.754048,2025-08-17 04:15:48.754048,2025-08-17 04:21:48.754048
case_27,Amend Request for Quotation Requester,Anne Olwada,2025-08-17 02:42:48.754048,2025-08-17 04:20:48.754048,2025-08-17 04:29:48.754048
case_30,Create Request for Quotation Requester Manager,Heinz Gutschmidt,2025-08-17 01:24:48.754048,2025-08-17 04:27:48.754048,2025-08-17 04:27:48.754048
case_29,Create Quotation comparison Map,Magdalena Predutta,2025-08-16 22:37:48.754048,2025-08-17 04:33:48.754048,2025-08-17 10:05:48.754048
case_30,Analyze Request for Quotation,Francois de Perrier,2025-08-17 04:27:48.754048,2025-08-17 05:37:48.754048,2025-08-17 05:58:48.754048
case_20,Create Quotation comparison Map,Francois de Perrier,2025-08-13 05:31:48.754048,2025-08-17 07:57:48.754048,2025-08-17 10:00:48.754048
case_7,Deliver Goods Services,Esmeralda Clay,2025-08-16 01:20:48.754048,2025-08-17 09:21:48.754048,2025-08-18 00:31:48.754048
case_27,Analyze Request for Quotation,Karel de Groot,2025-08-17 04:29:48.754048,2025-08-17 10:20:48.754048,2025-08-17 10:39:48.754048
case_29,Analyze Quotation comparison Map,Alberto Duport,2025-08-17 10:05:48.754048,2025-08-17 10:43:48.754048,2025-08-17 10:49:48.754048
case_20,Analyze Quotation comparison Map,Tesca Lobes,2025-08-17 10:00:48.754048,2025-08-17 11:11:48.754048,2025-08-17 11:20:48.754048
case_20,Choose best option,Tesca Lobes,2025-08-17 11:20:48.754048,2025-08-17 11:27:48.754048,2025-08-17 11:27:48.754048
case_29,Choose best option,Fjodor Kowalski,2025-08-17 10:49:48.754048,2025-08-17 13:24:48.754048,2025-08-17 13:24:48.754048
case_20,Settle conditions with supplier,Magdalena Predutta,2025-08-17 11:27:48.754048,2025-08-17 15:13:48.754048,2025-08-18 01:38:48.754048
case_27,Send Request for Quotation to Supplier,Francois de Perrier,2025-08-17 10:39:48.754048,2025-08-17 16:22:48.754048,2025-08-17 16:37:48.754048
case_30,Send Request for Quotation to Supplier,Magdalena Predutta,2025-08-17 05:58:48.754048,2025-08-17 17:20:48.754048,2025-08-17 17:44:48.754048
case_30,Create Quotation comparison Map,Francois de Perrier,2025-08-17 17:44:48.754048,2025-08-17 18:54:48.754048,2025-08-17 19:31:48.754048
case_24,Send Request for Quotation to Supplier,Karel de Groot,2025-08-16 20:40:48.754048,2025-08-17 19:57:48.754048,2025-08-17 20:26:48.754048
case_31,Analyze Request for Quotation,Francois de Perrier,2025-08-16 22:49:48.754048,2025-08-17 20:34:48.754048,2025-08-17 21:10:48.754048
case_1,Create Purchase Order,Francois de Perrier,2025-08-14 12:19:48.754048,2025-08-17 21:06:48.754048,2025-08-17 21:16:48.754048
case_25,Create Quotation comparison Map,Karel de Groot,2025-08-16 20:28:48.754048,2025-08-17 21:11:48.754048,2025-08-18 01:23:48.754048
case_30,Analyze Quotation comparison Map,Anne Olwada,2025-08-17 19:31:48.754048,2025-08-17 21:37:48.754048,2025-08-17 22:00:48.754048
case_31,Amend Request for Quotation Requester,Miu Hanwan,2025-08-17 21:10:48.754048,2025-08-17 23:06:48.754048,2025-08-17 23:22:48.754048
case_24,Create Quotation comparison Map,Karel de Groot,2025-08-17 20:26:48.754048,2025-08-17 23:29:48.754048,2025-08-18 05:22:48.754048
case_6,Approve Purchase Order for payment,Magdalena Predutta,2025-08-13 13:02:48.754048,2025-08-18 00:41:48.754048,2025-08-18 00:41:48.754048
case_7,Release Purchase Order,Immanuel Karagianni,2025-08-18 00:31:48.754048,2025-08-18 00:50:48.754048,2025-08-18 00:50:48.754048
case_28,Analyze Request for Quotation,Karel de Groot,2025-08-16 06:42:48.754048,2025-08-18 01:02:48.754048,2025-08-18 01:31:48.754048
case_31,Analyze Request for Quotation,Karel de Groot,2025-08-17 23:22:48.754048,2025-08-18 01:29:48.754048,2025-08-18 01:59:48.754048
case_25,Analyze Quotation comparison Map,Immanuel Karagianni,2025-08-18 01:23:48.754048,2025-08-18 01:45:48.754048,2025-08-18 01:54:48.754048
case_30,Choose best option,Fjodor Kowalski,2025-08-17 22:00:48.754048,2025-08-18 02:34:48.754048,2025-08-18 02:34:48.754048
case_7,Approve Purchase Order for payment,Magdalena Predutta,2025-08-18 00:50:48.754048,2025-08-18 03:36:48.754048,2025-08-18 03:36:48.754048
case_25,Choose best option,Fjodor Kowalski,2025-08-18 01:54:48.754048,2025-08-18 04:13:48.754048,2025-08-18 04:13:48.754048
case_28,Send Request for Quotation to Supplier,Magdalena Predutta,2025-08-18 01:31:48.754048,2025-08-18 04:44:48.754048,2025-08-18 05:15:48.754048
case_1,Confirm Purchase Order,Kiu Kan,2025-08-17 21:16:48.754048,2025-08-18 05:29:48.754048,2025-08-18 05:40:48.754048
case_24,Analyze Quotation comparison Map,Immanuel Karagianni,2025-08-18 05:22:48.754048,2025-08-18 06:15:48.754048,2025-08-18 06:37:48.754048
case_29,Settle conditions with supplier,Francois de Perrier,2025-08-17 13:24:48.754048,2025-08-18 10:15:48.754048,2025-08-18 18:21:48.754048
case_24,Choose best option,Anne Olwada,2025-08-18 06:37:48.754048,2025-08-18 11:13:48.754048,2025-08-18 11:13:48.754048
case_30,Settle conditions with supplier,Magdalena Predutta,2025-08-18 02:34:48.754048,2025-08-18 13:07:48.754048,2025-08-19 01:48:48.754048
case_24,Settle conditions with supplier,Karel de Groot,2025-08-18 11:13:48.754048,2025-08-18 13:31:48.754048,2025-08-18 18:49:48.754048
case_31,Send Request for Quotation to Supplier,Francois de Perrier,2025-08-18 01:59:48.754048,2025-08-18 14:57:48.754048,2025-08-18 16:21:48.754048
case_32,Create Purchase Requisition,Alberto Duport,2025-08-18 20:52:48.754048,2025-08-18 20:52:48.754048,2025-08-18 21:43:48.754048
case_32,Create Request for Quotation Requester,Immanuel Karagianni,2025-08-18 21:43:48.754048,2025-08-19 02:16:48.754048,2025-08-19 02:25:48.754048
case_33,Create Purchase Requisition,Tesca Lobes,2025-08-19 02:39:48.754048,2025-08-19 02:39:48.754048,2025-08-19 03:06:48.754048
case_6,Send invoice,Esmeralda Clay,2025-08-18 00:41:48.754048,2025-08-19 03:08:48.754048,2025-08-19 03:08:48.754048
case_6,Release Supplier's Invoice,Karalda Nimwada,2025-08-19 03:08:48.754048,2025-08-19 03:25:48.754048,2025-08-19 03:29:48.754048
case_6,Authorize Supplier's Invoice payment,Karalda Nimwada,2025-08-19 03:29:48.754048,2025-08-19 03:44:48.754048,2025-08-19 03:44:48.754048
case_25,Settle conditions with supplier,Francois de Perrier,2025-08-18 04:13:48.754048,2025-08-19 04:21:48.754048,2025-08-19 06:43:48.754048
case_28,Create Quotation comparison Map,Magdalena Predutta,2025-08-18 05:15:48.754048,2025-08-19 05:14:48.754048,2025-08-19 10:08:48.754048
case_33,Analyze Purchase Requisition,Francis Odell,2025-08-19 03:06:48.754048,2025-08-19 06:58:48.754048,2025-08-19 07:04:48.754048
case_31,Create Quotation comparison Map,Magdalena Predutta,2025-08-18 16:21:48.754048,2025-08-19 07:19:48.754048,2025-08-19 10:53:48.754048
case_33,Create Request for Quotation Requester Manager,Heinz Gutschmidt,2025-08-19 07:04:48.754048,2025-08-19 07:26:48.754048,2025-08-19 07:27:48.754048
case_24,Create Purchase Order,Magdalena Predutta,2025-08-18 18:49:48.754048,2025-08-19 07:33:48.754048,2025-08-19 07:39:48.754048
case_29,Create Purchase Order,Karel de Groot,2025-08-18 18:21:48.754048,2025-08-19 07:51:48.754048,2025-08-19 09:03:48.754048
case_6,Pay invoice,Karalda Nimwada,2025-08-19 03:44:48.754048,2025-08-19 10:48:48.754048,2025-08-19 10:56:48.754048
case_7,Send invoice,Carmen Finacse,2025-08-18 03:36:48.754048,2025-08-19 12:01:48.754048,2025-08-19 12:01:48.754048
case_28,Analyze Quotation comparison Map,Penn Osterwalder,2025-08-19 10:08:48.754048,2025-08-19 13:02:48.754048,2025-08-19 13:22:48.754048
case_7,Release Supplier's Invoice,Karalda Nimwada,2025-08-19 12:01:48.754048,2025-08-19 13:22:48.754048,2025-08-19 13:24:48.754048
case_31,Analyze Quotation comparison Map,Kim Passa,2025-08-19 10:53:48.754048,2025-08-19 13:46:48.754048,2025-08-19 14:01:48.754048
case_28,Choose best option,Alberto Duport,2025-08-19 13:22:48.754048,2025-08-19 14:20:48.754048,2025-08-19 14:20:48.754048
case_34,Create Purchase Requisition,Penn Osterwalder,2025-08-19 14:52:48.754048,2025-08-19 14:52:48.754048,2025-08-19 15:13:48.754048
case_7,Authorize Supplier's Invoice payment,Pedro Alvares,2025-08-19 13:24:48.754048,2025-08-19 15:22:48.754048,2025-08-19 15:22:48.754048
case_28,Settle conditions with supplier,Francois de Perrier,2025-08-19 14:20:48.754048,2025-08-19 15:36:48.754048,2025-08-20 05:37:48.754048
case_27,Create Quotation comparison Map,Magdalena Predutta,2025-08-17 16:37:48.754048,2025-08-19 15:55:48.754048,2025-08-19 18:26:48.754048
case_24,Confirm Purchase Order,Carmen Finacse,2025-08-19 07:39:48.754048,2025-08-19 16:18:48.754048,2025-08-19 16:36:48.754048
case_30,Create Purchase Order,Magdalena Predutta,2025-08-19 01:48:48.754048,2025-08-19 16:49:48.754048,2025-08-19 16:56:48.754048
case_35,Create Purchase Requisition,Immanuel Karagianni,2025-08-19 17:09:48.754048,2025-08-19 17:09:48.754048,2025-08-19 17:47:48.754048
case_7,Pay invoice,Pedro Alvares,2025-08-19 15:22:48.754048,2025-08-19 18:56:48.754048,2025-08-19 19:08:48.754048
case_33,Analyze Request for Quotation,Karel de Groot,2025-08-19 07:27:48.754048,2025-08-19 18:56:48.754048,2025-08-19 19:12:48.754048
case_33,Amend Request for Quotation Requester,Christian Francois,2025-08-19 19:12:48.754048,2025-08-19 19:54:48.754048,2025-08-19 20:03:48.754048
case_27,Analyze Quotation comparison Map,Alberto Duport,2025-08-19 18:26:48.754048,2025-08-19 20:23:48.754048,2025-08-19 20:51:48.754048
case_31,Choose best option,Penn Osterwalder,2025-08-19 14:01:48.754048,2025-08-19 20:29:48.754048,2025-08-19 20:29:48.754048
case_27,Choose best option,Nico Ojenbeer,2025-08-19 20:51:48.754048,2025-08-19 21:00:48.754048,2025-08-19 21:00:48.754048
case_34,Analyze Purchase Requisition,Heinz Gutschmidt,2025-08-19 15:13:48.754048,2025-08-19 21:20:48.754048,2025-08-19 21:25:48.754048
case_27,Settle conditions with supplier,Francois de Perrier,2025-08-19 21:00:48.754048,2025-08-19 22:44:48.754048,2025-08-20 07:25:48.754048
case_34,Create Request for Quotation Requester Manager,Francis Odell,2025-08-19 21:25:48.754048,2025-08-19 22:45:48.754048,2025-08-19 22:45:48.754048
case_20,Create Purchase Order,Karel de Groot,2025-08-18 01:38:48.754048,2025-08-19 23:54:48.754048,2025-08-20 00:05:48.754048
case_30,Confirm Purchase Order,Karen Clarens,2025-08-19 16:56:48.754048,2025-08-20 00:18:48.754048,2025-08-20 00:37:48.754048
case_31,Settle conditions with supplier,Magdalena Predutta,2025-08-19 20:29:48.754048,2025-08-20 00:27:48.754048,2025-08-20 08:30:48.754048
case_35,Create Request for Quotation Requester Manager,Francis Odell,2025-08-19 17:47:48.754048,2025-08-20 01:59:48.754048,2025-08-20 02:02:48.754048
case_34,Analyze Request for Quotation,Francois de Perrier,2025-08-19 22:45:48.754048,2025-08-20 02:55:48.754048,2025-08-20 03:19:48.754048
case_35,Analyze Request for Quotation,Francois de Perrier,2025-08-20 02:02:48.754048,2025-08-20 04:50:48.754048,2025-08-20 05:12:48.754048
case_35,Amend Request for Quotation Requester,Alberto Duport,2025-08-20 05:12:48.754048,2025-08-20 05:55:48.754048,2025-08-20 06:02:48.754048
case_35,Analyze Request for Quotation,Francois de Perrier,2025-08-20 06:02:48.754048,2025-08-20 07:20:48.754048,2025-08-20 07:24:48.754048
case_25,Create Purchase Order,Karel de Groot,2025-08-19 06:43:48.754048,2025-08-20 08:23:48.754048,2025-08-20 08:31:48.754048
case_29,Confirm Purchase Order,Carmen Finacse,2025-08-19 09:03:48.754048,2025-08-20 13:13:48.754048,2025-08-20 13:19:48.754048
case_33,Analyze Request for Quotation,Karel de Groot,2025-08-19 20:03:48.754048,2025-08-20 15:45:48.754048,2025-08-20 16:08:48.754048
case_36,Create Purchase Requisition,Penn Osterwalder,2025-08-20 16:00:48.754048,2025-08-20 16:00:48.754048,2025-08-20 16:12:48.754048
case_33,Amend Request for Quotation Requester,Esmana Liubiata,2025-08-20 16:08:48.754048,2025-08-20 16:18:48.754048,2025-08-20 16:33:48.754048
case_29,Deliver Goods Services,Kiu Kan,2025-08-20 13:19:48.754048,2025-08-20 17:01:48.754048,2025-08-21 18:50:48.754048
case_28,Create Purchase Order,Francois de Perrier,2025-08-20 05:37:48.754048,2025-08-20 18:35:48.754048,2025-08-20 18:44:48.754048
case_37,Create Purchase Requisition,Alberto Duport,2025-08-20 18:54:48.754048,2025-08-20 18:54:48.754048,2025-08-20 19:30:48.754048
case_35,Send Request for Quotation to Supplier,Francois de Perrier,2025-08-20 07:24:48.754048,2025-08-20 19:58:48.754048,2025-08-20 20:12:48.754048
case_31,Create Purchase Order,Magdalena Predutta,2025-08-20 08:30:48.754048,2025-08-20 20:30:48.754048,2025-08-20 20:41:48.754048
case_37,Create Request for Quotation Requester,Miu Hanwan,2025-08-20 19:30:48.754048,2025-08-20 20:44:48.754048,2025-08-20 20:52:48.754048
case_13,Send invoice,Esmeralda Clay,2025-08-16 22:25:48.754048,2025-08-20 22:26:48.754048,2025-08-20 22:26:48.754048
case_12,Deliver Goods Services,Karen Clarens,2025-08-17 01:01:48.754048,2025-08-20 22:42:48.754048,2025-08-21 08:06:48.754048
case_33,Analyze Request for Quotation,Karel de Groot,2025-08-20 16:33:48.754048,2025-08-20 22:44:48.754048,2025-08-21 00:20:48.754048
case_32,Analyze Request for Quotation,Francois de Perrier,2025-08-19 02:25:48.754048,2025-08-21 00:25:48.754048,2025-08-21 00:45:48.754048
case_36,Analyze Purchase Requisition,Francis Odell,2025-08-20 16:12:48.754048,2025-08-21 01:00:48.754048,2025-08-21 01:05:48.754048
case_35,Create Quotation comparison Map,Magdalena Predutta,2025-08-20 20:12:48.754048,2025-08-21 01:35:48.754048,2025-08-21 07:39:48.754048
case_13,Release Supplier's Invoice,Pedro Alvares,2025-08-20 22:26:48.754048,2025-08-21 01:43:48.754048,2025-08-21 01:47:48.754048
case_28,Confirm Purchase Order,Esmeralda Clay,2025-08-20 18:44:48.754048,2025-08-21 02:05:48.754048,2025-08-21 02:26:48.754048
case_13,Settle dispute with supplier Financial Manager,Karalda Nimwada,2025-08-21 01:47:48.754048,2025-08-21 02:39:48.754048,2025-08-21 03:00:48.754048
case_37,Analyze Request for Quotation,Magdalena Predutta,2025-08-20 20:52:48.754048,2025-08-21 03:15:48.754048,2025-08-21 03:39:48.754048
case_37,Amend Request for Quotation Requester,Esmana Liubiata,2025-08-21 03:39:48.754048,2025-08-21 03:51:48.754048,2025-08-21 03:57:48.754048
case_37,Analyze Request for Quotation,Magdalena Predutta,2025-08-21 03:57:48.754048,2025-08-21 06:42:48.754048,2025-08-21 07:15:48.754048
case_36,Create Request for Quotation Requester Manager,Heinz Gutschmidt,2025-08-21 01:05:48.754048,2025-08-21 07:21:48.754048,2025-08-21 07:24:48.754048
case_12,Release Purchase Order,Tesca Lobes,2025-08-21 08:06:48.754048,2025-08-21 09:09:48.754048,2025-08-21 09:09:48.754048
case_13,Authorize Supplier's Invoice payment,Karalda Nimwada,2025-08-21 03:00:48.754048,2025-08-21 09:34:48.754048,2025-08-21 09:34:48.754048
case_13,Pay invoice,Pedro Alvares,2025-08-21 09:34:48.754048,2025-08-21 09:47:48.754048,2025-08-21 09:56:48.754048
case_32,Amend Request for Quotation Requester,Tesca Lobes,2025-08-21 00:45:48.754048,2025-08-21 09:57:48.754048,2025-08-21 10:09:48.754048
case_35,Analyze Quotation comparison Map,Anne Olwada,2025-08-21 07:39:48.754048,2025-08-21 11:06:48.754048,2025-08-21 11:33:48.754048
case_35,Choose best option,Fjodor Kowalski,2025-08-21 11:33:48.754048,2025-08-21 12:42:48.754048,2025-08-21 12:42:48.754048
case_32,Analyze Request for Quotation,Francois de Perrier,2025-08-21 10:09:48.754048,2025-08-21 12:42:48.754048,2025-08-21 12:52:48.754048
case_28,Deliver Goods Services,Carmen Finacse,2025-08-21 02:26:48.754048,2025-08-21 14:11:48.754048,2025-08-22 17:31:48.754048
case_37,Amend Request for Quotation Requester Manager,Francis Odell,2025-08-21 07:15:48.754048,2025-08-21 18:21:48.754048,2025-08-21 18:32:48.754048
case_38,Create Purchase Requisition,Tesca Lobes,2025-08-21 20:26:48.754048,2025-08-21 20:26:48.754048,2025-08-21 22:46:48.754048
case_27,Create Purchase Order,Francois de Perrier,2025-08-20 07:25:48.754048,2025-08-21 21:29:48.754048,2025-08-21 21:38:48.754048
case_29,Release Purchase Order,Fjodor Kowalski,2025-08-21 18:50:48.754048,2025-08-21 21:47:48.754048,2025-08-21 21:47:48.754048
case_36,Analyze Request for Quotation,Magdalena Predutta,2025-08-21 07:24:48.754048,2025-08-21 22:22:48.754048,2025-08-21 23:06:48.754048
case_39,Create Purchase Requisition,Nico Ojenbeer,2025-08-21 23:37:48.754048,2025-08-21 23:37:48.754048,2025-08-21 23:56:48.754048
case_37,Analyze Request for Quotation,Magdalena Predutta,2025-08-21 18:32:48.754048,2025-08-21 23:41:48.754048,2025-08-21 23:51:48.754048
case_1,Deliver Goods Services,Kiu Kan,2025-08-18 05:40:48.754048,2025-08-22 00:51:48.754048,2025-08-23 18:34:48.754048
case_37,Amend Request for Quotation Requester,Anne Olwada,2025-08-21 23:51:48.754048,2025-08-22 01:16:48.754048,2025-08-22 01:16:48.754048
case_30,Deliver Goods Services,Esmeralda Clay,2025-08-20 00:37:48.754048,2025-08-22 01:56:48.754048,2025-08-22 09:38:48.754048
case_12,Approve Purchase Order for payment,Karel de Groot,2025-08-21 09:09:48.754048,2025-08-22 03:19:48.754048,2025-08-22 03:19:48.754048
case_40,Create Purchase Requisition,Nico Ojenbeer,2025-08-22 05:04:48.754048,2025-08-22 05:04:48.754048,2025-08-22 06:55:48.754048
case_35,Settle conditions with supplier,Francois de Perrier,2025-08-21 12:42:48.754048,2025-08-22 07:52:48.754048,2025-08-22 18:33:48.754048
case_32,Amend Request for Quotation Requester Manager,Maris Freeman,2025-08-21 12:52:48.754048,2025-08-22 08:23:48.754048,2025-08-22 08:31:48.754048
case_36,Send Request for Quotation to Supplier,Karel de Groot,2025-08-21 23:06:48.754048,2025-08-22 08:24:48.754048,2025-08-22 08:44:48.754048
case_32,Analyze Request for Quotation,Magdalena Predutta,2025-08-22 08:31:48.754048,2025-08-22 10:29:48.754048,2025-08-22 10:37:48.754048
case_39,Analyze Purchase Requisition,Heinz Gutschmidt,2025-08-21 23:56:48.754048,2025-08-22 12:12:48.754048,2025-08-22 12:16:48.754048
case_40,Analyze Purchase Requisition,Francis Odell,2025-08-22 06:55:48.754048,2025-08-22 14:39:48.754048,2025-08-22 14:45:48.754048
case_32,Amend Request for Quotation Requester,Nico Ojenbeer,2025-08-22 10:37:48.754048,2025-08-22 15:03:48.754048,2025-08-22 15:18:48.754048
case_28,Release Purchase Order,Kim Passa,2025-08-22 17:31:48.754048,2025-08-22 19:01:48.754048,2025-08-22 19:01:48.754048
case_40,Create Request for Quotation Requester,Christian Francois,2025-08-22 14:45:48.754048,2025-08-22 19:06:48.754048,2025-08-22 19:16:48.754048
case_36,Create Quotation comparison Map,Francois de Perrier,2025-08-22 08:44:48.754048,2025-08-22 19:41:48.754048,2025-08-22 20:18:48.754048
case_41,Create Purchase Requisition,Tesca Lobes,2025-08-22 20:38:48.754048,2025-08-22 20:38:48.754048,2025-08-22 21:27:48.754048
case_36,Analyze Quotation comparison Map,Esmana Liubiata,2025-08-22 20:18:48.754048,2025-08-22 21:10:48.754048,2025-08-22 21:20:48.754048
case_39,Create Request for Quotation Requester Manager,Heinz Gutschmidt,2025-08-22 12:16:48.754048,2025-08-22 21:51:48.754048,2025-08-22 21:54:48.754048
case_40,Analyze Request for Quotation,Francois de Perrier,2025-08-22 19:16:48.754048,2025-08-22 22:22:48.754048,2025-08-22 22:42:48.754048
case_29,Approve Purchase Order for payment,Karel de Groot,2025-08-21 21:47:48.754048,2025-08-22 23:14:48.754048,2025-08-22 23:14:48.754048
case_28,Approve Purchase Order for payment,Francois de Perrier,2025-08-22 19:01:48.754048,2025-08-22 23:16:48.754048,2025-08-22 23:16:48.754048
case_30,Release Purchase Order,Fjodor Kowalski,2025-08-22 09:38:48.754048,2025-08-23 02:42:48.754048,2025-08-23 02:42:48.754048
case_29,Send invoice,Karen Clarens,2025-08-22 23:14:48.754048,2025-08-23 02:46:48.754048,2025-08-23 02:46:48.754048
case_29,Release Supplier's Invoice,Karalda Nimwada,2025-08-23 02:46:48.754048,2025-08-23 03:12:48.754048,2025-08-23 03:14:48.754048
case_36,Choose best option,Esmana Liubiata,2025-08-22 21:20:48.754048,2025-08-23 04:00:48.754048,2025-08-23 04:00:48.754048
case_40,Amend Request for Quotation Requester,Alberto Duport,2025-08-22 22:42:48.754048,2025-08-23 04:39:48.754048,2025-08-23 04:54:48.754048
case_35,Create Purchase Order,Karel de Groot,2025-08-22 18:33:48.754048,2025-08-23 05:26:48.754048,2025-08-23 05:38:48.754048
case_25,Confirm Purchase Order,Carmen Finacse,2025-08-20 08:31:48.754048,2025-08-23 07:02:48.754048,2025-08-23 07:26:48.754048
case_28,Send invoice,Esmeralda Clay,2025-08-22 23:16:48.754048,2025-08-23 07:38:48.754048,2025-08-23 07:38:48.754048
case_28,Release Supplier's Invoice,Karalda Nimwada,2025-08-23 07:38:48.754048,2025-08-23 07:47:48.754048,2025-08-23 07:50:48.754048
case_28,Authorize Supplier's Invoice payment,Karalda Nimwada,2025-08-23 07:50:48.754048,2025-08-23 07:50:48.754048,2025-08-23 07:50:48.754048
case_40,Analyze Request for Quotation,Francois de Perrier,2025-08-23 04:54:48.754048,2025-08-23 08:00:48.754048,2025-08-23 08:12:48.754048
case_29,Authorize Supplier's Invoice payment,Pedro Alvares,2025-08-23 03:14:48.754048,2025-08-23 09:01:48.754048,2025-08-23 09:01:48.754048
case_27,Confirm Purchase Order,Karen Clarens,2025-08-21 21:38:48.754048,2025-08-23 10:43:48.754048,2025-08-23 12:07:48.754048
case_42,Create Purchase Requisition,Fjodor Kowalski,2025-08-23 10:46:48.754048,2025-08-23 10:46:48.754048,2025-08-23 12:03:48.754048
case_29,Pay invoice,Pedro Alvares,2025-08-23 09:01:48.754048,2025-08-23 11:25:48.754048,2025-08-23 11:33:48.754048
case_38,Analyze Purchase Requisition,Heinz Gutschmidt,2025-08-21 22:46:48.754048,2025-08-23 13:22:48.754048,2025-08-23 13:30:48.754048
case_43,Create Purchase Requisition,Nico Ojenbeer,2025-08-23 15:18:48.754048,2025-08-23 15:18:48.754048,2025-08-23 15:24:48.754048
case_37,Analyze Request for Quotation,Magdalena Predutta,2025-08-22 01:16:48.754048,2025-08-23 16:35:48.754048,2025-08-23 16:51:48.754048
case_44,Create Purchase Requisition,Alberto Duport,2025-08-23 17:23:48.754048,2025-08-23 17:23:48.754048,2025-08-23 19:04:48.754048
case_37,Amend Request for Quotation Requester,Immanuel Karagianni,2025-08-23 16:51:48.754048,2025-08-23 17:29:48.754048,2025-08-23 17:39:48.754048
case_12,Send invoice,Sean Manney,2025-08-22 03:19:48.754048,2025-08-23 17:48:48.754048,2025-08-23 17:48:48.754048
case_42,Analyze Purchase Requisition,Maris Freeman,2025-08-23 12:03:48.754048,2025-08-23 18:16:48.754048,2025-08-23 18:22:48.754048
case_31,Confirm Purchase Order,Kiu Kan,2025-08-20 20:41:48.754048,2025-08-23 18:43:48.754048,2025-08-23 19:08:48.754048
case_12,Release Supplier's Invoice,Pedro Alvares,2025-08-23 17:48:48.754048,2025-08-23 19:20:48.754048,2025-08-23 19:24:48.754048
case_1,Release Purchase Order,Esmana Liubiata,2025-08-23 18:34:48.754048,2025-08-23 20:36:48.754048,2025-08-23 20:36:48.754048
case_37,Analyze Request for Quotation,Francois de Perrier,2025-08-23 17:39:48.754048,2025-08-23 20:57:48.754048,2025-08-23 21:37:48.754048
case_12,Authorize Supplier's Invoice payment,Karalda Nimwada,2025-08-23 19:24:48.754048,2025-08-23 20:59:48.754048,2025-08-23 20:59:48.754048
case_1,Approve Purchase Order for payment,Francois de Perrier,2025-08-23 20:36:48.754048,2025-08-23 21:30:48.754048,2025-08-23 21:30:48.754048
case_40,Send Request for Quotation to Supplier,Magdalena Predutta,2025-08-23 08:12:48.754048,2025-08-23 21:46:48.754048,2025-08-23 22:02:48.754048
case_28,Pay invoice,Karalda Nimwada,2025-08-23 07:50:48.754048,2025-08-23 22:16:48.754048,2025-08-23 22:27:48.754048
case_37,Send Request for Quotation to Supplier,Karel de Groot,2025-08-23 21:37:48.754048,2025-08-23 23:57:48.754048,2025-08-24 00:21:48.754048
case_12,Pay invoice,Pedro Alvares,2025-08-23 20:59:48.754048,2025-08-24 01:47:48.754048,2025-08-24 01:55:48.754048
case_35,Confirm Purchase Order,Carmen Finacse,2025-08-23 05:38:48.754048,2025-08-24 01:51:48.754048,2025-08-24 01:55:48.754048
case_44,Analyze Purchase Requisition,Heinz Gutschmidt,2025-08-23 19:04:48.754048,2025-08-24 01:52:48.754048,2025-08-24 01:55:48.754048
case_44,Create Request for Quotation Requester,Anne Olwada,2025-08-24 01:55:48.754048,2025-08-24 02:35:48.754048,2025-08-24 02:55:48.754048
case_45,Create Purchase Requisition,Christian Francois,2025-08-24 03:06:48.754048,2025-08-24 03:06:48.754048,2025-08-24 03:40:48.754048
case_24,Deliver Goods Services,Sean Manney,2025-08-19 16:36:48.754048,2025-08-24 03:09:48.754048,2025-08-24 06:22:48.754048
case_42,Create Request for Quotation Requester Manager,Maris Freeman,2025-08-23 18:22:48.754048,2025-08-24 05:37:48.754048,2025-08-24 05:39:48.754048
case_41,Create Request for Quotation Requester Manager,Maris Freeman,2025-08-22 21:27:48.754048,2025-08-24 06:55:48.754048,2025-08-24 06:57:48.754048
case_32,Analyze Request for Quotation,Francois de Perrier,2025-08-22 15:18:48.754048,2025-08-24 12:18:48.754048,2025-08-24 12:47:48.754048
case_30,Approve Purchase Order for payment,Karel de Groot,2025-08-23 02:42:48.754048,2025-08-24 12:20:48.754048,2025-08-24 12:20:48.754048
case_38,Create Request for Quotation Requester Manager,Maris Freeman,2025-08-23 13:30:48.754048,2025-08-24 12:28:48.754048,2025-08-24 12:30:48.754048
case_42,Analyze Request for Quotation,Francois de Perrier,2025-08-24 05:39:48.754048,2025-08-24 13:11:48.754048,2025-08-24 13:24:48.754048
case_42,Send Request for Quotation to Supplier,Karel de Groot,2025-08-24 13:24:48.754048,2025-08-24 13:42:48.754048,2025-08-24 14:06:48.754048
case_37,Create Quotation comparison Map,Magdalena Predutta,2025-08-24 00:21:48.754048,2025-08-24 15:20:48.754048,2025-08-24 18:04:48.754048
case_43,Analyze Purchase Requisition,Maris Freeman,2025-08-23 15:24:48.754048,2025-08-24 16:30:48.754048,2025-08-24 16:36:48.754048
case_45,Create Request for Quotation Requester Manager,Maris Freeman,2025-08-24 03:40:48.754048,2025-08-24 16:44:48.754048,2025-08-24 16:46:48.754048
case_24,Release Purchase Order,Penn Osterwalder,2025-08-24 06:22:48.754048,2025-08-24 17:03:48.754048,2025-08-24 17:03:48.754048
case_43,Create Request for Quotation Requester Manager,Maris Freeman,2025-08-24 16:36:48.754048,2025-08-24 17:15:48.754048,2025-08-24 17:16:48.754048
case_38,Analyze Request for Quotation,Francois de Perrier,2025-08-24 12:30:48.754048,2025-08-24 18:03:48.754048,2025-08-24 18:45:48.754048
case_22,Confirm Purchase Order,Kiu Kan,2025-08-17 04:21:48.754048,2025-08-24 18:20:48.754048,2025-08-24 18:26:48.754048
case_32,Amend Request for Quotation Requester,Immanuel Karagianni,2025-08-24 12:47:48.754048,2025-08-24 18:21:48.754048,2025-08-24 18:29:48.754048
case_37,Analyze Quotation comparison Map,Fjodor Kowalski,2025-08-24 18:04:48.754048,2025-08-24 18:25:48.754048,2025-08-24 18:38:48.754048
case_37,Choose best option,Fjodor Kowalski,2025-08-24 18:38:48.754048,2025-08-24 18:40:48.754048,2025-08-24 18:40:48.754048
case_40,Create Quotation comparison Map,Karel de Groot,2025-08-23 22:02:48.754048,2025-08-24 19:17:48.754048,2025-08-24 20:21:48.754048
case_32,Analyze Request for Quotation,Magdalena Predutta,2025-08-24 18:29:48.754048,2025-08-24 20:08:48.754048,2025-08-24 20:27:48.754048
case_40,Analyze Quotation comparison Map,Anne Olwada,2025-08-24 20:21:48.754048,2025-08-24 20:25:48.754048,2025-08-24 20:45:48.754048
case_41,Analyze Request for Quotation,Karel de Groot,2025-08-24 06:57:48.754048,2025-08-24 20:43:48.754048,2025-08-24 20:58:48.754048
case_41,Amend Request for Quotation Requester,Christian Francois,2025-08-24 20:58:48.754048,2025-08-24 21:37:48.754048,2025-08-24 21:47:48.754048
case_37,Settle conditions with supplier,Francois de Perrier,2025-08-24 18:40:48.754048,2025-08-24 21:46:48.754048,2025-08-25 05:19:48.754048
case_24,Approve Purchase Order for payment,Karel de Groot,2025-08-24 17:03:48.754048,2025-08-24 21:49:48.754048,2025-08-24 21:49:48.754048
case_46,Create Purchase Requisition,Kim Passa,2025-08-24 21:52:48.754048,2025-08-24 21:52:48.754048,2025-08-24 23:51:48.754048
case_47,Create Purchase Requisition,Alberto Duport,2025-08-24 22:46:48.754048,2025-08-24 22:46:48.754048,2025-08-24 23:37:48.754048
case_43,Analyze Request for Quotation,Magdalena Predutta,2025-08-24 17:16:48.754048,2025-08-24 22:50:48.754048,2025-08-24 23:32:48.754048
case_42,Create Quotation comparison Map,Francois de Perrier,2025-08-24 14:06:48.754048,2025-08-24 23:27:48.754048,2025-08-25 03:53:48.754048
case_47,Analyze Purchase Requisition,Heinz Gutschmidt,2025-08-24 23:37:48.754048,2025-08-24 23:52:48.754048,2025-08-24 23:57:48.754048
case_38,Amend Request for Quotation Requester,Esmana Liubiata,2025-08-24 18:45:48.754048,2025-08-25 00:04:48.754048,2025-08-25 00:21:48.754048
case_45,Analyze Request for Quotation,Francois de Perrier,2025-08-24 16:46:48.754048,2025-08-25 00:22:48.754048,2025-08-25 00:48:48.754048
case_39,Analyze Request for Quotation,Magdalena Predutta,2025-08-22 21:54:48.754048,2025-08-25 00:36:48.754048,2025-08-25 00:51:48.754048
case_48,Create Purchase Requisition,Christian Francois,2025-08-25 02:06:48.754048,2025-08-25 02:06:48.754048,2025-08-25 03:38:48.754048
case_40,Choose best option,Nico Ojenbeer,2025-08-24 20:45:48.754048,2025-08-25 02:08:48.754048,2025-08-25 02:08:48.754048
case_41,Analyze Request for Quotation,Magdalena Predutta,2025-08-24 21:47:48.754048,2025-08-25 05:14:48.754048,2025-08-25 05:38:48.754048
case_42,Analyze Quotation comparison Map,Christian Francois,2025-08-25 03:53:48.754048,2025-08-25 05:27:48.754048,2025-08-25 05:50:48.754048
case_47,Create Request for Quotation Requester,Fjodor Kowalski,2025-08-24 23:57:48.754048,2025-08-25 06:26:48.754048,2025-08-25 06:33:48.754048
case_49,Create Purchase Requisition,Fjodor Kowalski,2025-08-25 07:40:48.754048,2025-08-25 07:40:48.754048,2025-08-25 07:59:48.754048
case_49,Create Request for Quotation Requester Manager,Heinz Gutschmidt,2025-08-25 07:59:48.754048,2025-08-25 08:14:48.754048,2025-08-25 08:15:48.754048
case_35,Deliver Goods Services,Karen Clarens,2025-08-24 01:55:48.754048,2025-08-25 08:51:48.754048,2025-08-27 12:55:48.754048
case_38,Analyze Request for Quotation,Karel de Groot,2025-08-25 00:21:48.754048,2025-08-25 08:52:48.754048,2025-08-25 09:18:48.754048
case_15,Deliver Goods Services,Carmen Finacse,2025-08-14 04:13:48.754048,2025-08-25 10:25:48.754048,2025-08-26 00:54:48.754048
case_50,Create Purchase Requisition,Tesca Lobes,2025-08-25 10:38:48.754048,2025-08-25 10:38:48.754048,2025-08-25 11:16:48.754048
case_48,Create Request for Quotation Requester Manager,Francis Odell,2025-08-25 03:38:48.754048,2025-08-25 14:45:48.754048,2025-08-25 14:47:48.754048
case_42,Choose best option,Kim Passa,2025-08-25 05:50:48.754048,2025-08-25 14:56:48.754048,2025-08-25 14:56:48.754048
case_37,Create Purchase Order,Karel de Groot,2025-08-25 05:19:48.754048,2025-08-25 15:46:48.754048,2025-08-25 15:56:48.754048
case_39,Send Request for Quotation to Supplier,Francois de Perrier,2025-08-25 00:51:48.754048,2025-08-25 16:32:48.754048,2025-08-25 16:54:48.754048
case_46,Analyze Purchase Requisition,Maris Freeman,2025-08-24 23:51:48.754048,2025-08-25 18:09:48.754048,2025-08-25 18:15:48.754048
case_46,Create Request for Quotation Requester,Alberto Duport,2025-08-25 18:15:48.754048,2025-08-25 18:28:48.754048,2025-08-25 18:40:48.754048
case_32,Send Request for Quotation to Supplier,Francois de Perrier,2025-08-24 20:27:48.754048,2025-08-25 20:13:48.754048,2025-08-25 20:40:48.754048
case_31,Deliver Goods Services,Karen Clarens,2025-08-23 19:08:48.754048,2025-08-25 22:14:48.754048,2025-08-28 00:21:48.754048
case_32,Create Quotation comparison Map,Magdalena Predutta,2025-08-25 20:40:48.754048,2025-08-26 00:12:48.754048,2025-08-26 03:58:48.754048
case_50,Create Request for Quotation Requester Manager,Francis Odell,2025-08-25 11:16:48.754048,2025-08-26 00:26:48.754048,2025-08-26 00:27:48.754048
case_51,Create Purchase Requisition,Anne Olwada,2025-08-26 00:47:48.754048,2025-08-26 00:47:48.754048,2025-08-26 02:03:48.754048
case_15,Release Purchase Order,Esmana Liubiata,2025-08-26 00:54:48.754048,2025-08-26 01:00:48.754048,2025-08-26 01:00:48.754048
case_15,Approve Purchase Order for payment,Karel de Groot,2025-08-26 01:00:48.754048,2025-08-26 02:06:48.754048,2025-08-26 02:06:48.754048
case_24,Send invoice,Karen Clarens,2025-08-24 21:49:48.754048,2025-08-26 03:16:48.754048,2025-08-26 03:16:48.754048
case_49,Analyze Request for Quotation,Karel de Groot,2025-08-25 08:15:48.754048,2025-08-26 03:32:48.754048,2025-08-26 04:16:48.754048
case_39,Create Quotation comparison Map,Karel de Groot,2025-08-25 16:54:48.754048,2025-08-26 03:45:48.754048,2025-08-26 04:59:48.754048
case_24,Release Supplier's Invoice,Karalda Nimwada,2025-08-26 03:16:48.754048,2025-08-26 03:54:48.754048,2025-08-26 03:58:48.754048
case_32,Analyze Quotation comparison Map,Miu Hanwan,2025-08-26 03:58:48.754048,2025-08-26 04:22:48.754048,2025-08-26 04:46:48.754048
case_39,Analyze Quotation comparison Map,Penn Osterwalder,2025-08-26 04:59:48.754048,2025-08-26 05:25:48.754048,2025-08-26 05:38:48.754048
case_42,Settle conditions with supplier,Francois de Perrier,2025-08-25 14:56:48.754048,2025-08-26 05:29:48.754048,2025-08-26 15:10:48.754048
case_32,Choose best option,Penn Osterwalder,2025-08-26 04:46:48.754048,2025-08-26 05:39:48.754048,2025-08-26 05:39:48.754048
case_39,Choose best option,Alberto Duport,2025-08-26 05:38:48.754048,2025-08-26 05:48:48.754048,2025-08-26 05:48:48.754048
case_50,Analyze Request for Quotation,Magdalena Predutta,2025-08-26 00:27:48.754048,2025-08-26 06:01:48.754048,2025-08-26 06:11:48.754048
case_49,Amend Request for Quotation Requester,Tesca Lobes,2025-08-26 04:16:48.754048,2025-08-26 06:25:48.754048,2025-08-26 06:27:48.754048
case_44,Analyze Request for Quotation,Magdalena Predutta,2025-08-24 02:55:48.754048,2025-08-26 06:37:48.754048,2025-08-26 06:50:48.754048
case_44,Amend Request for Quotation Requester,Esmana Liubiata,2025-08-26 06:50:48.754048,2025-08-26 07:35:48.754048,2025-08-26 07:38:48.754048
case_52,Create Purchase Requisition,Tesca Lobes,2025-08-26 09:43:48.754048,2025-08-26 09:43:48.754048,2025-08-26 11:55:48.754048
case_44,Analyze Request for Quotation,Karel de Groot,2025-08-26 07:38:48.754048,2025-08-26 10:03:48.754048,2025-08-26 10:33:48.754048
case_15,Send invoice,Sean Manney,2025-08-26 02:06:48.754048,2025-08-26 10:05:48.754048,2025-08-26 10:05:48.754048
case_24,Settle dispute with supplier Financial Manager,Pedro Alvares,2025-08-26 03:58:48.754048,2025-08-26 12:05:48.754048,2025-08-26 12:18:48.754048
case_53,Create Purchase Requisition,Christian Francois,2025-08-26 12:34:48.754048,2025-08-26 12:34:48.754048,2025-08-26 12:49:48.754048
case_46,Analyze Request for Quotation,Magdalena Predutta,2025-08-25 18:40:48.754048,2025-08-26 12:40:48.754048,2025-08-26 13:01:48.754048
case_24,Authorize Supplier's Invoice payment,Pedro Alvares,2025-08-26 12:18:48.754048,2025-08-26 13:06:48.754048,2025-08-26 13:06:48.754048
case_32,Settle conditions with supplier,Magdalena Predutta,2025-08-26 05:39:48.754048,2025-08-26 15:02:48.754048,2025-08-27 00:53:48.754048
case_46,Amend Request for Quotation Requester,Fjodor Kowalski,2025-08-26 13:01:48.754048,2025-08-26 16:17:48.754048,2025-08-26 16:26:48.754048
case_48,Analyze Request for Quotation,Francois de Perrier,2025-08-25 14:47:48.754048,2025-08-26 16:17:48.754048,2025-08-26 16:37:48.754048
case_54,Create Purchase Requisition,Christian Francois,2025-08-26 16:34:48.754048,2025-08-26 16:34:48.754048,2025-08-26 17:04:48.754048
case_44,Amend Request for Quotation Requester Manager,Maris Freeman,2025-08-26 10:33:48.754048,2025-08-26 17:21:48.754048,2025-08-26 17:37:48.754048
case_24,Pay invoice,Pedro Alvares,2025-08-26 13:06:48.754048,2025-08-26 17:31:48.754048,2025-08-26 17:39:48.754048
case_39,Settle conditions with supplier,Francois de Perrier,2025-08-26 05:48:48.754048,2025-08-26 19:27:48.754048,2025-08-27 05:22:48.754048
case_44,Analyze Request for Quotation,Magdalena Predutta,2025-08-26 17:37:48.754048,2025-08-26 21:18:48.754048,2025-08-26 22:00:48.754048
case_15,Release Supplier's Invoice,Karalda Nimwada,2025-08-26 10:05:48.754048,2025-08-26 21:31:48.754048,2025-08-26 21:34:48.754048
case_53,Create Request for Quotation Requester,Anne Olwada,2025-08-26 12:49:48.754048,2025-08-26 23:42:48.754048,2025-08-26 23:54:48.754048
case_54,Analyze Purchase Requisition,Heinz Gutschmidt,2025-08-26 17:04:48.754048,2025-08-27 00:30:48.754048,2025-08-27 00:34:48.754048
case_50,Send Request for Quotation to Supplier,Magdalena Predutta,2025-08-26 06:11:48.754048,2025-08-27 00:50:48.754048,2025-08-27 01:21:48.754048
case_40,Settle conditions with supplier,Francois de Perrier,2025-08-25 02:08:48.754048,2025-08-27 01:23:48.754048,2025-08-27 08:13:48.754048
case_22,Deliver Goods Services,Esmeralda Clay,2025-08-24 18:26:48.754048,2025-08-27 02:12:48.754048,2025-08-28 03:49:48.754048
case_53,Analyze Request for Quotation,Karel de Groot,2025-08-26 23:54:48.754048,2025-08-27 02:55:48.754048,2025-08-27 03:17:48.754048
case_55,Create Purchase Requisition,Christian Francois,2025-08-27 03:06:48.754048,2025-08-27 03:06:48.754048,2025-08-27 03:40:48.754048
case_52,Analyze Purchase Requisition,Heinz Gutschmidt,2025-08-26 11:55:48.754048,2025-08-27 03:08:48.754048,2025-08-27 03:11:48.754048
case_51,Analyze Purchase Requisition,Maris Freeman,2025-08-26 02:03:48.754048,2025-08-27 04:25:48.754048,2025-08-27 04:32:48.754048
case_15,Settle dispute with supplier Financial Manager,Karalda Nimwada,2025-08-26 21:34:48.754048,2025-08-27 04:43:48.754048,2025-08-27 05:04:48.754048
case_44,Amend Request for Quotation Requester Manager,Heinz Gutschmidt,2025-08-26 22:00:48.754048,2025-08-27 05:18:48.754048,2025-08-27 05:28:48.754048
case_54,Create Request for Quotation Requester Manager,Francis Odell,2025-08-27 00:34:48.754048,2025-08-27 05:35:48.754048,2025-08-27 05:36:48.754048
case_42,Create Purchase Order,Karel de Groot,2025-08-26 15:10:48.754048,2025-08-27 05:51:48.754048,2025-08-27 06:03:48.754048
case_32,Create Purchase Order,Magdalena Predutta,2025-08-27 00:53:48.754048,2025-08-27 06:16:48.754048,2025-08-27 06:23:48.754048
case_56,Create Purchase Requisition,Alberto Duport,2025-08-27 06:29:48.754048,2025-08-27 06:29:48.754048,2025-08-27 06:59:48.754048
case_48,Send Request for Quotation to Supplier,Karel de Groot,2025-08-26 16:37:48.754048,2025-08-27 09:08:48.754048,2025-08-27 09:17:48.754048
case_57,Create Purchase Requisition,Esmana Liubiata,2025-08-27 09:15:48.754048,2025-08-27 09:15:48.754048,2025-08-27 14:48:48.754048
case_15,Authorize Supplier's Invoice payment,Pedro Alvares,2025-08-27 05:04:48.754048,2025-08-27 10:09:48.754048,2025-08-27 10:09:48.754048
case_15,Pay invoice,Karalda Nimwada,2025-08-27 10:09:48.754048,2025-08-27 10:09:48.754048,2025-08-27 11:07:48.754048
case_48,Create Quotation comparison Map,Karel de Groot,2025-08-27 09:17:48.754048,2025-08-27 11:24:48.754048,2025-08-27 16:32:48.754048
case_52,Create Request for Quotation Requester Manager,Maris Freeman,2025-08-27 03:11:48.754048,2025-08-27 11:46:48.754048,2025-08-27 11:49:48.754048
case_53,Send Request for Quotation to Supplier,Magdalena Predutta,2025-08-27 03:17:48.754048,2025-08-27 13:17:48.754048,2025-08-27 13:37:48.754048
case_35,Release Purchase Order,Nico Ojenbeer,2025-08-27 12:55:48.754048,2025-08-27 13:42:48.754048,2025-08-27 13:42:48.754048
case_55,Create Request for Quotation Requester,Penn Osterwalder,2025-08-27 03:40:48.754048,2025-08-27 16:47:48.754048,2025-08-27 16:55:48.754048
case_51,Create Request for Quotation Requester Manager,Francis Odell,2025-08-27 04:32:48.754048,2025-08-27 18:12:48.754048,2025-08-27 18:12:48.754048
case_49,Analyze Request for Quotation,Karel de Groot,2025-08-26 06:27:48.754048,2025-08-27 18:57:48.754048,2025-08-27 19:19:48.754048
case_40,Create Purchase Order,Magdalena Predutta,2025-08-27 08:13:48.754048,2025-08-27 20:06:48.754048,2025-08-27 20:10:48.754048
case_41,Send Request for Quotation to Supplier,Francois de Perrier,2025-08-25 05:38:48.754048,2025-08-27 20:36:48.754048,2025-08-27 20:47:48.754048
case_30,Send invoice,Kiu Kan,2025-08-24 12:20:48.754048,2025-08-27 20:53:48.754048,2025-08-27 20:53:48.754048
case_51,Analyze Request for Quotation,Magdalena Predutta,2025-08-27 18:12:48.754048,2025-08-27 21:30:48.754048,2025-08-27 21:38:48.754048
case_48,Analyze Quotation comparison Map,Alberto Duport,2025-08-27 16:32:48.754048,2025-08-27 22:27:48.754048,2025-08-27 22:40:48.754048
case_51,Amend Request for Quotation Requester,Kim Passa,2025-08-27 21:38:48.754048,2025-08-27 23:40:48.754048,2025-08-27 23:48:48.754048
case_48,Choose best option,Fjodor Kowalski,2025-08-27 22:40:48.754048,2025-08-28 00:27:48.754048,2025-08-28 00:27:48.754048
case_35,Approve Purchase Order for payment,Karel de Groot,2025-08-27 13:42:48.754048,2025-08-28 00:31:48.754048,2025-08-28 00:31:48.754048
case_39,Create Purchase Order,Karel de Groot,2025-08-27 05:22:48.754048,2025-08-28 00:53:48.754048,2025-08-28 01:02:48.754048
case_58,Create Purchase Requisition,Christian Francois,2025-08-28 03:11:48.754048,2025-08-28 03:11:48.754048,2025-08-28 04:00:48.754048
case_59,Create Purchase Requisition,Fjodor Kowalski,2025-08-28 03:13:48.754048,2025-08-28 03:13:48.754048,2025-08-28 03:47:48.754048
case_56,Analyze Purchase Requisition,Maris Freeman,2025-08-27 06:59:48.754048,2025-08-28 03:30:48.754048,2025-08-28 03:38:48.754048
case_56,Create Request for Quotation Requester,Immanuel Karagianni,2025-08-28 03:38:48.754048,2025-08-28 04:04:48.754048,2025-08-28 04:07:48.754048
case_44,Analyze Request for Quotation,Francois de Perrier,2025-08-27 05:28:48.754048,2025-08-28 04:58:48.754048,2025-08-28 05:14:48.754048
case_35,Send invoice,Esmeralda Clay,2025-08-28 00:31:48.754048,2025-08-28 05:40:48.754048,2025-08-28 05:40:48.754048
case_60,Create Purchase Requisition,Esmana Liubiata,2025-08-28 05:47:48.754048,2025-08-28 05:47:48.754048,2025-08-28 05:56:48.754048
case_31,Release Purchase Order,Tesca Lobes,2025-08-28 00:21:48.754048,2025-08-28 05:53:48.754048,2025-08-28 05:53:48.754048
case_22,Release Purchase Order,Tesca Lobes,2025-08-28 03:49:48.754048,2025-08-28 06:40:48.754048,2025-08-28 06:40:48.754048
case_30,Release Supplier's Invoice,Karalda Nimwada,2025-08-27 20:53:48.754048,2025-08-28 08:47:48.754048,2025-08-28 08:50:48.754048
case_51,Analyze Request for Quotation,Karel de Groot,2025-08-27 23:48:48.754048,2025-08-28 09:10:48.754048,2025-08-28 09:46:48.754048
case_35,Release Supplier's Invoice,Karalda Nimwada,2025-08-28 05:40:48.754048,2025-08-28 09:56:48.754048,2025-08-28 10:01:48.754048
case_59,Analyze Purchase Requisition,Francis Odell,2025-08-28 03:47:48.754048,2025-08-28 09:59:48.754048,2025-08-28 10:04:48.754048
case_30,Authorize Supplier's Invoice payment,Pedro Alvares,2025-08-28 08:50:48.754048,2025-08-28 10:02:48.754048,2025-08-28 10:02:48.754048
case_30,Pay invoice,Karalda Nimwada,2025-08-28 10:02:48.754048,2025-08-28 10:24:48.754048,2025-08-28 10:33:48.754048
case_35,Authorize Supplier's Invoice payment,Pedro Alvares,2025-08-28 10:01:48.754048,2025-08-28 10:29:48.754048,2025-08-28 10:29:48.754048
case_59,Create Request for Quotation Requester Manager,Heinz Gutschmidt,2025-08-28 10:04:48.754048,2025-08-28 11:04:48.754048,2025-08-28 11:05:48.754048
case_55,Analyze Request for Quotation,Magdalena Predutta,2025-08-27 16:55:48.754048,2025-08-28 11:48:48.754048,2025-08-28 12:12:48.754048
case_32,Confirm Purchase Order,Esmeralda Clay,2025-08-27 06:23:48.754048,2025-08-28 12:46:48.754048,2025-08-28 13:13:48.754048
case_47,Analyze Request for Quotation,Karel de Groot,2025-08-25 06:33:48.754048,2025-08-28 15:13:48.754048,2025-08-28 15:36:48.754048
case_22,Approve Purchase Order for payment,Karel de Groot,2025-08-28 06:40:48.754048,2025-08-28 15:38:48.754048,2025-08-28 15:38:48.754048
case_48,Settle conditions with supplier,Francois de Perrier,2025-08-28 00:27:48.754048,2025-08-28 16:08:48.754048,2025-08-29 03:50:48.754048
case_35,Pay invoice,Pedro Alvares,2025-08-28 10:29:48.754048,2025-08-28 16:15:48.754048,2025-08-28 16:29:48.754048
case_52,Analyze Request for Quotation,Karel de Groot,2025-08-27 11:49:48.754048,2025-08-28 17:08:48.754048,2025-08-28 17:22:48.754048
case_47,Amend Request for Quotation Requester,Penn Osterwalder,2025-08-28 15:36:48.754048,2025-08-28 18:36:48.754048,2025-08-28 18:50:48.754048
case_52,Amend Request for Quotation Requester,Nico Ojenbeer,2025-08-28 17:22:48.754048,2025-08-28 18:59:48.754048,2025-08-28 19:08:48.754048
case_58,Analyze Purchase Requisition,Francis Odell,2025-08-28 04:00:48.754048,2025-08-28 19:51:48.754048,2025-08-28 19:56:48.754048
case_47,Analyze Request for Quotation,Karel de Groot,2025-08-28 18:50:48.754048,2025-08-28 20:22:48.754048,2025-08-28 20:30:48.754048
case_40,Confirm Purchase Order,Kiu Kan,2025-08-27 20:10:48.754048,2025-08-28 20:22:48.754048,2025-08-28 20:36:48.754048
case_60,Analyze Purchase Requisition,Maris Freeman,2025-08-28 05:56:48.754048,2025-08-28 21:00:48.754048,2025-08-28 21:05:48.754048
case_61,Create Purchase Requisition,Penn Osterwalder,2025-08-28 21:01:48.754048,2025-08-28 21:01:48.754048,2025-08-28 22:41:48.754048
case_52,Analyze Request for Quotation,Francois de Perrier,2025-08-28 19:08:48.754048,2025-08-28 21:33:48.754048,2025-08-28 21:49:48.754048
case_47,Amend Request for Quotation Requester,Christian Francois,2025-08-28 20:30:48.754048,2025-08-28 21:35:48.754048,2025-08-28 21:39:48.754048
case_60,Create Request for Quotation Requester Manager,Maris Freeman,2025-08-28 21:05:48.754048,2025-08-29 00:38:48.754048,2025-08-29 00:39:48.754048
case_62,Create Purchase Requisition,Tesca Lobes,2025-08-29 04:16:48.754048,2025-08-29 04:16:48.754048,2025-08-29 04:28:48.754048
case_53,Create Quotation comparison Map,Karel de Groot,2025-08-27 13:37:48.754048,2025-08-29 04:29:48.754048,2025-08-29 09:23:48.754048
case_60,Analyze Request for Quotation,Magdalena Predutta,2025-08-29 00:39:48.754048,2025-08-29 04:52:48.754048,2025-08-29 04:54:48.754048
case_52,Amend Request for Quotation Requester,Christian Francois,2025-08-28 21:49:48.754048,2025-08-29 04:56:48.754048,2025-08-29 06:07:48.754048
case_48,Create Purchase Order,Karel de Groot,2025-08-29 03:50:48.754048,2025-08-29 06:22:48.754048,2025-08-29 06:31:48.754048
case_44,Send Request for Quotation to Supplier,Karel de Groot,2025-08-28 05:14:48.754048,2025-08-29 06:27:48.754048,2025-08-29 06:32:48.754048
case_44,Create Quotation comparison Map,Francois de Perrier,2025-08-29 06:32:48.754048,2025-08-29 07:09:48.754048,2025-08-29 12:02:48.754048
case_63,Create Purchase Requisition,Alberto Duport,2025-08-29 07:50:48.754048,2025-08-29 07:50:48.754048,2025-08-29 08:09:48.754048
case_25,Deliver Goods Services,Carmen Finacse,2025-08-23 07:26:48.754048,2025-08-29 08:18:48.754048,2025-08-30 05:47:48.754048
case_47,Analyze Request for Quotation,Magdalena Predutta,2025-08-28 21:39:48.754048,2025-08-29 08:21:48.754048,2025-08-29 08:40:48.754048
case_58,Create Request for Quotation Requester Manager,Maris Freeman,2025-08-28 19:56:48.754048,2025-08-29 08:28:48.754048,2025-08-29 08:31:48.754048
case_40,Deliver Goods Services,Carmen Finacse,2025-08-28 20:36:48.754048,2025-08-29 08:43:48.754048,2025-08-31 06:34:48.754048
case_54,Analyze Request for Quotation,Magdalena Predutta,2025-08-27 05:36:48.754048,2025-08-29 10:18:48.754048,2025-08-29 10:45:48.754048
case_48,Confirm Purchase Order,Karen Clarens,2025-08-29 06:31:48.754048,2025-08-29 10:37:48.754048,2025-08-29 10:39:48.754048
case_41,Create Quotation comparison Map,Francois de Perrier,2025-08-27 20:47:48.754048,2025-08-29 10:51:48.754048,2025-08-29 12:54:48.754048
case_57,Analyze Purchase Requisition,Maris Freeman,2025-08-27 14:48:48.754048,2025-08-29 10:55:48.754048,2025-08-29 12:04:48.754048
case_64,Create Purchase Requisition,Alberto Duport,2025-08-29 12:32:48.754048,2025-08-29 12:32:48.754048,2025-08-29 14:06:48.754048
case_44,Analyze Quotation comparison Map,Christian Francois,2025-08-29 12:02:48.754048,2025-08-29 13:17:48.754048,2025-08-29 13:37:48.754048
case_57,Create Request for Quotation Requester,Immanuel Karagianni,2025-08-29 12:04:48.754048,2025-08-29 13:18:48.754048,2025-08-29 13:25:48.754048
case_41,Analyze Quotation comparison Map,Christian Francois,2025-08-29 12:54:48.754048,2025-08-29 13:31:48.754048,2025-08-29 14:03:48.754048
case_60,Send Request for Quotation to Supplier,Francois de Perrier,2025-08-29 04:54:48.754048,2025-08-29 16:58:48.754048,2025-08-29 18:11:48.754048
case_54,Amend Request for Quotation Requester,Fjodor Kowalski,2025-08-29 10:45:48.754048,2025-08-29 17:12:48.754048,2025-08-29 17:22:48.754048
case_53,Analyze Quotation comparison Map,Tesca Lobes,2025-08-29 09:23:48.754048,2025-08-29 17:13:48.754048,2025-08-29 17:39:48.754048
case_53,Choose best option,Immanuel Karagianni,2025-08-29 17:39:48.754048,2025-08-29 18:00:48.754048,2025-08-29 18:00:48.754048
case_63,Create Request for Quotation Requester,Nico Ojenbeer,2025-08-29 08:09:48.754048,2025-08-29 18:02:48.754048,2025-08-29 18:14:48.754048
case_64,Create Request for Quotation Requester Manager,Maris Freeman,2025-08-29 14:06:48.754048,2025-08-29 19:05:48.754048,2025-08-29 19:07:48.754048
case_53,Settle conditions with supplier,Francois de Perrier,2025-08-29 18:00:48.754048,2025-08-29 20:00:48.754048,2025-08-30 06:53:48.754048
case_41,Choose best option,Kim Passa,2025-08-29 14:03:48.754048,2025-08-29 20:19:48.754048,2025-08-29 20:19:48.754048
case_61,Analyze Purchase Requisition,Francis Odell,2025-08-28 22:41:48.754048,2025-08-29 20:32:48.754048,2025-08-29 20:41:48.754048
case_65,Create Purchase Requisition,Kim Passa,2025-08-29 20:47:48.754048,2025-08-29 20:47:48.754048,2025-08-29 22:10:48.754048
case_58,Analyze Request for Quotation,Magdalena Predutta,2025-08-29 08:31:48.754048,2025-08-29 21:10:48.754048,2025-08-29 21:34:48.754048
case_50,Create Quotation comparison Map,Francois de Perrier,2025-08-27 01:21:48.754048,2025-08-29 23:22:48.754048,2025-08-30 03:34:48.754048
case_64,Analyze Request for Quotation,Francois de Perrier,2025-08-29 19:07:48.754048,2025-08-29 23:25:48.754048,2025-08-29 23:27:48.754048
case_47,Send Request for Quotation to Supplier,Francois de Perrier,2025-08-29 08:40:48.754048,2025-08-29 23:38:48.754048,2025-08-29 23:50:48.754048
case_56,Analyze Request for Quotation,Karel de Groot,2025-08-28 04:07:48.754048,2025-08-29 23:38:48.754048,2025-08-30 01:04:48.754048
case_44,Choose best option,Fjodor Kowalski,2025-08-29 13:37:48.754048,2025-08-29 23:53:48.754048,2025-08-29 23:53:48.754048
case_58,Amend Request for Quotation Requester,Miu Hanwan,2025-08-29 21:34:48.754048,2025-08-30 00:30:48.754048,2025-08-30 00:41:48.754048
case_48,Deliver Goods Services,Karen Clarens,2025-08-29 10:39:48.754048,2025-08-30 03:11:48.754048,2025-08-30 19:23:48.754048
case_61,Create Request for Quotation Requester,Miu Hanwan,2025-08-29 20:41:48.754048,2025-08-30 03:14:48.754048,2025-08-30 03:24:48.754048
case_52,Analyze Request for Quotation,Karel de Groot,2025-08-29 06:07:48.754048,2025-08-30 03:24:48.754048,2025-08-30 03:46:48.754048
case_57,Analyze Request for Quotation,Magdalena Predutta,2025-08-29 13:25:48.754048,2025-08-30 04:39:48.754048,2025-08-30 04:43:48.754048
case_61,Analyze Request for Quotation,Karel de Groot,2025-08-30 03:24:48.754048,2025-08-30 05:49:48.754048,2025-08-30 06:28:48.754048
case_66,Create Purchase Requisition,Nico Ojenbeer,2025-08-30 05:53:48.754048,2025-08-30 05:53:48.754048,2025-08-30 06:12:48.754048
case_46,Analyze Request for Quotation,Francois de Perrier,2025-08-26 16:26:48.754048,2025-08-30 05:59:48.754048,2025-08-30 06:12:48.754048
case_65,Create Request for Quotation Requester,Tesca Lobes,2025-08-29 22:10:48.754048,2025-08-30 06:25:48.754048,2025-08-30 06:45:48.754048
case_46,Send Request for Quotation to Supplier,Francois de Perrier,2025-08-30 06:12:48.754048,2025-08-30 06:48:48.754048,2025-08-30 06:53:48.754048
case_50,Analyze Quotation comparison Map,Anne Olwada,2025-08-30 03:34:48.754048,2025-08-30 07:27:48.754048,2025-08-30 07:46:48.754048
case_22,Send invoice,Carmen Finacse,2025-08-28 15:38:48.754048,2025-08-30 07:39:48.754048,2025-08-30 07:39:48.754048
case_25,Release Purchase Order,Fjodor Kowalski,2025-08-30 05:47:48.754048,2025-08-30 07:51:48.754048,2025-08-30 07:51:48.754048
case_67,Create Purchase Requisition,Tesca Lobes,2025-08-30 07:58:48.754048,2025-08-30 07:58:48.754048,2025-08-30 09:30:48.754048
case_22,Release Supplier's Invoice,Pedro Alvares,2025-08-30 07:39:48.754048,2025-08-30 08:11:48.754048,2025-08-30 08:13:48.754048
case_31,Approve Purchase Order for payment,Francois de Perrier,2025-08-28 05:53:48.754048,2025-08-30 08:16:48.754048,2025-08-30 08:16:48.754048
case_22,Authorize Supplier's Invoice payment,Pedro Alvares,2025-08-30 08:13:48.754048,2025-08-30 08:17:48.754048,2025-08-30 08:17:48.754048
case_50,Choose best option,Esmana Liubiata,2025-08-30 07:46:48.754048,2025-08-30 08:25:48.754048,2025-08-30 08:25:48.754048
case_61,Send Request for Quotation to Supplier,Magdalena Predutta,2025-08-30 06:28:48.754048,2025-08-30 08:28:48.754048,2025-08-30 08:49:48.754048
case_22,Pay invoice,Pedro Alvares,2025-08-30 08:17:48.754048,2025-08-30 08:47:48.754048,2025-08-30 08:58:48.754048
case_59,Analyze Request for Quotation,Francois de Perrier,2025-08-28 11:05:48.754048,2025-08-30 08:58:48.754048,2025-08-30 09:05:48.754048
case_62,Analyze Purchase Requisition,Heinz Gutschmidt,2025-08-29 04:28:48.754048,2025-08-30 09:50:48.754048,2025-08-30 09:56:48.754048
case_59,Send Request for Quotation to Supplier,Karel de Groot,2025-08-30 09:05:48.754048,2025-08-30 10:11:48.754048,2025-08-30 10:33:48.754048
case_46,Create Quotation comparison Map,Magdalena Predutta,2025-08-30 06:53:48.754048,2025-08-30 10:11:48.754048,2025-08-30 12:46:48.754048
case_62,Create Request for Quotation Requester,Anne Olwada,2025-08-30 09:56:48.754048,2025-08-30 10:46:48.754048,2025-08-30 10:55:48.754048
case_59,Create Quotation comparison Map,Magdalena Predutta,2025-08-30 10:33:48.754048,2025-08-30 11:14:48.754048,2025-08-30 12:58:48.754048
case_54,Analyze Request for Quotation,Magdalena Predutta,2025-08-29 17:22:48.754048,2025-08-30 12:26:48.754048,2025-08-30 12:49:48.754048
case_44,Settle conditions with supplier,Magdalena Predutta,2025-08-29 23:53:48.754048,2025-08-30 12:40:48.754048,2025-08-31 00:53:48.754048
case_68,Create Purchase Requisition,Christian Francois,2025-08-30 14:25:48.754048,2025-08-30 14:25:48.754048,2025-08-30 15:10:48.754048
case_53,Create Purchase Order,Magdalena Predutta,2025-08-30 06:53:48.754048,2025-08-30 15:46:48.754048,2025-08-30 15:55:48.754048
case_69,Create Purchase Requisition,Penn Osterwalder,2025-08-30 16:35:48.754048,2025-08-30 16:35:48.754048,2025-08-30 16:44:48.754048
case_56,Send Request for Quotation to Supplier,Magdalena Predutta,2025-08-30 01:04:48.754048,2025-08-30 16:50:48.754048,2025-08-30 17:19:48.754048
case_66,Create Request for Quotation Requester Manager,Heinz Gutschmidt,2025-08-30 06:12:48.754048,2025-08-30 18:05:48.754048,2025-08-30 18:06:48.754048
case_70,Create Purchase Requisition,Immanuel Karagianni,2025-08-30 18:53:48.754048,2025-08-30 18:53:48.754048,2025-08-30 19:38:48.754048
case_64,Send Request for Quotation to Supplier,Francois de Perrier,2025-08-29 23:27:48.754048,2025-08-30 19:18:48.754048,2025-08-30 19:46:48.754048
case_41,Settle conditions with supplier,Magdalena Predutta,2025-08-29 20:19:48.754048,2025-08-30 19:53:48.754048,2025-08-31 08:26:48.754048
case_48,Release Purchase Order,Fjodor Kowalski,2025-08-30 19:23:48.754048,2025-08-30 20:10:48.754048,2025-08-30 20:10:48.754048
case_67,Create Request for Quotation Requester Manager,Heinz Gutschmidt,2025-08-30 09:30:48.754048,2025-08-30 20:29:48.754048,2025-08-30 20:31:48.754048
case_48,Approve Purchase Order for payment,Francois de Perrier,2025-08-30 20:10:48.754048,2025-08-30 21:04:48.754048,2025-08-30 21:04:48.754048
case_71,Create Purchase Requisition,Esmana Liubiata,2025-08-30 21:06:48.754048,2025-08-30 21:06:48.754048,2025-08-30 22:46:48.754048
case_62,Analyze Request for Quotation,Karel de Groot,2025-08-30 10:55:48.754048,2025-08-30 21:15:48.754048,2025-08-30 21:31:48.754048
case_61,Create Quotation comparison Map,Magdalena Predutta,2025-08-30 08:49:48.754048,2025-08-30 21:38:48.754048,2025-08-31 01:09:48.754048
case_58,Analyze Request for Quotation,Magdalena Predutta,2025-08-30 00:41:48.754048,2025-08-30 21:58:48.754048,2025-08-30 22:10:48.754048
case_46,Analyze Quotation comparison Map,Miu Hanwan,2025-08-30 12:46:48.754048,2025-08-30 22:16:48.754048,2025-08-30 22:48:48.754048
case_27,Deliver Goods Services,Esmeralda Clay,2025-08-23 12:07:48.754048,2025-08-30 23:07:48.754048,2025-09-01 06:28:48.754048
case_71,Analyze Purchase Requisition,Francis Odell,2025-08-30 22:46:48.754048,2025-08-30 23:11:48.754048,2025-08-30 23:17:48.754048
case_31,Send invoice,Karen Clarens,2025-08-30 08:16:48.754048,2025-08-30 23:21:48.754048,2025-08-30 23:21:48.754048
case_31,Release Supplier's Invoice,Pedro Alvares,2025-08-30 23:21:48.754048,2025-08-30 23:38:48.754048,2025-08-30 23:40:48.754048
case_46,Choose best option,Fjodor Kowalski,2025-08-30 22:48:48.754048,2025-08-30 23:40:48.754048,2025-08-30 23:40:48.754048
case_31,Authorize Supplier's Invoice payment,Pedro Alvares,2025-08-30 23:40:48.754048,2025-08-30 23:53:48.754048,2025-08-30 23:53:48.754048
case_47,Create Quotation comparison Map,Karel de Groot,2025-08-29 23:50:48.754048,2025-08-31 00:17:48.754048,2025-08-31 03:26:48.754048
case_31,Pay invoice,Pedro Alvares,2025-08-30 23:53:48.754048,2025-08-31 00:20:48.754048,2025-08-31 00:32:48.754048
case_71,Create Request for Quotation Requester,Immanuel Karagianni,2025-08-30 23:17:48.754048,2025-08-31 00:36:48.754048,2025-08-31 00:44:48.754048
case_44,Create Purchase Order,Karel de Groot,2025-08-31 00:53:48.754048,2025-08-31 01:21:48.754048,2025-08-31 01:28:48.754048
case_68,Create Request for Quotation Requester Manager,Francis Odell,2025-08-30 15:10:48.754048,2025-08-31 01:37:48.754048,2025-08-31 01:38:48.754048
case_69,Analyze Purchase Requisition,Francis Odell,2025-08-30 16:44:48.754048,2025-08-31 01:48:48.754048,2025-08-31 01:57:48.754048
case_68,Analyze Request for Quotation,Magdalena Predutta,2025-08-31 01:38:48.754048,2025-08-31 01:52:48.754048,2025-08-31 02:16:48.754048
case_69,Create Request for Quotation Requester,Anne Olwada,2025-08-31 01:57:48.754048,2025-08-31 02:07:48.754048,2025-08-31 02:11:48.754048
case_68,Amend Request for Quotation Requester,Esmana Liubiata,2025-08-31 02:16:48.754048,2025-08-31 02:26:48.754048,2025-08-31 02:40:48.754048
case_58,Amend Request for Quotation Requester,Miu Hanwan,2025-08-30 22:10:48.754048,2025-08-31 02:31:48.754048,2025-08-31 02:46:48.754048
case_61,Analyze Quotation comparison Map,Alberto Duport,2025-08-31 01:09:48.754048,2025-08-31 03:02:48.754048,2025-08-31 03:14:48.754048
case_72,Create Purchase Requisition,Christian Francois,2025-08-31 03:25:48.754048,2025-08-31 03:25:48.754048,2025-08-31 03:25:48.754048
case_59,Analyze Quotation comparison Map,Nico Ojenbeer,2025-08-30 12:58:48.754048,2025-08-31 03:26:48.754048,2025-08-31 03:35:48.754048
case_59,Choose best option,Esmana Liubiata,2025-08-31 03:35:48.754048,2025-08-31 03:36:48.754048,2025-08-31 03:36:48.754048
case_60,Create Quotation comparison Map,Karel de Groot,2025-08-29 18:11:48.754048,2025-08-31 03:49:48.754048,2025-08-31 06:03:48.754048
case_46,Settle conditions with supplier,Karel de Groot,2025-08-30 23:40:48.754048,2025-08-31 03:57:48.754048,2025-08-31 10:06:48.754048
case_71,Analyze Request for Quotation,Francois de Perrier,2025-08-31 00:44:48.754048,2025-08-31 04:31:48.754048,2025-08-31 04:57:48.754048
case_66,Analyze Request for Quotation,Magdalena Predutta,2025-08-30 18:06:48.754048,2025-08-31 05:28:48.754048,2025-08-31 05:47:48.754048
case_71,Amend Request for Quotation Requester,Fjodor Kowalski,2025-08-31 04:57:48.754048,2025-08-31 05:38:48.754048,2025-08-31 05:44:48.754048
case_60,Analyze Quotation comparison Map,Miu Hanwan,2025-08-31 06:03:48.754048,2025-08-31 06:09:48.754048,2025-08-31 06:25:48.754048
case_67,Analyze Request for Quotation,Karel de Groot,2025-08-30 20:31:48.754048,2025-08-31 06:51:48.754048,2025-08-31 07:18:48.754048
case_71,Analyze Request for Quotation,Francois de Perrier,2025-08-31 05:44:48.754048,2025-08-31 07:44:48.754048,2025-08-31 07:52:48.754048
case_59,Settle conditions with supplier,Karel de Groot,2025-08-31 03:36:48.754048,2025-08-31 07:53:48.754048,2025-08-31 17:34:48.754048
case_63,Analyze Request for Quotation,Magdalena Predutta,2025-08-29 18:14:48.754048,2025-08-31 08:00:48.754048,2025-08-31 08:35:48.754048
case_65,Analyze Request for Quotation,Magdalena Predutta,2025-08-30 06:45:48.754048,2025-08-31 08:18:48.754048,2025-08-31 08:45:48.754048
case_60,Choose best option,Kim Passa,2025-08-31 06:25:48.754048,2025-08-31 09:15:48.754048,2025-08-31 09:15:48.754048
case_61,Choose best option,Penn Osterwalder,2025-08-31 03:14:48.754048,2025-08-31 09:38:48.754048,2025-08-31 09:38:48.754048
case_47,Analyze Quotation comparison Map,Fjodor Kowalski,2025-08-31 03:26:48.754048,2025-08-31 10:02:48.754048,2025-08-31 10:15:48.754048
case_50,Settle conditions with supplier,Karel de Groot,2025-08-30 08:25:48.754048,2025-08-31 10:05:48.754048,2025-09-01 01:29:48.754048
case_73,Create Purchase Requisition,Tesca Lobes,2025-08-31 10:58:48.754048,2025-08-31 10:58:48.754048,2025-08-31 11:43:48.754048
case_66,Amend Request for Quotation Requester,Christian Francois,2025-08-31 05:47:48.754048,2025-08-31 11:36:48.754048,2025-08-31 11:42:48.754048
case_58,Analyze Request for Quotation,Magdalena Predutta,2025-08-31 02:46:48.754048,2025-08-31 11:39:48.754048,2025-08-31 11:47:48.754048
case_32,Deliver Goods Services,Esmeralda Clay,2025-08-28 13:13:48.754048,2025-08-31 12:06:48.754048,2025-09-01 08:05:48.754048
case_47,Choose best option,Kim Passa,2025-08-31 10:15:48.754048,2025-08-31 13:27:48.754048,2025-08-31 13:27:48.754048
case_40,Release Purchase Order,Anne Olwada,2025-08-31 06:34:48.754048,2025-08-31 13:42:48.754048,2025-08-31 13:42:48.754048
case_46,Create Purchase Order,Magdalena Predutta,2025-08-31 10:06:48.754048,2025-08-31 14:52:48.754048,2025-08-31 15:00:48.754048
case_71,Amend Request for Quotation Requester,Alberto Duport,2025-08-31 07:52:48.754048,2025-08-31 15:28:48.754048,2025-08-31 15:39:48.754048
case_54,Send Request for Quotation to Supplier,Karel de Groot,2025-08-30 12:49:48.754048,2025-08-31 15:29:48.754048,2025-08-31 15:52:48.754048
case_63,Amend Request for Quotation Requester Manager,Francis Odell,2025-08-31 08:35:48.754048,2025-08-31 15:35:48.754048,2025-08-31 15:55:48.754048
case_67,Send Request for Quotation to Supplier,Magdalena Predutta,2025-08-31 07:18:48.754048,2025-08-31 15:39:48.754048,2025-08-31 17:10:48.754048
case_36,Settle conditions with supplier,Francois de Perrier,2025-08-23 04:00:48.754048,2025-08-31 16:59:48.754048,2025-09-01 01:59:48.754048
case_73,Analyze Purchase Requisition,Heinz Gutschmidt,2025-08-31 11:43:48.754048,2025-08-31 17:14:48.754048,2025-08-31 17:23:48.754048
case_69,Analyze Request for Quotation,Francois de Perrier,2025-08-31 02:11:48.754048,2025-08-31 17:44:48.754048,2025-08-31 18:10:48.754048
case_70,Analyze Purchase Requisition,Maris Freeman,2025-08-30 19:38:48.754048,2025-08-31 18:35:48.754048,2025-08-31 18:41:48.754048
case_70,Create Request for Quotation Requester,Esmana Liubiata,2025-08-31 18:41:48.754048,2025-08-31 19:15:48.754048,2025-08-31 19:25:48.754048
case_59,Create Purchase Order,Francois de Perrier,2025-08-31 17:34:48.754048,2025-08-31 19:34:48.754048,2025-08-31 19:43:48.754048
case_71,Analyze Request for Quotation,Karel de Groot,2025-08-31 15:39:48.754048,2025-08-31 20:17:48.754048,2025-08-31 20:43:48.754048
case_72,Analyze Purchase Requisition,Heinz Gutschmidt,2025-08-31 03:25:48.754048,2025-08-31 20:37:48.754048,2025-08-31 20:39:48.754048
case_73,Create Request for Quotation Requester,Tesca Lobes,2025-08-31 17:23:48.754048,2025-08-31 20:40:48.754048,2025-08-31 20:51:48.754048
case_69,Amend Request for Quotation Requester,Tesca Lobes,2025-08-31 18:10:48.754048,2025-08-31 20:46:48.754048,2025-08-31 20:59:48.754048
case_72,Create Request for Quotation Requester,Fjodor Kowalski,2025-08-31 20:39:48.754048,2025-08-31 20:52:48.754048,2025-08-31 20:56:48.754048
case_56,Create Quotation comparison Map,Magdalena Predutta,2025-08-30 17:19:48.754048,2025-08-31 21:03:48.754048,2025-08-31 22:17:48.754048
case_74,Create Purchase Requisition,Alberto Duport,2025-08-31 21:04:48.754048,2025-08-31 21:04:48.754048,2025-08-31 21:11:48.754048
case_65,Send Request for Quotation to Supplier,Magdalena Predutta,2025-08-31 08:45:48.754048,2025-08-31 21:27:48.754048,2025-08-31 21:41:48.754048
case_74,Analyze Purchase Requisition,Maris Freeman,2025-08-31 21:11:48.754048,2025-08-31 21:50:48.754048,2025-08-31 21:52:48.754048
case_69,Analyze Request for Quotation,Karel de Groot,2025-08-31 20:59:48.754048,2025-08-31 21:51:48.754048,2025-08-31 22:17:48.754048
case_75,Create Purchase Requisition,Miu Hanwan,2025-08-31 21:57:48.754048,2025-08-31 21:57:48.754048,2025-08-31 23:21:48.754048
case_73,Analyze Request for Quotation,Karel de Groot,2025-08-31 20:51:48.754048,2025-08-31 22:34:48.754048,2025-08-31 23:09:48.754048
case_66,Analyze Request for Quotation,Magdalena Predutta,2025-08-31 11:42:48.754048,2025-08-31 22:56:48.754048,2025-08-31 23:12:48.754048
case_65,Create Quotation comparison Map,Karel de Groot,2025-08-31 21:41:48.754048,2025-08-31 23:06:48.754048,2025-09-01 02:08:48.754048
case_25,Approve Purchase Order for payment,Francois de Perrier,2025-08-30 07:51:48.754048,2025-08-31 23:39:48.754048,2025-08-31 23:39:48.754048
case_68,Analyze Request for Quotation,Francois de Perrier,2025-08-31 02:40:48.754048,2025-08-31 23:43:48.754048,2025-08-31 23:59:48.754048
case_66,Amend Request for Quotation Requester,Immanuel Karagianni,2025-08-31 23:12:48.754048,2025-08-31 23:48:48.754048,2025-08-31 23:57:48.754048
case_71,Amend Request for Quotation Requester,Penn Osterwalder,2025-08-31 20:43:48.754048,2025-08-31 23:57:48.754048,2025-09-01 00:00:48.754048
case_70,Analyze Request for Quotation,Magdalena Predutta,2025-08-31 19:25:48.754048,2025-09-01 00:16:48.754048,2025-09-01 00:40:48.754048
case_70,Amend Request for Quotation Requester,Immanuel Karagianni,2025-09-01 00:40:48.754048,2025-09-01 01:02:48.754048,2025-09-01 01:12:48.754048
case_73,Send Request for Quotation to Supplier,Francois de Perrier,2025-08-31 23:09:48.754048,2025-09-01 01:09:48.754048,2025-09-01 01:20:48.754048
case_60,Settle conditions with supplier,Francois de Perrier,2025-08-31 09:15:48.754048,2025-09-01 01:40:48.754048,2025-09-01 09:46:48.754048
case_44,Confirm Purchase Order,Karen Clarens,2025-08-31 01:28:48.754048,2025-09-01 02:00:48.754048,2025-09-01 06:14:48.754048
case_36,Create Purchase Order,Francois de Perrier,2025-09-01 01:59:48.754048,2025-09-01 02:03:48.754048,2025-09-01 02:12:48.754048
case_68,Amend Request for Quotation Requester,Alberto Duport,2025-08-31 23:59:48.754048,2025-09-01 02:06:48.754048,2025-09-01 02:15:48.754048
case_74,Create Request for Quotation Requester,Nico Ojenbeer,2025-08-31 21:52:48.754048,2025-09-01 02:40:48.754048,2025-09-01 02:47:48.754048
case_63,Analyze Request for Quotation,Magdalena Predutta,2025-08-31 15:55:48.754048,2025-09-01 02:48:48.754048,2025-09-01 03:02:48.754048
case_73,Create Quotation comparison Map,Magdalena Predutta,2025-09-01 01:20:48.754048,2025-09-01 03:18:48.754048,2025-09-01 04:51:48.754048
case_63,Amend Request for Quotation Requester,Immanuel Karagianni,2025-09-01 03:02:48.754048,2025-09-01 03:42:48.754048,2025-09-01 03:53:48.754048
case_65,Analyze Quotation comparison Map,Penn Osterwalder,2025-09-01 02:08:48.754048,2025-09-01 03:51:48.754048,2025-09-01 04:03:48.754048
case_76,Create Purchase Requisition,Esmana Liubiata,2025-09-01 04:08:48.754048,2025-09-01 04:08:48.754048,2025-09-01 04:39:48.754048
case_67,Create Quotation comparison Map,Karel de Groot,2025-08-31 17:10:48.754048,2025-09-01 04:08:48.754048,2025-09-01 07:06:48.754048
case_62,Send Request for Quotation to Supplier,Magdalena Predutta,2025-08-30 21:31:48.754048,2025-09-01 04:21:48.754048,2025-09-01 04:49:48.754048
case_54,Create Quotation comparison Map,Magdalena Predutta,2025-08-31 15:52:48.754048,2025-09-01 04:25:48.754048,2025-09-01 07:34:48.754048
case_41,Create Purchase Order,Karel de Groot,2025-08-31 08:26:48.754048,2025-09-01 04:43:48.754048,2025-09-01 04:52:48.754048
case_75,Analyze Purchase Requisition,Francis Odell,2025-08-31 23:21:48.754048,2025-09-01 05:20:48.754048,2025-09-01 05:25:48.754048
case_56,Analyze Quotation comparison Map,Tesca Lobes,2025-08-31 22:17:48.754048,2025-09-01 05:26:48.754048,2025-09-01 05:48:48.754048
case_65,Choose best option,Esmana Liubiata,2025-09-01 04:03:48.754048,2025-09-01 05:29:48.754048,2025-09-01 05:29:48.754048
case_58,Send Request for Quotation to Supplier,Karel de Groot,2025-08-31 11:47:48.754048,2025-09-01 05:47:48.754048,2025-09-01 06:08:48.754048
case_20,Confirm Purchase Order,Kiu Kan,2025-08-20 00:05:48.754048,2025-09-01 06:10:48.754048,2025-09-01 06:30:48.754048
case_73,Analyze Quotation comparison Map,Christian Francois,2025-09-01 04:51:48.754048,2025-09-01 06:15:48.754048,2025-09-01 06:34:48.754048
case_27,Release Purchase Order,Penn Osterwalder,2025-09-01 06:28:48.754048,2025-09-01 06:29:48.754048,2025-09-01 06:29:48.754048
case_56,Choose best option,Esmana Liubiata,2025-09-01 05:48:48.754048,2025-09-01 06:30:48.754048,2025-09-01 06:30:48.754048
case_66,Analyze Request for Quotation,Magdalena Predutta,2025-08-31 23:57:48.754048,2025-09-01 07:24:48.754048,2025-09-01 07:37:48.754048
case_63,Analyze Request for Quotation,Magdalena Predutta,2025-09-01 03:53:48.754048,2025-09-01 07:51:48.754048,2025-09-01 08:07:48.754048
case_74,Analyze Request for Quotation,Karel de Groot,2025-09-01 02:47:48.754048,2025-09-01 07:58:48.754048,2025-09-01 08:33:48.754048
case_1,Send invoice,Karen Clarens,2025-08-23 21:30:48.754048,2025-09-01 07:59:48.754048,2025-09-01 07:59:48.754048
case_70,Analyze Request for Quotation,Karel de Groot,2025-09-01 01:12:48.754048,2025-09-01 08:09:48.754048,2025-09-01 08:34:48.754048
case_54,Analyze Quotation comparison Map,Fjodor Kowalski,2025-09-01 07:34:48.754048,2025-09-01 08:14:48.754048,2025-09-01 08:46:48.754048
case_32,Release Purchase Order,Nico Ojenbeer,2025-09-01 08:05:48.754048,2025-09-01 08:17:48.754048,2025-09-01 08:17:48.754048
case_32,Approve Purchase Order for payment,Karel de Groot,2025-09-01 08:17:48.754048,2025-09-01 08:35:48.754048,2025-09-01 08:35:48.754048
case_73,Choose best option,Alberto Duport,2025-09-01 06:34:48.754048,2025-09-01 08:38:48.754048,2025-09-01 08:38:48.754048
case_64,Create Quotation comparison Map,Francois de Perrier,2025-08-30 19:46:48.754048,2025-09-01 08:50:48.754048,2025-09-01 12:44:48.754048
case_73,Settle conditions with supplier,Karel de Groot,2025-09-01 08:38:48.754048,2025-09-01 08:50:48.754048,2025-09-01 23:29:48.754048
case_56,Settle conditions with supplier,Francois de Perrier,2025-09-01 06:30:48.754048,2025-09-01 09:59:48.754048,2025-09-01 18:46:48.754048
case_63,Amend Request for Quotation Requester,Christian Francois,2025-09-01 08:07:48.754048,2025-09-01 10:05:48.754048,2025-09-01 10:24:48.754048
case_68,Analyze Request for Quotation,Magdalena Predutta,2025-09-01 02:15:48.754048,2025-09-01 10:18:48.754048,2025-09-01 10:40:48.754048
case_61,Settle conditions with supplier,Karel de Groot,2025-08-31 09:38:48.754048,2025-09-01 11:05:48.754048,2025-09-01 20:22:48.754048
case_67,Analyze Quotation comparison Map,Nico Ojenbeer,2025-09-01 07:06:48.754048,2025-09-01 12:44:48.754048,2025-09-01 12:59:48.754048
case_68,Send Request for Quotation to Supplier,Francois de Perrier,2025-09-01 10:40:48.754048,2025-09-01 13:46:48.754048,2025-09-01 14:11:48.754048
case_67,Choose best option,Immanuel Karagianni,2025-09-01 12:59:48.754048,2025-09-01 14:08:48.754048,2025-09-01 14:08:48.754048
case_64,Analyze Quotation comparison Map,Immanuel Karagianni,2025-09-01 12:44:48.754048,2025-09-01 14:08:48.754048,2025-09-01 14:33:48.754048
case_50,Create Purchase Order,Francois de Perrier,2025-09-01 01:29:48.754048,2025-09-01 14:27:48.754048,2025-09-01 14:33:48.754048
case_75,Create Request for Quotation Requester Manager,Heinz Gutschmidt,2025-09-01 05:25:48.754048,2025-09-01 14:42:48.754048,2025-09-01 14:45:48.754048
case_54,Choose best option,Tesca Lobes,2025-09-01 08:46:48.754048,2025-09-01 15:03:48.754048,2025-09-01 15:03:48.754048
case_20,Deliver Goods Services,Sean Manney,2025-09-01 06:30:48.754048,2025-09-01 15:43:48.754048,2025-09-03 16:54:48.754048
case_41,Confirm Purchase Order,Karen Clarens,2025-09-01 04:52:48.754048,2025-09-01 16:29:48.754048,2025-09-01 16:49:48.754048
case_76,Analyze Purchase Requisition,Heinz Gutschmidt,2025-09-01 04:39:48.754048,2025-09-01 16:44:48.754048,2025-09-01 16:47:48.754048
case_75,Analyze Request for Quotation,Francois de Perrier,2025-09-01 14:45:48.754048,2025-09-01 17:12:48.754048,2025-09-01 17:34:48.754048
case_1,Release Supplier's Invoice,Karalda Nimwada,2025-09-01 07:59:48.754048,2025-09-01 17:16:48.754048,2025-09-01 17:19:48.754048
case_25,Send invoice,Carmen Finacse,2025-08-31 23:39:48.754048,2025-09-01 17:17:48.754048,2025-09-01 17:17:48.754048
case_66,Amend Request for Quotation Requester,Christian Francois,2025-09-01 07:37:48.754048,2025-09-01 18:20:48.754048,2025-09-01 18:34:48.754048
case_25,Release Supplier's Invoice,Pedro Alvares,2025-09-01 17:17:48.754048,2025-09-01 18:52:48.754048,2025-09-01 18:56:48.754048
case_75,Amend Request for Quotation Requester,Christian Francois,2025-09-01 17:34:48.754048,2025-09-01 18:57:48.754048,2025-09-01 19:03:48.754048
case_36,Confirm Purchase Order,Karen Clarens,2025-09-01 02:12:48.754048,2025-09-01 19:22:48.754048,2025-09-01 19:46:48.754048
case_25,Authorize Supplier's Invoice payment,Karalda Nimwada,2025-09-01 18:56:48.754048,2025-09-01 19:25:48.754048,2025-09-01 19:25:48.754048
case_1,Authorize Supplier's Invoice payment,Pedro Alvares,2025-09-01 17:19:48.754048,2025-09-01 19:28:48.754048,2025-09-01 19:28:48.754048
case_25,Pay invoice,Karalda Nimwada,2025-09-01 19:25:48.754048,2025-09-01 19:31:48.754048,2025-09-01 19:33:48.754048
case_64,Choose best option,Miu Hanwan,2025-09-01 14:33:48.754048,2025-09-01 20:03:48.754048,2025-09-01 20:03:48.754048
case_70,Amend Request for Quotation Requester,Anne Olwada,2025-09-01 08:34:48.754048,2025-09-01 20:26:48.754048,2025-09-01 20:35:48.754048
case_62,Create Quotation comparison Map,Magdalena Predutta,2025-09-01 04:49:48.754048,2025-09-01 20:48:48.754048,2025-09-02 00:41:48.754048
case_61,Create Purchase Order,Francois de Perrier,2025-09-01 20:22:48.754048,2025-09-01 20:59:48.754048,2025-09-01 21:10:48.754048
case_1,Pay invoice,Pedro Alvares,2025-09-01 19:28:48.754048,2025-09-01 21:03:48.754048,2025-09-01 21:14:48.754048
case_47,Settle conditions with supplier,Magdalena Predutta,2025-08-31 13:27:48.754048,2025-09-01 21:11:48.754048,2025-09-02 09:52:48.754048
case_63,Analyze Request for Quotation,Francois de Perrier,2025-09-01 10:24:48.754048,2025-09-01 21:26:48.754048,2025-09-01 21:39:48.754048
case_72,Analyze Request for Quotation,Karel de Groot,2025-08-31 20:56:48.754048,2025-09-01 22:02:48.754048,2025-09-01 22:14:48.754048
case_75,Analyze Request for Quotation,Francois de Perrier,2025-09-01 19:03:48.754048,2025-09-01 22:09:48.754048,2025-09-01 22:49:48.754048
case_50,Confirm Purchase Order,Esmeralda Clay,2025-09-01 14:33:48.754048,2025-09-01 22:14:48.754048,2025-09-01 22:32:48.754048
case_66,Analyze Request for Quotation,Karel de Groot,2025-09-01 18:34:48.754048,2025-09-01 22:17:48.754048,2025-09-01 22:25:48.754048
case_27,Approve Purchase Order for payment,Magdalena Predutta,2025-09-01 06:29:48.754048,2025-09-01 22:28:48.754048,2025-09-01 22:28:48.754048
case_67,Settle conditions with supplier,Karel de Groot,2025-09-01 14:08:48.754048,2025-09-01 22:35:48.754048,2025-09-02 09:24:48.754048
case_58,Create Quotation comparison Map,Magdalena Predutta,2025-09-01 06:08:48.754048,2025-09-01 22:54:48.754048,2025-09-02 05:28:48.754048
case_75,Amend Request for Quotation Requester,Anne Olwada,2025-09-01 22:49:48.754048,2025-09-01 23:07:48.754048,2025-09-01 23:15:48.754048
case_72,Send Request for Quotation to Supplier,Karel de Groot,2025-09-01 22:14:48.754048,2025-09-02 00:13:48.754048,2025-09-02 00:47:48.754048
case_53,Confirm Purchase Order,Karen Clarens,2025-08-30 15:55:48.754048,2025-09-02 00:49:48.754048,2025-09-02 01:21:48.754048
case_48,Send invoice,Esmeralda Clay,2025-08-30 21:04:48.754048,2025-09-02 00:56:48.754048,2025-09-02 00:56:48.754048
case_64,Settle conditions with supplier,Magdalena Predutta,2025-09-01 20:03:48.754048,2025-09-02 01:01:48.754048,2025-09-02 09:51:48.754048
case_36,Deliver Goods Services,Carmen Finacse,2025-09-01 19:46:48.754048,2025-09-02 02:20:48.754048,2025-09-02 17:31:48.754048
case_62,Analyze Quotation comparison Map,Alberto Duport,2025-09-02 00:41:48.754048,2025-09-02 02:51:48.754048,2025-09-02 03:19:48.754048
case_37,Confirm Purchase Order,Kiu Kan,2025-08-25 15:56:48.754048,2025-09-02 03:59:48.754048,2025-09-02 04:18:48.754048
case_75,Analyze Request for Quotation,Karel de Groot,2025-09-01 23:15:48.754048,2025-09-02 04:32:48.754048,2025-09-02 04:48:48.754048
case_58,Analyze Quotation comparison Map,Penn Osterwalder,2025-09-02 05:28:48.754048,2025-09-02 05:55:48.754048,2025-09-02 06:11:48.754048
case_54,Settle conditions with supplier,Karel de Groot,2025-09-01 15:03:48.754048,2025-09-02 05:59:48.754048,2025-09-02 19:05:48.754048
case_42,Confirm Purchase Order,Carmen Finacse,2025-08-27 06:03:48.754048,2025-09-02 06:01:48.754048,2025-09-02 06:43:48.754048
case_58,Choose best option,Immanuel Karagianni,2025-09-02 06:11:48.754048,2025-09-02 06:29:48.754048,2025-09-02 06:29:48.754048
case_77,Create Purchase Requisition,Alberto Duport,2025-09-02 06:35:48.754048,2025-09-02 06:35:48.754048,2025-09-02 06:54:48.754048
case_75,Amend Request for Quotation Requester,Nico Ojenbeer,2025-09-02 04:48:48.754048,2025-09-02 06:47:48.754048,2025-09-02 06:54:48.754048
case_62,Choose best option,Tesca Lobes,2025-09-02 03:19:48.754048,2025-09-02 06:51:48.754048,2025-09-02 06:51:48.754048
case_44,Deliver Goods Services,Sean Manney,2025-09-01 06:14:48.754048,2025-09-02 07:05:48.754048,2025-09-03 13:19:48.754048
case_65,Settle conditions with supplier,Magdalena Predutta,2025-09-01 05:29:48.754048,2025-09-02 07:22:48.754048,2025-09-02 16:36:48.754048
case_70,Analyze Request for Quotation,Magdalena Predutta,2025-09-01 20:35:48.754048,2025-09-02 07:57:48.754048,2025-09-02 09:13:48.754048
case_48,Release Supplier's Invoice,Karalda Nimwada,2025-09-02 00:56:48.754048,2025-09-02 08:06:48.754048,2025-09-02 08:07:48.754048
case_48,Authorize Supplier's Invoice payment,Pedro Alvares,2025-09-02 08:07:48.754048,2025-09-02 08:27:48.754048,2025-09-02 08:27:48.754048
case_78,Create Purchase Requisition,Anne Olwada,2025-09-02 08:31:48.754048,2025-09-02 08:31:48.754048,2025-09-02 10:25:48.754048
case_59,Confirm Purchase Order,Sean Manney,2025-08-31 19:43:48.754048,2025-09-02 09:04:48.754048,2025-09-02 09:28:48.754048
case_73,Create Purchase Order,Magdalena Predutta,2025-09-01 23:29:48.754048,2025-09-02 10:26:48.754048,2025-09-02 10:35:48.754048
case_75,Analyze Request for Quotation,Francois de Perrier,2025-09-02 06:54:48.754048,2025-09-02 10:32:48.754048,2025-09-02 10:49:48.754048
case_74,Send Request for Quotation to Supplier,Francois de Perrier,2025-09-01 08:33:48.754048,2025-09-02 11:00:48.754048,2025-09-02 12:16:48.754048
case_48,Pay invoice,Karalda Nimwada,2025-09-02 08:27:48.754048,2025-09-02 11:01:48.754048,2025-09-02 11:14:48.754048
case_77,Create Request for Quotation Requester,Alberto Duport,2025-09-02 06:54:48.754048,2025-09-02 11:11:48.754048,2025-09-02 11:20:48.754048
case_76,Create Request for Quotation Requester Manager,Francis Odell,2025-09-01 16:47:48.754048,2025-09-02 12:37:48.754048,2025-09-02 12:39:48.754048
case_40,Approve Purchase Order for payment,Francois de Perrier,2025-08-31 13:42:48.754048,2025-09-02 12:42:48.754048,2025-09-02 12:42:48.754048
case_75,Send Request for Quotation to Supplier,Francois de Perrier,2025-09-02 10:49:48.754048,2025-09-02 13:16:48.754048,2025-09-02 13:39:48.754048
case_70,Amend Request for Quotation Requester,Christian Francois,2025-09-02 09:13:48.754048,2025-09-02 14:47:48.754048,2025-09-02 16:01:48.754048
case_58,Settle conditions with supplier,Karel de Groot,2025-09-02 06:29:48.754048,2025-09-02 14:54:48.754048,2025-09-02 23:38:48.754048
case_27,Send invoice,Sean Manney,2025-09-01 22:28:48.754048,2025-09-02 14:57:48.754048,2025-09-02 14:57:48.754048
case_77,Analyze Request for Quotation,Karel de Groot,2025-09-02 11:20:48.754048,2025-09-02 15:23:48.754048,2025-09-02 15:43:48.754048
case_78,Create Request for Quotation Requester Manager,Maris Freeman,2025-09-02 10:25:48.754048,2025-09-02 15:41:48.754048,2025-09-02 15:42:48.754048
case_56,Create Purchase Order,Francois de Perrier,2025-09-01 18:46:48.754048,2025-09-02 15:49:48.754048,2025-09-02 15:57:48.754048
case_74,Create Quotation comparison Map,Francois de Perrier,2025-09-02 12:16:48.754048,2025-09-02 16:04:48.754048,2025-09-02 21:36:48.754048
case_77,Amend Request for Quotation Requester,Kim Passa,2025-09-02 15:43:48.754048,2025-09-02 16:54:48.754048,2025-09-02 16:59:48.754048
case_72,Create Quotation comparison Map,Magdalena Predutta,2025-09-02 00:47:48.754048,2025-09-02 17:33:48.754048,2025-09-02 22:37:48.754048
case_66,Send Request for Quotation to Supplier,Karel de Groot,2025-09-01 22:25:48.754048,2025-09-02 17:42:48.754048,2025-09-02 18:03:48.754048
case_78,Analyze Request for Quotation,Francois de Perrier,2025-09-02 15:42:48.754048,2025-09-02 18:12:48.754048,2025-09-02 18:36:48.754048
case_36,Release Purchase Order,Esmana Liubiata,2025-09-02 17:31:48.754048,2025-09-02 18:59:48.754048,2025-09-02 18:59:48.754048
case_70,Analyze Request for Quotation,Francois de Perrier,2025-09-02 16:01:48.754048,2025-09-02 20:55:48.754048,2025-09-02 21:21:48.754048
case_75,Create Quotation comparison Map,Magdalena Predutta,2025-09-02 13:39:48.754048,2025-09-02 21:00:48.754048,2025-09-02 22:55:48.754048
case_27,Release Supplier's Invoice,Karalda Nimwada,2025-09-02 14:57:48.754048,2025-09-02 21:06:48.754048,2025-09-02 21:09:48.754048
case_36,Approve Purchase Order for payment,Magdalena Predutta,2025-09-02 18:59:48.754048,2025-09-02 22:23:48.754048,2025-09-02 22:23:48.754048
case_75,Analyze Quotation comparison Map,Penn Osterwalder,2025-09-02 22:55:48.754048,2025-09-02 22:56:48.754048,2025-09-03 00:16:48.754048
case_70,Amend Request for Quotation Requester,Immanuel Karagianni,2025-09-02 21:21:48.754048,2025-09-02 23:04:48.754048,2025-09-02 23:13:48.754048
case_27,Authorize Supplier's Invoice payment,Pedro Alvares,2025-09-02 21:09:48.754048,2025-09-02 23:18:48.754048,2025-09-02 23:18:48.754048
case_54,Create Purchase Order,Magdalena Predutta,2025-09-02 19:05:48.754048,2025-09-02 23:21:48.754048,2025-09-02 23:33:48.754048
case_70,Analyze Request for Quotation,Francois de Perrier,2025-09-02 23:13:48.754048,2025-09-02 23:49:48.754048,2025-09-03 01:13:48.754048
case_62,Settle conditions with supplier,Francois de Perrier,2025-09-02 06:51:48.754048,2025-09-02 23:49:48.754048,2025-09-03 06:30:48.754048
case_27,Pay invoice,Pedro Alvares,2025-09-02 23:18:48.754048,2025-09-03 00:38:48.754048,2025-09-03 00:50:48.754048
case_77,Analyze Request for Quotation,Magdalena Predutta,2025-09-02 16:59:48.754048,2025-09-03 00:52:48.754048,2025-09-03 01:11:48.754048
case_74,Analyze Quotation comparison Map,Nico Ojenbeer,2025-09-02 21:36:48.754048,2025-09-03 00:59:48.754048,2025-09-03 02:15:48.754048
case_67,Create Purchase Order,Francois de Perrier,2025-09-02 09:24:48.754048,2025-09-03 02:05:48.754048,2025-09-03 02:16:48.754048
case_75,Choose best option,Fjodor Kowalski,2025-09-03 00:16:48.754048,2025-09-03 02:17:48.754048,2025-09-03 02:17:48.754048
case_65,Create Purchase Order,Magdalena Predutta,2025-09-02 16:36:48.754048,2025-09-03 02:29:48.754048,2025-09-03 02:37:48.754048
case_66,Create Quotation comparison Map,Karel de Groot,2025-09-02 18:03:48.754048,2025-09-03 02:30:48.754048,2025-09-03 05:56:48.754048
case_42,Deliver Goods Services,Karen Clarens,2025-09-02 06:43:48.754048,2025-09-03 03:06:48.754048,2025-09-03 17:16:48.754048
case_40,Send invoice,Carmen Finacse,2025-09-02 12:42:48.754048,2025-09-03 03:49:48.754048,2025-09-03 03:49:48.754048
case_53,Deliver Goods Services,Esmeralda Clay,2025-09-02 01:21:48.754048,2025-09-03 04:51:48.754048,2025-09-04 01:20:48.754048
case_40,Release Supplier's Invoice,Karalda Nimwada,2025-09-03 03:49:48.754048,2025-09-03 04:54:48.754048,2025-09-03 05:00:48.754048
case_40,Authorize Supplier's Invoice payment,Pedro Alvares,2025-09-03 05:00:48.754048,2025-09-03 05:02:48.754048,2025-09-03 05:02:48.754048
case_72,Analyze Quotation comparison Map,Fjodor Kowalski,2025-09-02 22:37:48.754048,2025-09-03 05:48:48.754048,2025-09-03 07:02:48.754048
case_66,Analyze Quotation comparison Map,Kim Passa,2025-09-03 05:56:48.754048,2025-09-03 06:03:48.754048,2025-09-03 06:03:48.754048
case_75,Settle conditions with supplier,Karel de Groot,2025-09-03 02:17:48.754048,2025-09-03 06:03:48.754048,2025-09-03 14:18:48.754048
case_74,Choose best option,Kim Passa,2025-09-03 02:15:48.754048,2025-09-03 06:23:48.754048,2025-09-03 06:23:48.754048
case_76,Analyze Request for Quotation,Magdalena Predutta,2025-09-02 12:39:48.754048,2025-09-03 06:41:48.754048,2025-09-03 07:01:48.754048
case_74,Settle conditions with supplier,Magdalena Predutta,2025-09-03 06:23:48.754048,2025-09-03 06:50:48.754048,2025-09-03 17:25:48.754048
case_72,Choose best option,Kim Passa,2025-09-03 07:02:48.754048,2025-09-03 07:13:48.754048,2025-09-03 07:13:48.754048
case_76,Amend Request for Quotation Requester,Christian Francois,2025-09-03 07:01:48.754048,2025-09-03 08:37:48.754048,2025-09-03 08:43:48.754048
case_76,Analyze Request for Quotation,Magdalena Predutta,2025-09-03 08:43:48.754048,2025-09-03 09:07:48.754048,2025-09-03 09:23:48.754048
case_40,Pay invoice,Karalda Nimwada,2025-09-03 05:02:48.754048,2025-09-03 09:15:48.754048,2025-09-03 09:21:48.754048
case_76,Amend Request for Quotation Requester,Kim Passa,2025-09-03 09:23:48.754048,2025-09-03 10:13:48.754048,2025-09-03 10:29:48.754048
case_32,Send invoice,Esmeralda Clay,2025-09-01 08:35:48.754048,2025-09-03 11:15:48.754048,2025-09-03 11:15:48.754048
case_68,Create Quotation comparison Map,Magdalena Predutta,2025-09-01 14:11:48.754048,2025-09-03 11:55:48.754048,2025-09-03 16:28:48.754048
case_66,Choose best option,Penn Osterwalder,2025-09-03 06:03:48.754048,2025-09-03 12:02:48.754048,2025-09-03 12:02:48.754048
case_44,Release Purchase Order,Kim Passa,2025-09-03 13:19:48.754048,2025-09-03 13:47:48.754048,2025-09-03 13:47:48.754048
case_62,Create Purchase Order,Karel de Groot,2025-09-03 06:30:48.754048,2025-09-03 14:40:48.754048,2025-09-03 14:46:48.754048
case_32,Release Supplier's Invoice,Karalda Nimwada,2025-09-03 11:15:48.754048,2025-09-03 14:59:48.754048,2025-09-03 16:03:48.754048
case_65,Confirm Purchase Order,Kiu Kan,2025-09-03 02:37:48.754048,2025-09-03 15:45:48.754048,2025-09-03 17:27:48.754048
case_37,Deliver Goods Services,Carmen Finacse,2025-09-02 04:18:48.754048,2025-09-03 19:43:48.754048,2025-09-05 09:47:48.754048
case_72,Settle conditions with supplier,Francois de Perrier,2025-09-03 07:13:48.754048,2025-09-03 19:52:48.754048,2025-09-04 05:43:48.754048
case_41,Deliver Goods Services,Esmeralda Clay,2025-09-01 16:49:48.754048,2025-09-03 20:15:48.754048,2025-09-05 02:04:48.754048
case_67,Confirm Purchase Order,Kiu Kan,2025-09-03 02:16:48.754048,2025-09-03 20:16:48.754048,2025-09-03 20:25:48.754048
case_42,Release Purchase Order,Tesca Lobes,2025-09-03 17:16:48.754048,2025-09-03 22:09:48.754048,2025-09-03 22:09:48.754048
case_50,Deliver Goods Services,Esmeralda Clay,2025-09-01 22:32:48.754048,2025-09-03 22:12:48.754048,2025-09-05 03:12:48.754048
case_74,Create Purchase Order,Magdalena Predutta,2025-09-03 17:25:48.754048,2025-09-03 22:21:48.754048,2025-09-03 22:30:48.754048
case_20,Release Purchase Order,Immanuel Karagianni,2025-09-03 16:54:48.754048,2025-09-03 22:46:48.754048,2025-09-03 22:46:48.754048
case_68,Analyze Quotation comparison Map,Alberto Duport,2025-09-03 16:28:48.754048,2025-09-03 23:52:48.754048,2025-09-04 00:24:48.754048
case_66,Settle conditions with supplier,Francois de Perrier,2025-09-03 12:02:48.754048,2025-09-04 00:36:48.754048,2025-09-04 09:11:48.754048
case_47,Create Purchase Order,Karel de Groot,2025-09-02 09:52:48.754048,2025-09-04 00:49:48.754048,2025-09-04 00:58:48.754048
case_32,Authorize Supplier's Invoice payment,Pedro Alvares,2025-09-03 16:03:48.754048,2025-09-04 01:37:48.754048,2025-09-04 01:37:48.754048
case_32,Pay invoice,Karalda Nimwada,2025-09-04 01:37:48.754048,2025-09-04 01:55:48.754048,2025-09-04 01:55:48.754048
case_53,Release Purchase Order,Esmana Liubiata,2025-09-04 01:20:48.754048,2025-09-04 02:05:48.754048,2025-09-04 02:05:48.754048
case_68,Choose best option,Tesca Lobes,2025-09-04 00:24:48.754048,2025-09-04 04:21:48.754048,2025-09-04 04:21:48.754048
case_36,Send invoice,Karen Clarens,2025-09-02 22:23:48.754048,2025-09-04 04:49:48.754048,2025-09-04 04:49:48.754048
case_36,Release Supplier's Invoice,Karalda Nimwada,2025-09-04 04:49:48.754048,2025-09-04 05:49:48.754048,2025-09-04 05:54:48.754048
case_53,Approve Purchase Order for payment,Francois de Perrier,2025-09-04 02:05:48.754048,2025-09-04 05:56:48.754048,2025-09-04 05:56:48.754048
case_20,Approve Purchase Order for payment,Magdalena Predutta,2025-09-03 22:46:48.754048,2025-09-04 07:39:48.754048,2025-09-04 07:39:48.754048
case_74,Confirm Purchase Order,Kiu Kan,2025-09-03 22:30:48.754048,2025-09-04 08:26:48.754048,2025-09-04 08:56:48.754048
case_79,Create Purchase Requisition,Miu Hanwan,2025-09-04 08:31:48.754048,2025-09-04 08:31:48.754048,2025-09-04 10:06:48.754048
case_42,Approve Purchase Order for payment,Francois de Perrier,2025-09-03 22:09:48.754048,2025-09-04 08:51:48.754048,2025-09-04 08:51:48.754048
case_68,Settle conditions with supplier,Karel de Groot,2025-09-04 04:21:48.754048,2025-09-04 10:10:48.754048,2025-09-05 00:57:48.754048
case_76,Analyze Request for Quotation,Karel de Groot,2025-09-03 10:29:48.754048,2025-09-04 10:46:48.754048,2025-09-04 11:09:48.754048
case_47,Confirm Purchase Order,Carmen Finacse,2025-09-04 00:58:48.754048,2025-09-04 11:39:48.754048,2025-09-04 11:45:48.754048
case_79,Analyze Purchase Requisition,Francis Odell,2025-09-04 10:06:48.754048,2025-09-04 11:47:48.754048,2025-09-04 11:53:48.754048
case_80,Create Purchase Requisition,Miu Hanwan,2025-09-04 14:05:48.754048,2025-09-04 14:05:48.754048,2025-09-04 14:41:48.754048
case_36,Authorize Supplier's Invoice payment,Karalda Nimwada,2025-09-04 05:54:48.754048,2025-09-04 17:03:48.754048,2025-09-04 17:03:48.754048
case_72,Create Purchase Order,Magdalena Predutta,2025-09-04 05:43:48.754048,2025-09-04 17:32:48.754048,2025-09-04 17:38:48.754048
case_64,Create Purchase Order,Francois de Perrier,2025-09-02 09:51:48.754048,2025-09-04 18:05:48.754048,2025-09-04 18:16:48.754048
case_65,Deliver Goods Services,Sean Manney,2025-09-03 17:27:48.754048,2025-09-04 20:44:48.754048,2025-09-06 14:56:48.754048
case_61,Confirm Purchase Order,Carmen Finacse,2025-09-01 21:10:48.754048,2025-09-04 21:32:48.754048,2025-09-04 22:13:48.754048
case_36,Pay invoice,Pedro Alvares,2025-09-04 17:03:48.754048,2025-09-04 23:34:48.754048,2025-09-04 23:42:48.754048
case_20,Send invoice,Kiu Kan,2025-09-04 07:39:48.754048,2025-09-05 01:31:48.754048,2025-09-05 01:31:48.754048
case_80,Analyze Purchase Requisition,Francis Odell,2025-09-04 14:41:48.754048,2025-09-05 02:22:48.754048,2025-09-05 02:29:48.754048
case_62,Confirm Purchase Order,Esmeralda Clay,2025-09-03 14:46:48.754048,2025-09-05 03:34:48.754048,2025-09-05 05:20:48.754048
case_68,Create Purchase Order,Francois de Perrier,2025-09-05 00:57:48.754048,2025-09-05 03:45:48.754048,2025-09-05 03:53:48.754048
case_61,Deliver Goods Services,Karen Clarens,2025-09-04 22:13:48.754048,2025-09-05 07:35:48.754048,2025-09-06 03:25:48.754048
case_81,Create Purchase Requisition,Alberto Duport,2025-09-05 09:28:48.754048,2025-09-05 09:28:48.754048,2025-09-05 10:01:48.754048
case_41,Release Purchase Order,Miu Hanwan,2025-09-05 02:04:48.754048,2025-09-05 09:34:48.754048,2025-09-05 09:34:48.754048
case_20,Release Supplier's Invoice,Karalda Nimwada,2025-09-05 01:31:48.754048,2025-09-05 09:46:48.754048,2025-09-05 09:50:48.754048
case_82,Create Purchase Requisition,Immanuel Karagianni,2025-09-05 09:46:48.754048,2025-09-05 09:46:48.754048,2025-09-05 10:46:48.754048
case_54,Confirm Purchase Order,Sean Manney,2025-09-02 23:33:48.754048,2025-09-05 10:31:48.754048,2025-09-05 10:56:48.754048
case_83,Create Purchase Requisition,Tesca Lobes,2025-09-05 11:27:48.754048,2025-09-05 11:27:48.754048,2025-09-05 13:46:48.754048
case_39,Confirm Purchase Order,Carmen Finacse,2025-08-28 01:02:48.754048,2025-09-05 11:31:48.754048,2025-09-05 11:48:48.754048
case_44,Approve Purchase Order for payment,Francois de Perrier,2025-09-03 13:47:48.754048,2025-09-05 11:45:48.754048,2025-09-05 11:45:48.754048
case_20,Authorize Supplier's Invoice payment,Karalda Nimwada,2025-09-05 09:50:48.754048,2025-09-05 12:15:48.754048,2025-09-05 12:15:48.754048
case_20,Pay invoice,Pedro Alvares,2025-09-05 12:15:48.754048,2025-09-05 12:34:48.754048,2025-09-05 12:34:48.754048
case_82,Analyze Purchase Requisition,Maris Freeman,2025-09-05 10:46:48.754048,2025-09-05 13:42:48.754048,2025-09-05 13:48:48.754048
case_53,Send invoice,Kiu Kan,2025-09-04 05:56:48.754048,2025-09-05 14:01:48.754048,2025-09-05 14:01:48.754048
case_81,Analyze Purchase Requisition,Francis Odell,2025-09-05 10:01:48.754048,2025-09-05 14:03:48.754048,2025-09-05 14:08:48.754048
case_81,Create Request for Quotation Requester Manager,Francis Odell,2025-09-05 14:08:48.754048,2025-09-05 14:33:48.754048,2025-09-05 14:35:48.754048
case_42,Send invoice,Kiu Kan,2025-09-04 08:51:48.754048,2025-09-05 14:51:48.754048,2025-09-05 14:51:48.754048
case_42,Release Supplier's Invoice,Pedro Alvares,2025-09-05 14:51:48.754048,2025-09-05 15:29:48.754048,2025-09-05 15:34:48.754048
case_58,Create Purchase Order,Francois de Perrier,2025-09-02 23:38:48.754048,2025-09-05 15:36:48.754048,2025-09-05 15:44:48.754048
case_42,Authorize Supplier's Invoice payment,Karalda Nimwada,2025-09-05 15:34:48.754048,2025-09-05 15:49:48.754048,2025-09-05 15:49:48.754048
case_42,Pay invoice,Karalda Nimwada,2025-09-05 15:49:48.754048,2025-09-05 15:52:48.754048,2025-09-05 15:55:48.754048
case_50,Release Purchase Order,Immanuel Karagianni,2025-09-05 03:12:48.754048,2025-09-05 16:02:48.754048,2025-09-05 16:02:48.754048
case_37,Release Purchase Order,Anne Olwada,2025-09-05 09:47:48.754048,2025-09-05 16:03:48.754048,2025-09-05 16:03:48.754048
case_53,Release Supplier's Invoice,Pedro Alvares,2025-09-05 14:01:48.754048,2025-09-05 16:41:48.754048,2025-09-05 16:45:48.754048
case_62,Deliver Goods Services,Sean Manney,2025-09-05 05:20:48.754048,2025-09-05 16:49:48.754048,2025-09-07 20:01:48.754048
case_59,Deliver Goods Services,Esmeralda Clay,2025-09-02 09:28:48.754048,2025-09-05 17:45:48.754048,2025-09-07 18:15:48.754048
case_81,Analyze Request for Quotation,Francois de Perrier,2025-09-05 14:35:48.754048,2025-09-05 18:51:48.754048,2025-09-05 19:01:48.754048
case_80,Create Request for Quotation Requester Manager,Maris Freeman,2025-09-05 02:29:48.754048,2025-09-05 20:49:48.754048,2025-09-05 20:50:48.754048
case_80,Analyze Request for Quotation,Magdalena Predutta,2025-09-05 20:50:48.754048,2025-09-05 21:14:48.754048,2025-09-05 21:22:48.754048
case_53,Authorize Supplier's Invoice payment,Karalda Nimwada,2025-09-05 16:45:48.754048,2025-09-05 21:29:48.754048,2025-09-05 21:29:48.754048
case_67,Deliver Goods Services,Carmen Finacse,2025-09-03 20:25:48.754048,2025-09-05 21:45:48.754048,2025-09-06 00:27:48.754048
case_84,Create Purchase Requisition,Alberto Duport,2025-09-05 22:29:48.754048,2025-09-05 22:29:48.754048,2025-09-05 23:42:48.754048
case_60,Create Purchase Order,Magdalena Predutta,2025-09-01 09:46:48.754048,2025-09-05 22:35:48.754048,2025-09-05 22:42:48.754048
case_85,Create Purchase Requisition,Tesca Lobes,2025-09-05 23:42:48.754048,2025-09-05 23:42:48.754048,2025-09-06 01:45:48.754048
case_47,Deliver Goods Services,Sean Manney,2025-09-04 11:45:48.754048,2025-09-06 01:51:48.754048,2025-09-07 20:49:48.754048
case_39,Deliver Goods Services,Kiu Kan,2025-09-05 11:48:48.754048,2025-09-06 02:32:48.754048,2025-09-08 05:13:48.754048
case_86,Create Purchase Requisition,Nico Ojenbeer,2025-09-06 02:39:48.754048,2025-09-06 02:39:48.754048,2025-09-06 04:15:48.754048
case_87,Create Purchase Requisition,Fjodor Kowalski,2025-09-06 03:24:48.754048,2025-09-06 03:24:48.754048,2025-09-06 05:18:48.754048
case_82,Create Request for Quotation Requester Manager,Maris Freeman,2025-09-05 13:48:48.754048,2025-09-06 03:32:48.754048,2025-09-06 03:34:48.754048
case_81,Send Request for Quotation to Supplier,Magdalena Predutta,2025-09-05 19:01:48.754048,2025-09-06 04:24:48.754048,2025-09-06 04:35:48.754048
case_87,Analyze Purchase Requisition,Heinz Gutschmidt,2025-09-06 05:18:48.754048,2025-09-06 05:20:48.754048,2025-09-06 05:25:48.754048
case_81,Create Quotation comparison Map,Magdalena Predutta,2025-09-06 04:35:48.754048,2025-09-06 05:45:48.754048,2025-09-06 09:56:48.754048
case_53,Pay invoice,Pedro Alvares,2025-09-05 21:29:48.754048,2025-09-06 06:03:48.754048,2025-09-06 06:06:48.754048
case_64,Confirm Purchase Order,Kiu Kan,2025-09-04 18:16:48.754048,2025-09-06 06:35:48.754048,2025-09-06 06:43:48.754048
case_50,Settle dispute with supplier Purchasing Agent,Francois de Perrier,2025-09-05 16:02:48.754048,2025-09-06 06:35:48.754048,2025-09-06 15:43:48.754048
case_88,Create Purchase Requisition,Immanuel Karagianni,2025-09-06 06:46:48.754048,2025-09-06 06:46:48.754048,2025-09-06 06:48:48.754048
case_75,Create Purchase Order,Magdalena Predutta,2025-09-03 14:18:48.754048,2025-09-06 07:16:48.754048,2025-09-06 07:20:48.754048
case_67,Release Purchase Order,Penn Osterwalder,2025-09-06 00:27:48.754048,2025-09-06 07:24:48.754048,2025-09-06 07:24:48.754048
case_83,Analyze Purchase Requisition,Heinz Gutschmidt,2025-09-05 13:46:48.754048,2025-09-06 08:12:48.754048,2025-09-06 08:22:48.754048
case_61,Release Purchase Order,Immanuel Karagianni,2025-09-06 03:25:48.754048,2025-09-06 08:40:48.754048,2025-09-06 08:40:48.754048
case_60,Confirm Purchase Order,Carmen Finacse,2025-09-05 22:42:48.754048,2025-09-06 09:01:48.754048,2025-09-06 09:33:48.754048
case_87,Create Request for Quotation Requester,Tesca Lobes,2025-09-06 05:25:48.754048,2025-09-06 09:05:48.754048,2025-09-06 09:16:48.754048
case_58,Confirm Purchase Order,Kiu Kan,2025-09-05 15:44:48.754048,2025-09-06 09:22:48.754048,2025-09-06 09:45:48.754048
case_66,Create Purchase Order,Karel de Groot,2025-09-04 09:11:48.754048,2025-09-06 09:27:48.754048,2025-09-06 09:30:48.754048
case_61,Settle dispute with supplier Purchasing Agent,Francois de Perrier,2025-09-06 08:40:48.754048,2025-09-06 10:36:48.754048,2025-09-06 20:45:48.754048
case_83,Create Request for Quotation Requester Manager,Maris Freeman,2025-09-06 08:22:48.754048,2025-09-06 10:57:48.754048,2025-09-06 10:57:48.754048
case_37,Approve Purchase Order for payment,Magdalena Predutta,2025-09-05 16:03:48.754048,2025-09-06 11:05:48.754048,2025-09-06 11:05:48.754048
case_84,Create Request for Quotation Requester Manager,Heinz Gutschmidt,2025-09-05 23:42:48.754048,2025-09-06 11:19:48.754048,2025-09-06 11:21:48.754048
case_54,Deliver Goods Services,Carmen Finacse,2025-09-05 10:56:48.754048,2025-09-06 11:20:48.754048,2025-09-08 14:41:48.754048
case_81,Analyze Quotation comparison Map,Fjodor Kowalski,2025-09-06 09:56:48.754048,2025-09-06 13:13:48.754048,2025-09-06 13:33:48.754048
case_79,Create Request for Quotation Requester Manager,Heinz Gutschmidt,2025-09-04 11:53:48.754048,2025-09-06 13:17:48.754048,2025-09-06 13:20:48.754048
case_88,Analyze Purchase Requisition,Heinz Gutschmidt,2025-09-06 06:48:48.754048,2025-09-06 13:23:48.754048,2025-09-06 13:28:48.754048
case_64,Deliver Goods Services,Karen Clarens,2025-09-06 06:43:48.754048,2025-09-06 13:47:48.754048,2025-09-08 00:18:48.754048
case_88,Create Request for Quotation Requester,Esmana Liubiata,2025-09-06 13:28:48.754048,2025-09-06 14:40:48.754048,2025-09-06 14:50:48.754048
case_85,Analyze Purchase Requisition,Maris Freeman,2025-09-06 01:45:48.754048,2025-09-06 15:18:48.754048,2025-09-06 15:24:48.754048
case_83,Analyze Request for Quotation,Francois de Perrier,2025-09-06 10:57:48.754048,2025-09-06 15:40:48.754048,2025-09-06 17:06:48.754048
case_50,Release Purchase Order,Immanuel Karagianni,2025-09-06 15:43:48.754048,2025-09-06 16:33:48.754048,2025-09-06 16:33:48.754048
case_65,Release Purchase Order,Anne Olwada,2025-09-06 14:56:48.754048,2025-09-06 17:18:48.754048,2025-09-06 17:18:48.754048
case_85,Create Request for Quotation Requester Manager,Francis Odell,2025-09-06 15:24:48.754048,2025-09-06 17:27:48.754048,2025-09-06 17:28:48.754048
case_60,Deliver Goods Services,Kiu Kan,2025-09-06 09:33:48.754048,2025-09-06 18:38:48.754048,2025-09-07 09:49:48.754048
case_79,Analyze Request for Quotation,Francois de Perrier,2025-09-06 13:20:48.754048,2025-09-06 19:35:48.754048,2025-09-06 20:01:48.754048
case_84,Analyze Request for Quotation,Francois de Perrier,2025-09-06 11:21:48.754048,2025-09-06 21:18:48.754048,2025-09-06 21:34:48.754048
case_81,Choose best option,Miu Hanwan,2025-09-06 13:33:48.754048,2025-09-06 21:23:48.754048,2025-09-06 21:23:48.754048
case_67,Approve Purchase Order for payment,Francois de Perrier,2025-09-06 07:24:48.754048,2025-09-06 23:05:48.754048,2025-09-06 23:05:48.754048
case_72,Confirm Purchase Order,Esmeralda Clay,2025-09-04 17:38:48.754048,2025-09-07 00:56:48.754048,2025-09-07 01:17:48.754048
case_83,Amend Request for Quotation Requester Manager,Heinz Gutschmidt,2025-09-06 17:06:48.754048,2025-09-07 02:32:48.754048,2025-09-07 02:44:48.754048
case_50,Approve Purchase Order for payment,Magdalena Predutta,2025-09-06 16:33:48.754048,2025-09-07 02:47:48.754048,2025-09-07 02:47:48.754048
case_58,Deliver Goods Services,Kiu Kan,2025-09-06 09:45:48.754048,2025-09-07 04:01:48.754048,2025-09-07 20:07:48.754048
case_87,Analyze Request for Quotation,Magdalena Predutta,2025-09-06 09:16:48.754048,2025-09-07 06:18:48.754048,2025-09-07 06:58:48.754048
case_85,Analyze Request for Quotation,Magdalena Predutta,2025-09-06 17:28:48.754048,2025-09-07 08:15:48.754048,2025-09-07 08:39:48.754048
case_83,Analyze Request for Quotation,Francois de Perrier,2025-09-07 02:44:48.754048,2025-09-07 10:20:48.754048,2025-09-07 10:35:48.754048
case_85,Send Request for Quotation to Supplier,Francois de Perrier,2025-09-07 08:39:48.754048,2025-09-07 10:35:48.754048,2025-09-07 10:50:48.754048
case_82,Analyze Request for Quotation,Karel de Groot,2025-09-06 03:34:48.754048,2025-09-07 13:12:48.754048,2025-09-07 13:33:48.754048
case_61,Release Purchase Order,Fjodor Kowalski,2025-09-06 20:45:48.754048,2025-09-07 13:39:48.754048,2025-09-07 13:39:48.754048
case_50,Send invoice,Kiu Kan,2025-09-07 02:47:48.754048,2025-09-07 13:51:48.754048,2025-09-07 13:51:48.754048
case_50,Release Supplier's Invoice,Pedro Alvares,2025-09-07 13:51:48.754048,2025-09-07 13:57:48.754048,2025-09-07 14:02:48.754048
case_82,Amend Request for Quotation Requester,Penn Osterwalder,2025-09-07 13:33:48.754048,2025-09-07 14:16:48.754048,2025-09-07 14:22:48.754048
case_60,Release Purchase Order,Alberto Duport,2025-09-07 09:49:48.754048,2025-09-07 15:10:48.754048,2025-09-07 15:10:48.754048
case_50,Authorize Supplier's Invoice payment,Pedro Alvares,2025-09-07 14:02:48.754048,2025-09-07 16:01:48.754048,2025-09-07 16:01:48.754048
case_50,Pay invoice,Pedro Alvares,2025-09-07 16:01:48.754048,2025-09-07 16:27:48.754048,2025-09-07 16:31:48.754048
case_86,Create Request for Quotation Requester Manager,Maris Freeman,2025-09-06 04:15:48.754048,2025-09-07 17:43:48.754048,2025-09-07 17:44:48.754048
case_71,Analyze Request for Quotation,Francois de Perrier,2025-09-01 00:00:48.754048,2025-09-07 18:43:48.754048,2025-09-07 19:03:48.754048
case_89,Create Purchase Requisition,Esmana Liubiata,2025-09-07 18:49:48.754048,2025-09-07 18:49:48.754048,2025-09-07 19:35:48.754048
case_61,Settle dispute with supplier Purchasing Agent,Francois de Perrier,2025-09-07 13:39:48.754048,2025-09-07 18:49:48.754048,2025-09-08 03:18:48.754048
case_67,Send invoice,Carmen Finacse,2025-09-06 23:05:48.754048,2025-09-07 19:14:48.754048,2025-09-07 19:14:48.754048
case_67,Release Supplier's Invoice,Pedro Alvares,2025-09-07 19:14:48.754048,2025-09-07 19:25:48.754048,2025-09-07 19:28:48.754048
case_82,Analyze Request for Quotation,Francois de Perrier,2025-09-07 14:22:48.754048,2025-09-07 19:51:48.754048,2025-09-07 20:11:48.754048
case_75,Confirm Purchase Order,Karen Clarens,2025-09-06 07:20:48.754048,2025-09-07 20:04:48.754048,2025-09-07 20:18:48.754048
case_59,Release Purchase Order,Anne Olwada,2025-09-07 18:15:48.754048,2025-09-07 21:31:48.754048,2025-09-07 21:31:48.754048
case_82,Send Request for Quotation to Supplier,Francois de Perrier,2025-09-07 20:11:48.754048,2025-09-07 21:34:48.754048,2025-09-07 21:49:48.754048
case_58,Release Purchase Order,Tesca Lobes,2025-09-07 20:07:48.754048,2025-09-07 22:37:48.754048,2025-09-07 22:37:48.754048
case_62,Release Purchase Order,Immanuel Karagianni,2025-09-07 20:01:48.754048,2025-09-07 23:22:48.754048,2025-09-07 23:22:48.754048
case_89,Analyze Purchase Requisition,Heinz Gutschmidt,2025-09-07 19:35:48.754048,2025-09-07 23:22:48.754048,2025-09-07 23:26:48.754048
case_47,Release Purchase Order,Kim Passa,2025-09-07 20:49:48.754048,2025-09-07 23:34:48.754048,2025-09-07 23:34:48.754048
case_59,Approve Purchase Order for payment,Francois de Perrier,2025-09-07 21:31:48.754048,2025-09-08 00:37:48.754048,2025-09-08 00:37:48.754048
case_58,Approve Purchase Order for payment,Karel de Groot,2025-09-07 22:37:48.754048,2025-09-08 00:44:48.754048,2025-09-08 00:44:48.754048
case_60,Approve Purchase Order for payment,Magdalena Predutta,2025-09-07 15:10:48.754048,2025-09-08 01:11:48.754048,2025-09-08 01:11:48.754048
case_67,Authorize Supplier's Invoice payment,Karalda Nimwada,2025-09-07 19:28:48.754048,2025-09-08 01:44:48.754048,2025-09-08 01:44:48.754048
case_89,Create Request for Quotation Requester Manager,Francis Odell,2025-09-07 23:26:48.754048,2025-09-08 02:37:48.754048,2025-09-08 02:38:48.754048
case_67,Pay invoice,Pedro Alvares,2025-09-08 01:44:48.754048,2025-09-08 02:48:48.754048,2025-09-08 02:55:48.754048
case_90,Create Purchase Requisition,Nico Ojenbeer,2025-09-08 02:52:48.754048,2025-09-08 02:52:48.754048,2025-09-08 03:30:48.754048
case_61,Release Purchase Order,Anne Olwada,2025-09-08 03:18:48.754048,2025-09-08 03:18:48.754048,2025-09-08 03:18:48.754048
case_73,Confirm Purchase Order,Carmen Finacse,2025-09-02 10:35:48.754048,2025-09-08 04:41:48.754048,2025-09-08 04:52:48.754048
case_86,Analyze Request for Quotation,Francois de Perrier,2025-09-07 17:44:48.754048,2025-09-08 05:10:48.754048,2025-09-08 05:29:48.754048
case_39,Release Purchase Order,Miu Hanwan,2025-09-08 05:13:48.754048,2025-09-08 05:18:48.754048,2025-09-08 05:18:48.754048
case_64,Release Purchase Order,Tesca Lobes,2025-09-08 00:18:48.754048,2025-09-08 06:09:48.754048,2025-09-08 06:09:48.754048
case_86,Amend Request for Quotation Requester,Esmana Liubiata,2025-09-08 05:29:48.754048,2025-09-08 06:39:48.754048,2025-09-08 06:50:48.754048
case_72,Deliver Goods Services,Sean Manney,2025-09-07 01:17:48.754048,2025-09-08 07:06:48.754048,2025-09-10 00:36:48.754048
case_83,Send Request for Quotation to Supplier,Magdalena Predutta,2025-09-07 10:35:48.754048,2025-09-08 07:28:48.754048,2025-09-08 07:55:48.754048
case_85,Create Quotation comparison Map,Francois de Perrier,2025-09-07 10:50:48.754048,2025-09-08 07:31:48.754048,2025-09-08 09:10:48.754048
case_44,Send invoice,Esmeralda Clay,2025-09-05 11:45:48.754048,2025-09-08 07:39:48.754048,2025-09-08 07:39:48.754048
case_90,Create Request for Quotation Requester,Kim Passa,2025-09-08 03:30:48.754048,2025-09-08 07:46:48.754048,2025-09-08 07:54:48.754048
case_64,Approve Purchase Order for payment,Karel de Groot,2025-09-08 06:09:48.754048,2025-09-08 07:52:48.754048,2025-09-08 07:52:48.754048
case_60,Send invoice,Kiu Kan,2025-09-08 01:11:48.754048,2025-09-08 08:18:48.754048,2025-09-08 08:18:48.754048
case_86,Analyze Request for Quotation,Magdalena Predutta,2025-09-08 06:50:48.754048,2025-09-08 08:48:48.754048,2025-09-08 09:14:48.754048
case_82,Create Quotation comparison Map,Francois de Perrier,2025-09-07 21:49:48.754048,2025-09-08 08:51:48.754048,2025-09-08 13:03:48.754048
case_85,Analyze Quotation comparison Map,Penn Osterwalder,2025-09-08 09:10:48.754048,2025-09-08 09:19:48.754048,2025-09-08 09:21:48.754048
case_47,Approve Purchase Order for payment,Magdalena Predutta,2025-09-07 23:34:48.754048,2025-09-08 09:27:48.754048,2025-09-08 09:27:48.754048
case_44,Release Supplier's Invoice,Pedro Alvares,2025-09-08 07:39:48.754048,2025-09-08 09:28:48.754048,2025-09-08 09:32:48.754048
case_44,Authorize Supplier's Invoice payment,Pedro Alvares,2025-09-08 09:32:48.754048,2025-09-08 09:36:48.754048,2025-09-08 09:36:48.754048
case_90,Analyze Request for Quotation,Magdalena Predutta,2025-09-08 07:54:48.754048,2025-09-08 09:52:48.754048,2025-09-08 09:54:48.754048
case_90,Amend Request for Quotation Requester,Esmana Liubiata,2025-09-08 09:54:48.754048,2025-09-08 10:01:48.754048,2025-09-08 10:13:48.754048
case_60,Release Supplier's Invoice,Pedro Alvares,2025-09-08 08:18:48.754048,2025-09-08 10:02:48.754048,2025-09-08 10:07:48.754048
case_44,Pay invoice,Karalda Nimwada,2025-09-08 09:36:48.754048,2025-09-08 10:23:48.754048,2025-09-08 10:35:48.754048
case_60,Authorize Supplier's Invoice payment,Karalda Nimwada,2025-09-08 10:07:48.754048,2025-09-08 10:54:48.754048,2025-09-08 10:54:48.754048
case_60,Pay invoice,Karalda Nimwada,2025-09-08 10:54:48.754048,2025-09-08 11:09:48.754048,2025-09-08 11:20:48.754048
case_62,Approve Purchase Order for payment,Karel de Groot,2025-09-07 23:22:48.754048,2025-09-08 11:13:48.754048,2025-09-08 11:13:48.754048
case_62,Send invoice,Esmeralda Clay,2025-09-08 11:13:48.754048,2025-09-08 11:58:48.754048,2025-09-08 11:58:48.754048
case_62,Release Supplier's Invoice,Pedro Alvares,2025-09-08 11:58:48.754048,2025-09-08 12:28:48.754048,2025-09-08 12:32:48.754048
case_85,Choose best option,Fjodor Kowalski,2025-09-08 09:21:48.754048,2025-09-08 13:31:48.754048,2025-09-08 13:31:48.754048
case_83,Create Quotation comparison Map,Karel de Groot,2025-09-08 07:55:48.754048,2025-09-08 13:38:48.754048,2025-09-08 16:31:48.754048
case_74,Deliver Goods Services,Sean Manney,2025-09-04 08:56:48.754048,2025-09-08 14:11:48.754048,2025-09-10 14:56:48.754048
case_79,Send Request for Quotation to Supplier,Karel de Groot,2025-09-06 20:01:48.754048,2025-09-08 14:32:48.754048,2025-09-08 14:59:48.754048
case_62,Authorize Supplier's Invoice payment,Karalda Nimwada,2025-09-08 12:32:48.754048,2025-09-08 15:22:48.754048,2025-09-08 15:22:48.754048
case_91,Create Purchase Requisition,Tesca Lobes,2025-09-08 15:22:48.754048,2025-09-08 15:22:48.754048,2025-09-08 16:05:48.754048
case_82,Analyze Quotation comparison Map,Nico Ojenbeer,2025-09-08 13:03:48.754048,2025-09-08 16:15:48.754048,2025-09-08 16:45:48.754048
case_62,Pay invoice,Pedro Alvares,2025-09-08 15:22:48.754048,2025-09-08 16:47:48.754048,2025-09-08 16:55:48.754048
case_82,Choose best option,Fjodor Kowalski,2025-09-08 16:45:48.754048,2025-09-08 19:09:48.754048,2025-09-08 19:09:48.754048
case_58,Send invoice,Karen Clarens,2025-09-08 00:44:48.754048,2025-09-08 19:15:48.754048,2025-09-08 19:15:48.754048
case_73,Deliver Goods Services,Kiu Kan,2025-09-08 04:52:48.754048,2025-09-08 20:37:48.754048,2025-09-09 18:28:48.754048
case_54,Release Purchase Order,Tesca Lobes,2025-09-08 14:41:48.754048,2025-09-08 22:54:48.754048,2025-09-08 22:54:48.754048
case_83,Analyze Quotation comparison Map,Christian Francois,2025-09-08 16:31:48.754048,2025-09-08 23:38:48.754048,2025-09-08 23:54:48.754048
case_89,Analyze Request for Quotation,Francois de Perrier,2025-09-08 02:38:48.754048,2025-09-08 23:41:48.754048,2025-09-09 00:01:48.754048
case_83,Choose best option,Tesca Lobes,2025-09-08 23:54:48.754048,2025-09-09 01:34:48.754048,2025-09-09 01:34:48.754048
case_37,Send invoice,Esmeralda Clay,2025-09-06 11:05:48.754048,2025-09-09 02:58:48.754048,2025-09-09 02:58:48.754048
case_37,Release Supplier's Invoice,Karalda Nimwada,2025-09-09 02:58:48.754048,2025-09-09 03:09:48.754048,2025-09-09 03:11:48.754048
case_61,Approve Purchase Order for payment,Francois de Perrier,2025-09-08 03:18:48.754048,2025-09-09 03:48:48.754048,2025-09-09 03:48:48.754048
case_79,Create Quotation comparison Map,Magdalena Predutta,2025-09-08 14:59:48.754048,2025-09-09 03:49:48.754048,2025-09-09 06:23:48.754048
case_90,Analyze Request for Quotation,Magdalena Predutta,2025-09-08 10:13:48.754048,2025-09-09 04:12:48.754048,2025-09-09 04:36:48.754048
case_88,Analyze Request for Quotation,Francois de Perrier,2025-09-06 14:50:48.754048,2025-09-09 04:58:48.754048,2025-09-09 05:14:48.754048
case_90,Amend Request for Quotation Requester,Miu Hanwan,2025-09-09 04:36:48.754048,2025-09-09 07:09:48.754048,2025-09-09 07:12:48.754048
case_88,Send Request for Quotation to Supplier,Francois de Perrier,2025-09-09 05:14:48.754048,2025-09-09 07:44:48.754048,2025-09-09 08:08:48.754048
case_58,Release Supplier's Invoice,Karalda Nimwada,2025-09-08 19:15:48.754048,2025-09-09 09:06:48.754048,2025-09-09 09:08:48.754048
case_58,Settle dispute with supplier Financial Manager,Karalda Nimwada,2025-09-09 09:08:48.754048,2025-09-09 09:27:48.754048,2025-09-09 09:48:48.754048
case_79,Analyze Quotation comparison Map,Alberto Duport,2025-09-09 06:23:48.754048,2025-09-09 11:41:48.754048,2025-09-09 11:58:48.754048
case_41,Approve Purchase Order for payment,Magdalena Predutta,2025-09-05 09:34:48.754048,2025-09-09 12:02:48.754048,2025-09-09 12:02:48.754048
case_91,Analyze Purchase Requisition,Heinz Gutschmidt,2025-09-08 16:05:48.754048,2025-09-09 12:13:48.754048,2025-09-09 12:19:48.754048
case_58,Authorize Supplier's Invoice payment,Karalda Nimwada,2025-09-09 09:48:48.754048,2025-09-09 12:32:48.754048,2025-09-09 12:32:48.754048
case_89,Amend Request for Quotation Requester Manager,Maris Freeman,2025-09-09 00:01:48.754048,2025-09-09 12:35:48.754048,2025-09-09 12:54:48.754048
case_37,Authorize Supplier's Invoice payment,Pedro Alvares,2025-09-09 03:11:48.754048,2025-09-09 12:42:48.754048,2025-09-09 12:42:48.754048
case_91,Analyze Purchase Requisition,Heinz Gutschmidt,2025-09-09 12:19:48.754048,2025-09-09 12:48:48.754048,2025-09-09 12:52:48.754048
case_75,Deliver Goods Services,Kiu Kan,2025-09-07 20:18:48.754048,2025-09-09 13:05:48.754048,2025-09-11 06:03:48.754048
case_58,Pay invoice,Pedro Alvares,2025-09-09 12:32:48.754048,2025-09-09 13:25:48.754048,2025-09-09 13:27:48.754048
case_37,Pay invoice,Karalda Nimwada,2025-09-09 12:42:48.754048,2025-09-09 13:45:48.754048,2025-09-09 13:53:48.754048
case_90,Analyze Request for Quotation,Magdalena Predutta,2025-09-09 07:12:48.754048,2025-09-09 16:05:48.754048,2025-09-09 16:19:48.754048
case_79,Choose best option,Penn Osterwalder,2025-09-09 11:58:48.754048,2025-09-09 17:34:48.754048,2025-09-09 17:34:48.754048
case_91,Create Request for Quotation Requester Manager,Heinz Gutschmidt,2025-09-09 12:52:48.754048,2025-09-09 18:15:48.754048,2025-09-09 18:18:48.754048
case_79,Settle conditions with supplier,Magdalena Predutta,2025-09-09 17:34:48.754048,2025-09-09 19:15:48.754048,2025-09-10 04:44:48.754048
case_65,Approve Purchase Order for payment,Magdalena Predutta,2025-09-06 17:18:48.754048,2025-09-09 19:17:48.754048,2025-09-09 19:17:48.754048
case_39,Approve Purchase Order for payment,Magdalena Predutta,2025-09-08 05:18:48.754048,2025-09-09 20:04:48.754048,2025-09-09 20:04:48.754048
case_83,Settle conditions with supplier,Francois de Perrier,2025-09-09 01:34:48.754048,2025-09-09 20:13:48.754048,2025-09-10 08:35:48.754048
case_92,Create Purchase Requisition,Fjodor Kowalski,2025-09-09 20:26:48.754048,2025-09-09 20:26:48.754048,2025-09-09 20:52:48.754048
case_90,Amend Request for Quotation Requester,Penn Osterwalder,2025-09-09 16:19:48.754048,2025-09-09 21:16:48.754048,2025-09-09 21:25:48.754048
case_47,Send invoice,Carmen Finacse,2025-09-08 09:27:48.754048,2025-09-09 21:21:48.754048,2025-09-09 21:21:48.754048
case_89,Analyze Request for Quotation,Francois de Perrier,2025-09-09 12:54:48.754048,2025-09-09 21:21:48.754048,2025-09-09 21:50:48.754048
case_47,Release Supplier's Invoice,Karalda Nimwada,2025-09-09 21:21:48.754048,2025-09-09 21:27:48.754048,2025-09-09 21:31:48.754048
case_88,Create Quotation comparison Map,Magdalena Predutta,2025-09-09 08:08:48.754048,2025-09-09 21:47:48.754048,2025-09-10 02:18:48.754048
case_54,Approve Purchase Order for payment,Magdalena Predutta,2025-09-08 22:54:48.754048,2025-09-09 21:53:48.754048,2025-09-09 21:53:48.754048
case_91,Analyze Request for Quotation,Francois de Perrier,2025-09-09 18:18:48.754048,2025-09-09 22:09:48.754048,2025-09-09 22:34:48.754048
case_85,Settle conditions with supplier,Karel de Groot,2025-09-08 13:31:48.754048,2025-09-09 22:09:48.754048,2025-09-10 08:51:48.754048
case_73,Release Purchase Order,Tesca Lobes,2025-09-09 18:28:48.754048,2025-09-09 22:22:48.754048,2025-09-09 22:22:48.754048
case_47,Authorize Supplier's Invoice payment,Karalda Nimwada,2025-09-09 21:31:48.754048,2025-09-10 00:05:48.754048,2025-09-10 00:05:48.754048
case_47,Pay invoice,Pedro Alvares,2025-09-10 00:05:48.754048,2025-09-10 00:24:48.754048,2025-09-10 00:29:48.754048
case_68,Confirm Purchase Order,Esmeralda Clay,2025-09-05 03:53:48.754048,2025-09-10 02:32:48.754048,2025-09-10 04:15:48.754048
case_72,Release Purchase Order,Kim Passa,2025-09-10 00:36:48.754048,2025-09-10 02:38:48.754048,2025-09-10 02:38:48.754048
case_72,Approve Purchase Order for payment,Karel de Groot,2025-09-10 02:38:48.754048,2025-09-10 02:52:48.754048,2025-09-10 02:52:48.754048
case_66,Confirm Purchase Order,Karen Clarens,2025-09-06 09:30:48.754048,2025-09-10 05:25:48.754048,2025-09-10 05:39:48.754048
case_90,Analyze Request for Quotation,Magdalena Predutta,2025-09-09 21:25:48.754048,2025-09-10 05:28:48.754048,2025-09-10 05:41:48.754048
case_89,Send Request for Quotation to Supplier,Karel de Groot,2025-09-09 21:50:48.754048,2025-09-10 05:52:48.754048,2025-09-10 06:17:48.754048
case_81,Settle conditions with supplier,Magdalena Predutta,2025-09-06 21:23:48.754048,2025-09-10 06:48:48.754048,2025-09-10 17:51:48.754048
case_88,Analyze Quotation comparison Map,Penn Osterwalder,2025-09-10 02:18:48.754048,2025-09-10 07:33:48.754048,2025-09-10 07:56:48.754048
case_88,Choose best option,Alberto Duport,2025-09-10 07:56:48.754048,2025-09-10 09:20:48.754048,2025-09-10 09:20:48.754048
case_92,Create Request for Quotation Requester Manager,Maris Freeman,2025-09-09 20:52:48.754048,2025-09-10 09:28:48.754048,2025-09-10 09:30:48.754048
case_83,Create Purchase Order,Karel de Groot,2025-09-10 08:35:48.754048,2025-09-10 10:18:48.754048,2025-09-10 10:30:48.754048
case_72,Send invoice,Karen Clarens,2025-09-10 02:52:48.754048,2025-09-10 12:49:48.754048,2025-09-10 12:49:48.754048
case_66,Deliver Goods Services,Carmen Finacse,2025-09-10 05:39:48.754048,2025-09-10 14:56:48.754048,2025-09-12 00:47:48.754048
case_41,Send invoice,Carmen Finacse,2025-09-09 12:02:48.754048,2025-09-10 15:36:48.754048,2025-09-10 15:36:48.754048
case_72,Release Supplier's Invoice,Karalda Nimwada,2025-09-10 12:49:48.754048,2025-09-10 16:13:48.754048,2025-09-10 16:18:48.754048
case_41,Release Supplier's Invoice,Pedro Alvares,2025-09-10 15:36:48.754048,2025-09-10 16:56:48.754048,2025-09-10 17:02:48.754048
case_73,Approve Purchase Order for payment,Francois de Perrier,2025-09-09 22:22:48.754048,2025-09-10 17:01:48.754048,2025-09-10 17:01:48.754048
case_72,Authorize Supplier's Invoice payment,Karalda Nimwada,2025-09-10 16:18:48.754048,2025-09-10 17:10:48.754048,2025-09-10 17:10:48.754048
case_79,Create Purchase Order,Magdalena Predutta,2025-09-10 04:44:48.754048,2025-09-10 17:37:48.754048,2025-09-10 17:41:48.754048
case_41,Settle dispute with supplier Financial Manager,Pedro Alvares,2025-09-10 17:02:48.754048,2025-09-10 17:59:48.754048,2025-09-10 18:20:48.754048
case_72,Pay invoice,Pedro Alvares,2025-09-10 17:10:48.754048,2025-09-10 18:09:48.754048,2025-09-10 18:17:48.754048
case_74,Release Purchase Order,Alberto Duport,2025-09-10 14:56:48.754048,2025-09-10 18:53:48.754048,2025-09-10 18:53:48.754048
case_93,Create Purchase Requisition,Penn Osterwalder,2025-09-10 18:53:48.754048,2025-09-10 18:53:48.754048,2025-09-10 19:36:48.754048
case_85,Create Purchase Order,Francois de Perrier,2025-09-10 08:51:48.754048,2025-09-10 18:57:48.754048,2025-09-10 19:05:48.754048
case_41,Authorize Supplier's Invoice payment,Karalda Nimwada,2025-09-10 18:20:48.754048,2025-09-10 19:20:48.754048,2025-09-10 19:20:48.754048
case_41,Pay invoice,Karalda Nimwada,2025-09-10 19:20:48.754048,2025-09-10 19:46:48.754048,2025-09-10 19:59:48.754048
case_73,Send invoice,Esmeralda Clay,2025-09-10 17:01:48.754048,2025-09-10 20:17:48.754048,2025-09-10 20:17:48.754048
case_61,Send invoice,Esmeralda Clay,2025-09-09 03:48:48.754048,2025-09-10 20:23:48.754048,2025-09-10 20:23:48.754048
case_64,Send invoice,Carmen Finacse,2025-09-08 07:52:48.754048,2025-09-10 20:58:48.754048,2025-09-10 20:58:48.754048
case_81,Create Purchase Order,Francois de Perrier,2025-09-10 17:51:48.754048,2025-09-10 21:24:48.754048,2025-09-10 21:34:48.754048
case_88,Settle conditions with supplier,Magdalena Predutta,2025-09-10 09:20:48.754048,2025-09-10 22:09:48.754048,2025-09-11 08:56:48.754048
case_90,Send Request for Quotation to Supplier,Francois de Perrier,2025-09-10 05:41:48.754048,2025-09-10 23:20:48.754048,2025-09-10 23:25:48.754048
case_73,Release Supplier's Invoice,Karalda Nimwada,2025-09-10 20:17:48.754048,2025-09-10 23:47:48.754048,2025-09-10 23:48:48.754048
case_61,Release Supplier's Invoice,Karalda Nimwada,2025-09-10 20:23:48.754048,2025-09-11 01:11:48.754048,2025-09-11 01:16:48.754048
case_82,Settle conditions with supplier,Francois de Perrier,2025-09-08 19:09:48.754048,2025-09-11 01:23:48.754048,2025-09-11 10:04:48.754048
case_64,Release Supplier's Invoice,Karalda Nimwada,2025-09-10 20:58:48.754048,2025-09-11 01:44:48.754048,2025-09-11 01:46:48.754048
case_61,Authorize Supplier's Invoice payment,Pedro Alvares,2025-09-11 01:16:48.754048,2025-09-11 02:04:48.754048,2025-09-11 02:04:48.754048
case_61,Pay invoice,Karalda Nimwada,2025-09-11 02:04:48.754048,2025-09-11 02:26:48.754048,2025-09-11 02:28:48.754048
case_64,Authorize Supplier's Invoice payment,Karalda Nimwada,2025-09-11 01:46:48.754048,2025-09-11 02:38:48.754048,2025-09-11 02:38:48.754048
case_94,Create Purchase Requisition,Tesca Lobes,2025-09-11 03:42:48.754048,2025-09-11 03:42:48.754048,2025-09-11 04:35:48.754048
case_90,Create Quotation comparison Map,Karel de Groot,2025-09-10 23:25:48.754048,2025-09-11 03:43:48.754048,2025-09-11 07:50:48.754048
case_64,Pay invoice,Karalda Nimwada,2025-09-11 02:38:48.754048,2025-09-11 04:01:48.754048,2025-09-11 04:09:48.754048
case_73,Authorize Supplier's Invoice payment,Karalda Nimwada,2025-09-10 23:48:48.754048,2025-09-11 04:11:48.754048,2025-09-11 04:11:48.754048
case_83,Confirm Purchase Order,Karen Clarens,2025-09-10 10:30:48.754048,2025-09-11 04:37:48.754048,2025-09-11 05:00:48.754048
case_95,Create Purchase Requisition,Kim Passa,2025-09-11 05:43:48.754048,2025-09-11 05:43:48.754048,2025-09-11 07:09:48.754048
case_73,Pay invoice,Pedro Alvares,2025-09-11 04:11:48.754048,2025-09-11 05:53:48.754048,2025-09-11 06:01:48.754048
case_85,Confirm Purchase Order,Karen Clarens,2025-09-10 19:05:48.754048,2025-09-11 06:09:48.754048,2025-09-11 06:33:48.754048
case_75,Release Purchase Order,Fjodor Kowalski,2025-09-11 06:03:48.754048,2025-09-11 06:30:48.754048,2025-09-11 06:30:48.754048
case_92,Analyze Request for Quotation,Magdalena Predutta,2025-09-10 09:30:48.754048,2025-09-11 07:23:48.754048,2025-09-11 07:42:48.754048
case_90,Analyze Quotation comparison Map,Fjodor Kowalski,2025-09-11 07:50:48.754048,2025-09-11 08:03:48.754048,2025-09-11 08:18:48.754048
case_96,Create Purchase Requisition,Nico Ojenbeer,2025-09-11 08:28:48.754048,2025-09-11 08:28:48.754048,2025-09-11 08:42:48.754048
case_68,Deliver Goods Services,Carmen Finacse,2025-09-10 04:15:48.754048,2025-09-11 08:35:48.754048,2025-09-11 17:59:48.754048
case_74,Approve Purchase Order for payment,Francois de Perrier,2025-09-10 18:53:48.754048,2025-09-11 08:45:48.754048,2025-09-11 08:45:48.754048
case_95,Analyze Purchase Requisition,Francis Odell,2025-09-11 07:09:48.754048,2025-09-11 09:11:48.754048,2025-09-11 09:15:48.754048
case_95,Create Request for Quotation Requester,Fjodor Kowalski,2025-09-11 09:15:48.754048,2025-09-11 09:50:48.754048,2025-09-11 10:00:48.754048
case_89,Create Quotation comparison Map,Karel de Groot,2025-09-10 06:17:48.754048,2025-09-11 10:23:48.754048,2025-09-11 15:18:48.754048
case_90,Choose best option,Tesca Lobes,2025-09-11 08:18:48.754048,2025-09-11 11:09:48.754048,2025-09-11 11:09:48.754048
case_93,Analyze Purchase Requisition,Francis Odell,2025-09-10 19:36:48.754048,2025-09-11 13:41:48.754048,2025-09-11 13:49:48.754048
case_93,Create Request for Quotation Requester,Esmana Liubiata,2025-09-11 13:49:48.754048,2025-09-11 13:50:48.754048,2025-09-11 15:03:48.754048
case_94,Analyze Purchase Requisition,Maris Freeman,2025-09-11 04:35:48.754048,2025-09-11 13:54:48.754048,2025-09-11 13:57:48.754048
case_94,Create Request for Quotation Requester Manager,Francis Odell,2025-09-11 13:57:48.754048,2025-09-11 14:19:48.754048,2025-09-11 14:20:48.754048
case_75,Approve Purchase Order for payment,Karel de Groot,2025-09-11 06:30:48.754048,2025-09-11 14:56:48.754048,2025-09-11 14:56:48.754048
case_94,Analyze Request for Quotation,Karel de Groot,2025-09-11 14:20:48.754048,2025-09-11 15:45:48.754048,2025-09-11 16:09:48.754048
case_93,Analyze Request for Quotation,Magdalena Predutta,2025-09-11 15:03:48.754048,2025-09-11 17:01:48.754048,2025-09-11 17:30:48.754048
case_88,Create Purchase Order,Karel de Groot,2025-09-11 08:56:48.754048,2025-09-11 17:06:48.754048,2025-09-11 17:13:48.754048
case_89,Analyze Quotation comparison Map,Immanuel Karagianni,2025-09-11 15:18:48.754048,2025-09-11 17:50:48.754048,2025-09-11 20:01:48.754048
case_39,Send invoice,Sean Manney,2025-09-09 20:04:48.754048,2025-09-11 20:33:48.754048,2025-09-11 20:33:48.754048
case_97,Create Purchase Requisition,Alberto Duport,2025-09-11 20:35:48.754048,2025-09-11 20:35:48.754048,2025-09-11 21:16:48.754048
case_68,Release Purchase Order,Kim Passa,2025-09-11 17:59:48.754048,2025-09-11 21:39:48.754048,2025-09-11 21:39:48.754048
case_82,Create Purchase Order,Francois de Perrier,2025-09-11 10:04:48.754048,2025-09-11 21:46:48.754048,2025-09-11 21:51:48.754048
case_89,Choose best option,Kim Passa,2025-09-11 20:01:48.754048,2025-09-11 22:25:48.754048,2025-09-11 22:25:48.754048
case_39,Release Supplier's Invoice,Pedro Alvares,2025-09-11 20:33:48.754048,2025-09-11 22:47:48.754048,2025-09-11 22:51:48.754048
case_88,Confirm Purchase Order,Karen Clarens,2025-09-11 17:13:48.754048,2025-09-11 23:14:48.754048,2025-09-11 23:40:48.754048
case_39,Authorize Supplier's Invoice payment,Karalda Nimwada,2025-09-11 22:51:48.754048,2025-09-11 23:38:48.754048,2025-09-11 23:38:48.754048
case_95,Analyze Request for Quotation,Francois de Perrier,2025-09-11 10:00:48.754048,2025-09-11 23:51:48.754048,2025-09-12 00:17:48.754048
case_39,Pay invoice,Pedro Alvares,2025-09-11 23:38:48.754048,2025-09-12 00:34:48.754048,2025-09-12 00:37:48.754048
case_66,Release Purchase Order,Alberto Duport,2025-09-12 00:47:48.754048,2025-09-12 00:56:48.754048,2025-09-12 00:56:48.754048
case_54,Send invoice,Carmen Finacse,2025-09-09 21:53:48.754048,2025-09-12 01:13:48.754048,2025-09-12 01:13:48.754048
case_93,Amend Request for Quotation Requester,Fjodor Kowalski,2025-09-11 17:30:48.754048,2025-09-12 01:14:48.754048,2025-09-12 01:23:48.754048
case_54,Release Supplier's Invoice,Karalda Nimwada,2025-09-12 01:13:48.754048,2025-09-12 02:23:48.754048,2025-09-12 02:28:48.754048
case_85,Deliver Goods Services,Sean Manney,2025-09-11 06:33:48.754048,2025-09-12 03:34:48.754048,2025-09-13 01:35:48.754048
case_98,Create Purchase Requisition,Christian Francois,2025-09-12 03:50:48.754048,2025-09-12 03:50:48.754048,2025-09-12 04:28:48.754048
case_93,Analyze Request for Quotation,Magdalena Predutta,2025-09-12 01:23:48.754048,2025-09-12 03:55:48.754048,2025-09-12 04:03:48.754048
case_96,Analyze Purchase Requisition,Maris Freeman,2025-09-11 08:42:48.754048,2025-09-12 03:58:48.754048,2025-09-12 04:06:48.754048
case_83,Deliver Goods Services,Esmeralda Clay,2025-09-11 05:00:48.754048,2025-09-12 04:00:48.754048,2025-09-13 02:57:48.754048
case_96,Create Request for Quotation Requester Manager,Heinz Gutschmidt,2025-09-12 04:06:48.754048,2025-09-12 05:40:48.754048,2025-09-12 05:42:48.754048
case_98,Analyze Purchase Requisition,Francis Odell,2025-09-12 04:28:48.754048,2025-09-12 06:52:48.754048,2025-09-12 07:01:48.754048
case_97,Analyze Purchase Requisition,Francis Odell,2025-09-11 21:16:48.754048,2025-09-12 07:20:48.754048,2025-09-12 07:28:48.754048
case_68,Approve Purchase Order for payment,Karel de Groot,2025-09-11 21:39:48.754048,2025-09-12 08:36:48.754048,2025-09-12 08:36:48.754048
case_54,Authorize Supplier's Invoice payment,Karalda Nimwada,2025-09-12 02:28:48.754048,2025-09-12 09:02:48.754048,2025-09-12 09:02:48.754048
case_99,Create Purchase Requisition,Christian Francois,2025-09-12 09:50:48.754048,2025-09-12 09:50:48.754048,2025-09-12 09:55:48.754048
case_93,Amend Request for Quotation Requester Manager,Francis Odell,2025-09-12 04:03:48.754048,2025-09-12 10:00:48.754048,2025-09-12 12:08:48.754048
case_54,Pay invoice,Karalda Nimwada,2025-09-12 09:02:48.754048,2025-09-12 11:11:48.754048,2025-09-12 11:16:48.754048
case_98,Create Request for Quotation Requester,Kim Passa,2025-09-12 07:01:48.754048,2025-09-12 11:46:48.754048,2025-09-12 11:53:48.754048
case_90,Settle conditions with supplier,Francois de Perrier,2025-09-11 11:09:48.754048,2025-09-12 12:30:48.754048,2025-09-12 21:55:48.754048
case_100,Create Purchase Requisition,Anne Olwada,2025-09-12 12:47:48.754048,2025-09-12 12:47:48.754048,2025-09-12 14:28:48.754048
case_98,Analyze Request for Quotation,Magdalena Predutta,2025-09-12 11:53:48.754048,2025-09-12 14:06:48.754048,2025-09-12 14:23:48.754048
case_88,Deliver Goods Services,Carmen Finacse,2025-09-11 23:40:48.754048,2025-09-12 16:10:48.754048,2025-09-14 11:14:48.754048
case_100,Create Request for Quotation Requester,Immanuel Karagianni,2025-09-12 14:28:48.754048,2025-09-12 17:02:48.754048,2025-09-12 17:11:48.754048
case_94,Send Request for Quotation to Supplier,Karel de Groot,2025-09-11 16:09:48.754048,2025-09-12 19:28:48.754048,2025-09-12 19:49:48.754048
case_66,Approve Purchase Order for payment,Karel de Groot,2025-09-12 00:56:48.754048,2025-09-12 19:37:48.754048,2025-09-12 19:37:48.754048
case_75,Send invoice,Karen Clarens,2025-09-11 14:56:48.754048,2025-09-12 23:14:48.754048,2025-09-12 23:14:48.754048
case_97,Create Request for Quotation Requester Manager,Maris Freeman,2025-09-12 07:28:48.754048,2025-09-12 23:32:48.754048,2025-09-12 23:33:48.754048
case_82,Confirm Purchase Order,Esmeralda Clay,2025-09-11 21:51:48.754048,2025-09-12 23:54:48.754048,2025-09-13 02:36:48.754048
case_98,Send Request for Quotation to Supplier,Francois de Perrier,2025-09-12 14:23:48.754048,2025-09-13 01:06:48.754048,2025-09-13 01:41:48.754048
case_75,Release Supplier's Invoice,Pedro Alvares,2025-09-12 23:14:48.754048,2025-09-13 01:28:48.754048,2025-09-13 01:31:48.754048
case_85,Release Purchase Order,Miu Hanwan,2025-09-13 01:35:48.754048,2025-09-13 01:37:48.754048,2025-09-13 01:37:48.754048
case_75,Authorize Supplier's Invoice payment,Pedro Alvares,2025-09-13 01:31:48.754048,2025-09-13 01:44:48.754048,2025-09-13 01:44:48.754048
case_75,Pay invoice,Karalda Nimwada,2025-09-13 01:44:48.754048,2025-09-13 02:24:48.754048,2025-09-13 02:28:48.754048
case_98,Create Quotation comparison Map,Karel de Groot,2025-09-13 01:41:48.754048,2025-09-13 02:33:48.754048,2025-09-13 04:45:48.754048
case_97,Analyze Request for Quotation,Karel de Groot,2025-09-12 23:33:48.754048,2025-09-13 02:40:48.754048,2025-09-13 03:00:48.754048
case_83,Release Purchase Order,Fjodor Kowalski,2025-09-13 02:57:48.754048,2025-09-13 03:08:48.754048,2025-09-13 03:08:48.754048
case_82,Deliver Goods Services,Esmeralda Clay,2025-09-13 02:36:48.754048,2025-09-13 03:20:48.754048,2025-09-15 04:30:48.754048
case_97,Send Request for Quotation to Supplier,Magdalena Predutta,2025-09-13 03:00:48.754048,2025-09-13 03:24:48.754048,2025-09-13 03:40:48.754048
case_93,Analyze Request for Quotation,Karel de Groot,2025-09-12 12:08:48.754048,2025-09-13 03:38:48.754048,2025-09-13 03:58:48.754048
case_89,Settle conditions with supplier,Magdalena Predutta,2025-09-11 22:25:48.754048,2025-09-13 04:09:48.754048,2025-09-13 15:45:48.754048
case_99,Create Request for Quotation Requester Manager,Heinz Gutschmidt,2025-09-12 09:55:48.754048,2025-09-13 05:23:48.754048,2025-09-13 05:26:48.754048
case_65,Send invoice,Esmeralda Clay,2025-09-09 19:17:48.754048,2025-09-13 08:45:48.754048,2025-09-13 08:45:48.754048
case_65,Release Supplier's Invoice,Karalda Nimwada,2025-09-13 08:45:48.754048,2025-09-13 09:04:48.754048,2025-09-13 09:10:48.754048
case_98,Analyze Quotation comparison Map,Fjodor Kowalski,2025-09-13 04:45:48.754048,2025-09-13 10:10:48.754048,2025-09-13 10:40:48.754048
case_93,Send Request for Quotation to Supplier,Karel de Groot,2025-09-13 03:58:48.754048,2025-09-13 11:08:48.754048,2025-09-13 11:31:48.754048
case_83,Approve Purchase Order for payment,Karel de Groot,2025-09-13 03:08:48.754048,2025-09-13 11:39:48.754048,2025-09-13 11:39:48.754048
case_94,Create Quotation comparison Map,Francois de Perrier,2025-09-12 19:49:48.754048,2025-09-13 12:28:48.754048,2025-09-13 15:35:48.754048
case_65,Authorize Supplier's Invoice payment,Karalda Nimwada,2025-09-13 09:10:48.754048,2025-09-13 14:32:48.754048,2025-09-13 14:32:48.754048
case_65,Pay invoice,Karalda Nimwada,2025-09-13 14:32:48.754048,2025-09-13 15:26:48.754048,2025-09-13 15:34:48.754048
case_94,Analyze Quotation comparison Map,Kim Passa,2025-09-13 15:35:48.754048,2025-09-13 15:40:48.754048,2025-09-13 15:46:48.754048
case_98,Choose best option,Kim Passa,2025-09-13 10:40:48.754048,2025-09-13 15:51:48.754048,2025-09-13 15:51:48.754048
case_94,Choose best option,Christian Francois,2025-09-13 15:46:48.754048,2025-09-13 15:53:48.754048,2025-09-13 15:53:48.754048
case_93,Create Quotation comparison Map,Francois de Perrier,2025-09-13 11:31:48.754048,2025-09-13 15:57:48.754048,2025-09-13 18:43:48.754048
case_94,Settle conditions with supplier,Francois de Perrier,2025-09-13 15:53:48.754048,2025-09-13 17:13:48.754048,2025-09-14 01:42:48.754048
case_96,Analyze Request for Quotation,Karel de Groot,2025-09-12 05:42:48.754048,2025-09-13 17:38:48.754048,2025-09-13 17:58:48.754048
case_89,Create Purchase Order,Magdalena Predutta,2025-09-13 15:45:48.754048,2025-09-13 19:31:48.754048,2025-09-13 19:42:48.754048
case_93,Analyze Quotation comparison Map,Esmana Liubiata,2025-09-13 18:43:48.754048,2025-09-13 22:02:48.754048,2025-09-13 22:18:48.754048
case_74,Send invoice,Esmeralda Clay,2025-09-11 08:45:48.754048,2025-09-13 22:17:48.754048,2025-09-13 22:17:48.754048
case_74,Release Supplier's Invoice,Pedro Alvares,2025-09-13 22:17:48.754048,2025-09-13 22:41:48.754048,2025-09-13 22:46:48.754048
case_93,Choose best option,Esmana Liubiata,2025-09-13 22:18:48.754048,2025-09-13 23:05:48.754048,2025-09-13 23:05:48.754048
case_74,Settle dispute with supplier Financial Manager,Karalda Nimwada,2025-09-13 22:46:48.754048,2025-09-13 23:31:48.754048,2025-09-13 23:38:48.754048
case_74,Authorize Supplier's Invoice payment,Pedro Alvares,2025-09-13 23:38:48.754048,2025-09-14 00:04:48.754048,2025-09-14 00:04:48.754048
case_97,Create Quotation comparison Map,Magdalena Predutta,2025-09-13 03:40:48.754048,2025-09-14 00:33:48.754048,2025-09-14 02:06:48.754048
case_79,Confirm Purchase Order,Carmen Finacse,2025-09-10 17:41:48.754048,2025-09-14 02:05:48.754048,2025-09-14 02:14:48.754048
case_74,Pay invoice,Karalda Nimwada,2025-09-14 00:04:48.754048,2025-09-14 02:38:48.754048,2025-09-14 02:51:48.754048
case_97,Analyze Quotation comparison Map,Anne Olwada,2025-09-14 02:06:48.754048,2025-09-14 02:59:48.754048,2025-09-14 04:13:48.754048
case_46,Confirm Purchase Order,Kiu Kan,2025-08-31 15:00:48.754048,2025-09-14 02:59:48.754048,2025-09-14 04:14:48.754048
case_99,Analyze Request for Quotation,Magdalena Predutta,2025-09-13 05:26:48.754048,2025-09-14 04:25:48.754048,2025-09-14 04:29:48.754048
case_98,Settle conditions with supplier,Francois de Perrier,2025-09-13 15:51:48.754048,2025-09-14 04:49:48.754048,2025-09-14 13:33:48.754048
case_99,Amend Request for Quotation Requester,Miu Hanwan,2025-09-14 04:29:48.754048,2025-09-14 05:01:48.754048,2025-09-14 05:15:48.754048
case_95,Send Request for Quotation to Supplier,Francois de Perrier,2025-09-12 00:17:48.754048,2025-09-14 07:31:48.754048,2025-09-14 07:54:48.754048
case_94,Create Purchase Order,Magdalena Predutta,2025-09-14 01:42:48.754048,2025-09-14 07:58:48.754048,2025-09-14 08:06:48.754048
case_95,Create Quotation comparison Map,Karel de Groot,2025-09-14 07:54:48.754048,2025-09-14 08:06:48.754048,2025-09-14 10:03:48.754048
case_97,Choose best option,Nico Ojenbeer,2025-09-14 04:13:48.754048,2025-09-14 10:17:48.754048,2025-09-14 10:17:48.754048
case_90,Create Purchase Order,Karel de Groot,2025-09-12 21:55:48.754048,2025-09-14 10:25:48.754048,2025-09-14 10:30:48.754048
case_89,Confirm Purchase Order,Karen Clarens,2025-09-13 19:42:48.754048,2025-09-14 11:24:48.754048,2025-09-14 11:54:48.754048
case_88,Release Purchase Order,Immanuel Karagianni,2025-09-14 11:14:48.754048,2025-09-14 12:45:48.754048,2025-09-14 12:45:48.754048
case_95,Analyze Quotation comparison Map,Alberto Duport,2025-09-14 10:03:48.754048,2025-09-14 13:03:48.754048,2025-09-14 13:14:48.754048
case_95,Choose best option,Kim Passa,2025-09-14 13:14:48.754048,2025-09-14 13:16:48.754048,2025-09-14 13:16:48.754048
case_100,Analyze Request for Quotation,Francois de Perrier,2025-09-12 17:11:48.754048,2025-09-14 14:00:48.754048,2025-09-14 16:20:48.754048
case_97,Settle conditions with supplier,Magdalena Predutta,2025-09-14 10:17:48.754048,2025-09-14 14:10:48.754048,2025-09-15 02:01:48.754048
case_98,Create Purchase Order,Magdalena Predutta,2025-09-14 13:33:48.754048,2025-09-14 17:52:48.754048,2025-09-14 18:04:48.754048
case_99,Analyze Request for Quotation,Francois de Perrier,2025-09-14 05:15:48.754048,2025-09-14 18:54:48.754048,2025-09-14 19:29:48.754048
case_99,Amend Request for Quotation Requester,Miu Hanwan,2025-09-14 19:29:48.754048,2025-09-14 19:29:48.754048,2025-09-14 23:04:48.754048
case_83,Send invoice,Karen Clarens,2025-09-13 11:39:48.754048,2025-09-14 22:59:48.754048,2025-09-14 22:59:48.754048
case_100,Amend Request for Quotation Requester,Alberto Duport,2025-09-14 16:20:48.754048,2025-09-14 23:04:48.754048,2025-09-14 23:15:48.754048
case_46,Deliver Goods Services,Carmen Finacse,2025-09-14 04:14:48.754048,2025-09-14 23:04:48.754048,2025-09-16 12:59:48.754048
case_95,Settle conditions with supplier,Karel de Groot,2025-09-14 13:16:48.754048,2025-09-15 00:06:48.754048,2025-09-15 07:58:48.754048
case_100,Analyze Request for Quotation,Karel de Groot,2025-09-14 23:15:48.754048,2025-09-15 00:16:48.754048,2025-09-15 00:31:48.754048
case_97,Create Purchase Order,Magdalena Predutta,2025-09-15 02:01:48.754048,2025-09-15 02:40:48.754048,2025-09-15 02:49:48.754048
case_98,Confirm Purchase Order,Kiu Kan,2025-09-14 18:04:48.754048,2025-09-15 03:33:48.754048,2025-09-15 03:46:48.754048
case_83,Release Supplier's Invoice,Karalda Nimwada,2025-09-14 22:59:48.754048,2025-09-15 04:09:48.754048,2025-09-15 04:12:48.754048
case_100,Amend Request for Quotation Requester,Miu Hanwan,2025-09-15 00:31:48.754048,2025-09-15 04:15:48.754048,2025-09-15 04:21:48.754048
case_99,Analyze Request for Quotation,Karel de Groot,2025-09-14 23:04:48.754048,2025-09-15 05:30:48.754048,2025-09-15 05:54:48.754048
case_94,Confirm Purchase Order,Karen Clarens,2025-09-14 08:06:48.754048,2025-09-15 06:05:48.754048,2025-09-15 06:29:48.754048
case_83,Authorize Supplier's Invoice payment,Pedro Alvares,2025-09-15 04:12:48.754048,2025-09-15 07:56:48.754048,2025-09-15 07:56:48.754048
case_59,Send invoice,Sean Manney,2025-09-08 00:37:48.754048,2025-09-15 09:30:48.754048,2025-09-15 09:30:48.754048
case_59,Release Supplier's Invoice,Pedro Alvares,2025-09-15 09:30:48.754048,2025-09-15 09:50:48.754048,2025-09-15 09:50:48.754048
case_95,Create Purchase Order,Magdalena Predutta,2025-09-15 07:58:48.754048,2025-09-15 10:10:48.754048,2025-09-15 10:13:48.754048
case_59,Authorize Supplier's Invoice payment,Karalda Nimwada,2025-09-15 09:50:48.754048,2025-09-15 10:28:48.754048,2025-09-15 10:28:48.754048
case_98,Deliver Goods Services,Kiu Kan,2025-09-15 03:46:48.754048,2025-09-15 10:45:48.754048,2025-09-17 14:26:48.754048
case_66,Send invoice,Kiu Kan,2025-09-12 19:37:48.754048,2025-09-15 10:46:48.754048,2025-09-15 10:46:48.754048
case_83,Pay invoice,Karalda Nimwada,2025-09-15 07:56:48.754048,2025-09-15 10:54:48.754048,2025-09-15 10:56:48.754048
case_59,Pay invoice,Karalda Nimwada,2025-09-15 10:28:48.754048,2025-09-15 12:03:48.754048,2025-09-15 12:12:48.754048
case_66,Release Supplier's Invoice,Karalda Nimwada,2025-09-15 10:46:48.754048,2025-09-15 12:30:48.754048,2025-09-15 12:36:48.754048
case_66,Authorize Supplier's Invoice payment,Karalda Nimwada,2025-09-15 12:36:48.754048,2025-09-15 14:06:48.754048,2025-09-15 14:06:48.754048
case_82,Release Purchase Order,Penn Osterwalder,2025-09-15 04:30:48.754048,2025-09-15 14:18:48.754048,2025-09-15 14:18:48.754048
case_95,Confirm Purchase Order,Carmen Finacse,2025-09-15 10:13:48.754048,2025-09-15 14:49:48.754048,2025-09-15 15:06:48.754048
case_66,Pay invoice,Karalda Nimwada,2025-09-15 14:06:48.754048,2025-09-15 16:00:48.754048,2025-09-15 16:09:48.754048
case_93,Settle conditions with supplier,Karel de Groot,2025-09-13 23:05:48.754048,2025-09-15 16:36:48.754048,2025-09-15 20:16:48.754048
case_100,Analyze Request for Quotation,Magdalena Predutta,2025-09-15 04:21:48.754048,2025-09-15 16:57:48.754048,2025-09-15 17:07:48.754048
case_56,Confirm Purchase Order,Carmen Finacse,2025-09-02 15:57:48.754048,2025-09-15 18:41:48.754048,2025-09-15 19:00:48.754048
case_97,Confirm Purchase Order,Sean Manney,2025-09-15 02:49:48.754048,2025-09-15 18:56:48.754048,2025-09-15 19:16:48.754048
case_90,Confirm Purchase Order,Kiu Kan,2025-09-14 10:30:48.754048,2025-09-15 19:38:48.754048,2025-09-15 19:55:48.754048
case_100,Amend Request for Quotation Requester,Anne Olwada,2025-09-15 17:07:48.754048,2025-09-15 22:23:48.754048,2025-09-15 22:35:48.754048
case_85,Approve Purchase Order for payment,Magdalena Predutta,2025-09-13 01:37:48.754048,2025-09-16 03:36:48.754048,2025-09-16 03:36:48.754048
case_99,Send Request for Quotation to Supplier,Magdalena Predutta,2025-09-15 05:54:48.754048,2025-09-16 03:58:48.754048,2025-09-16 04:10:48.754048
case_85,Send invoice,Esmeralda Clay,2025-09-16 03:36:48.754048,2025-09-16 04:47:48.754048,2025-09-16 04:47:48.754048
case_82,Approve Purchase Order for payment,Karel de Groot,2025-09-15 14:18:48.754048,2025-09-16 10:00:48.754048,2025-09-16 10:00:48.754048
case_93,Create Purchase Order,Magdalena Predutta,2025-09-15 20:16:48.754048,2025-09-16 10:50:48.754048,2025-09-16 10:58:48.754048
case_97,Deliver Goods Services,Esmeralda Clay,2025-09-15 19:16:48.754048,2025-09-16 11:41:48.754048,2025-09-17 02:06:48.754048
case_85,Release Supplier's Invoice,Pedro Alvares,2025-09-16 04:47:48.754048,2025-09-16 12:34:48.754048,2025-09-16 12:36:48.754048
case_85,Authorize Supplier's Invoice payment,Pedro Alvares,2025-09-16 12:36:48.754048,2025-09-16 12:47:48.754048,2025-09-16 12:47:48.754048
case_85,Pay invoice,Karalda Nimwada,2025-09-16 12:47:48.754048,2025-09-16 13:44:48.754048,2025-09-16 13:52:48.754048
case_46,Release Purchase Order,Kim Passa,2025-09-16 12:59:48.754048,2025-09-16 14:24:48.754048,2025-09-16 14:24:48.754048
case_94,Deliver Goods Services,Sean Manney,2025-09-15 06:29:48.754048,2025-09-16 15:20:48.754048,2025-09-17 00:02:48.754048
case_56,Deliver Goods Services,Karen Clarens,2025-09-15 19:00:48.754048,2025-09-16 15:44:48.754048,2025-09-18 08:22:48.754048
case_82,Send invoice,Carmen Finacse,2025-09-16 10:00:48.754048,2025-09-16 17:20:48.754048,2025-09-16 17:20:48.754048
case_82,Release Supplier's Invoice,Karalda Nimwada,2025-09-16 17:20:48.754048,2025-09-16 19:29:48.754048,2025-09-16 19:35:48.754048
case_82,Settle dispute with supplier Financial Manager,Pedro Alvares,2025-09-16 19:35:48.754048,2025-09-16 20:23:48.754048,2025-09-16 20:38:48.754048
case_93,Confirm Purchase Order,Kiu Kan,2025-09-16 10:58:48.754048,2025-09-17 01:20:48.754048,2025-09-17 04:06:48.754048
case_82,Authorize Supplier's Invoice payment,Pedro Alvares,2025-09-16 20:38:48.754048,2025-09-17 02:01:48.754048,2025-09-17 02:01:48.754048
case_82,Pay invoice,Karalda Nimwada,2025-09-17 02:01:48.754048,2025-09-17 02:35:48.754048,2025-09-17 02:42:48.754048
case_99,Create Quotation comparison Map,Karel de Groot,2025-09-16 04:10:48.754048,2025-09-17 03:37:48.754048,2025-09-17 06:42:48.754048
case_97,Release Purchase Order,Alberto Duport,2025-09-17 02:06:48.754048,2025-09-17 05:55:48.754048,2025-09-17 05:55:48.754048
case_94,Release Purchase Order,Alberto Duport,2025-09-17 00:02:48.754048,2025-09-17 06:41:48.754048,2025-09-17 06:41:48.754048
case_99,Analyze Quotation comparison Map,Fjodor Kowalski,2025-09-17 06:42:48.754048,2025-09-17 07:46:48.754048,2025-09-17 09:16:48.754048
case_95,Deliver Goods Services,Kiu Kan,2025-09-15 15:06:48.754048,2025-09-17 09:34:48.754048,2025-09-17 12:28:48.754048
case_97,Approve Purchase Order for payment,Magdalena Predutta,2025-09-17 05:55:48.754048,2025-09-17 11:18:48.754048,2025-09-17 11:18:48.754048
case_99,Choose best option,Miu Hanwan,2025-09-17 09:16:48.754048,2025-09-17 12:49:48.754048,2025-09-17 12:49:48.754048
case_46,Settle dispute with supplier Purchasing Agent,Francois de Perrier,2025-09-16 14:24:48.754048,2025-09-17 14:08:48.754048,2025-09-17 23:38:48.754048
case_95,Release Purchase Order,Esmana Liubiata,2025-09-17 12:28:48.754048,2025-09-17 14:14:48.754048,2025-09-17 14:14:48.754048
case_98,Release Purchase Order,Christian Francois,2025-09-17 14:26:48.754048,2025-09-17 14:30:48.754048,2025-09-17 14:30:48.754048
case_98,Approve Purchase Order for payment,Karel de Groot,2025-09-17 14:30:48.754048,2025-09-17 15:31:48.754048,2025-09-17 15:31:48.754048
case_99,Settle conditions with supplier,Magdalena Predutta,2025-09-17 12:49:48.754048,2025-09-17 18:46:48.754048,2025-09-18 04:30:48.754048
case_95,Approve Purchase Order for payment,Francois de Perrier,2025-09-17 14:14:48.754048,2025-09-17 20:00:48.754048,2025-09-17 20:00:48.754048
case_89,Deliver Goods Services,Karen Clarens,2025-09-14 11:54:48.754048,2025-09-18 05:35:48.754048,2025-09-19 15:39:48.754048
case_98,Send invoice,Karen Clarens,2025-09-17 15:31:48.754048,2025-09-18 05:44:48.754048,2025-09-18 05:44:48.754048
case_46,Release Purchase Order,Fjodor Kowalski,2025-09-17 23:38:48.754048,2025-09-18 06:13:48.754048,2025-09-18 06:13:48.754048
case_46,Approve Purchase Order for payment,Karel de Groot,2025-09-18 06:13:48.754048,2025-09-18 07:24:48.754048,2025-09-18 07:24:48.754048
case_97,Send invoice,Carmen Finacse,2025-09-17 11:18:48.754048,2025-09-18 07:56:48.754048,2025-09-18 07:56:48.754048
case_97,Release Supplier's Invoice,Pedro Alvares,2025-09-18 07:56:48.754048,2025-09-18 09:05:48.754048,2025-09-18 09:09:48.754048
case_98,Release Supplier's Invoice,Pedro Alvares,2025-09-18 05:44:48.754048,2025-09-18 09:09:48.754048,2025-09-18 09:13:48.754048
case_97,Authorize Supplier's Invoice payment,Karalda Nimwada,2025-09-18 09:09:48.754048,2025-09-18 09:18:48.754048,2025-09-18 09:18:48.754048
case_98,Settle dispute with supplier Financial Manager,Karalda Nimwada,2025-09-18 09:13:48.754048,2025-09-18 09:18:48.754048,2025-09-18 09:41:48.754048
case_56,Release Purchase Order,Alberto Duport,2025-09-18 08:22:48.754048,2025-09-18 09:23:48.754048,2025-09-18 09:23:48.754048
case_97,Pay invoice,Pedro Alvares,2025-09-18 09:18:48.754048,2025-09-18 11:17:48.754048,2025-09-18 11:29:48.754048
case_56,Approve Purchase Order for payment,Magdalena Predutta,2025-09-18 09:23:48.754048,2025-09-18 11:18:48.754048,2025-09-18 11:18:48.754048
case_81,Confirm Purchase Order,Sean Manney,2025-09-10 21:34:48.754048,2025-09-18 12:30:48.754048,2025-09-18 12:38:48.754048
case_88,Approve Purchase Order for payment,Magdalena Predutta,2025-09-14 12:45:48.754048,2025-09-18 15:28:48.754048,2025-09-18 15:28:48.754048
case_98,Authorize Supplier's Invoice payment,Karalda Nimwada,2025-09-18 09:41:48.754048,2025-09-18 18:04:48.754048,2025-09-18 18:04:48.754048
case_98,Pay invoice,Pedro Alvares,2025-09-18 18:04:48.754048,2025-09-18 19:24:48.754048,2025-09-18 19:29:48.754048
case_100,Analyze Request for Quotation,Francois de Perrier,2025-09-15 22:35:48.754048,2025-09-18 20:36:48.754048,2025-09-18 20:44:48.754048
case_81,Deliver Goods Services,Karen Clarens,2025-09-18 12:38:48.754048,2025-09-18 22:00:48.754048,2025-09-20 04:05:48.754048
case_100,Amend Request for Quotation Requester,Penn Osterwalder,2025-09-18 20:44:48.754048,2025-09-18 23:51:48.754048,2025-09-19 00:02:48.754048
case_93,Deliver Goods Services,Esmeralda Clay,2025-09-17 04:06:48.754048,2025-09-19 11:38:48.754048,2025-09-21 02:34:48.754048
case_94,Settle dispute with supplier Purchasing Agent,Francois de Perrier,2025-09-17 06:41:48.754048,2025-09-19 13:55:48.754048,2025-09-20 00:16:48.754048
case_100,Analyze Request for Quotation,Karel de Groot,2025-09-19 00:02:48.754048,2025-09-19 13:56:48.754048,2025-09-19 14:03:48.754048
case_89,Release Purchase Order,Anne Olwada,2025-09-19 15:39:48.754048,2025-09-19 16:01:48.754048,2025-09-19 16:01:48.754048
case_89,Approve Purchase Order for payment,Magdalena Predutta,2025-09-19 16:01:48.754048,2025-09-19 16:40:48.754048,2025-09-19 16:40:48.754048
case_94,Release Purchase Order,Miu Hanwan,2025-09-20 00:16:48.754048,2025-09-20 01:41:48.754048,2025-09-20 01:41:48.754048
case_81,Release Purchase Order,Immanuel Karagianni,2025-09-20 04:05:48.754048,2025-09-20 04:38:48.754048,2025-09-20 04:38:48.754048
case_94,Approve Purchase Order for payment,Magdalena Predutta,2025-09-20 01:41:48.754048,2025-09-20 04:54:48.754048,2025-09-20 04:54:48.754048
case_79,Deliver Goods Services,Carmen Finacse,2025-09-14 02:14:48.754048,2025-09-20 06:21:48.754048,2025-09-21 13:41:48.754048
case_46,Send invoice,Carmen Finacse,2025-09-18 07:24:48.754048,2025-09-20 07:18:48.754048,2025-09-20 07:18:48.754048
case_46,Release Supplier's Invoice,Pedro Alvares,2025-09-20 07:18:48.754048,2025-09-20 07:31:48.754048,2025-09-20 07:35:48.754048
case_81,Approve Purchase Order for payment,Francois de Perrier,2025-09-20 04:38:48.754048,2025-09-20 12:05:48.754048,2025-09-20 12:05:48.754048
case_94,Send invoice,Sean Manney,2025-09-20 04:54:48.754048,2025-09-20 14:10:48.754048,2025-09-20 14:10:48.754048
case_94,Release Supplier's Invoice,Karalda Nimwada,2025-09-20 14:10:48.754048,2025-09-20 15:06:48.754048,2025-09-20 15:06:48.754048
case_95,Send invoice,Kiu Kan,2025-09-17 20:00:48.754048,2025-09-20 16:44:48.754048,2025-09-20 16:44:48.754048
case_46,Authorize Supplier's Invoice payment,Pedro Alvares,2025-09-20 07:35:48.754048,2025-09-20 18:31:48.754048,2025-09-20 18:31:48.754048
case_46,Pay invoice,Pedro Alvares,2025-09-20 18:31:48.754048,2025-09-20 18:44:48.754048,2025-09-20 18:48:48.754048
case_56,Send invoice,Kiu Kan,2025-09-18 11:18:48.754048,2025-09-20 19:06:48.754048,2025-09-20 19:06:48.754048
case_94,Settle dispute with supplier Financial Manager,Pedro Alvares,2025-09-20 15:06:48.754048,2025-09-20 19:52:48.754048,2025-09-20 21:21:48.754048
case_56,Release Supplier's Invoice,Karalda Nimwada,2025-09-20 19:06:48.754048,2025-09-20 19:58:48.754048,2025-09-20 20:02:48.754048
case_99,Create Purchase Order,Francois de Perrier,2025-09-18 04:30:48.754048,2025-09-20 21:28:48.754048,2025-09-20 21:39:48.754048
case_56,Authorize Supplier's Invoice payment,Pedro Alvares,2025-09-20 20:02:48.754048,2025-09-20 21:30:48.754048,2025-09-20 21:30:48.754048
case_56,Pay invoice,Pedro Alvares,2025-09-20 21:30:48.754048,2025-09-20 22:45:48.754048,2025-09-20 22:51:48.754048
case_95,Release Supplier's Invoice,Pedro Alvares,2025-09-20 16:44:48.754048,2025-09-20 23:01:48.754048,2025-09-20 23:06:48.754048
case_89,Send invoice,Kiu Kan,2025-09-19 16:40:48.754048,2025-09-21 00:39:48.754048,2025-09-21 00:39:48.754048
case_81,Send invoice,Kiu Kan,2025-09-20 12:05:48.754048,2025-09-21 01:50:48.754048,2025-09-21 01:50:48.754048
case_81,Release Supplier's Invoice,Karalda Nimwada,2025-09-21 01:50:48.754048,2025-09-21 01:51:48.754048,2025-09-21 01:53:48.754048
case_89,Release Supplier's Invoice,Karalda Nimwada,2025-09-21 00:39:48.754048,2025-09-21 02:03:48.754048,2025-09-21 02:08:48.754048
case_94,Authorize Supplier's Invoice payment,Pedro Alvares,2025-09-20 21:21:48.754048,2025-09-21 02:13:48.754048,2025-09-21 02:13:48.754048
case_89,Settle dispute with supplier Financial Manager,Pedro Alvares,2025-09-21 02:08:48.754048,2025-09-21 02:13:48.754048,2025-09-21 02:35:48.754048
case_81,Authorize Supplier's Invoice payment,Karalda Nimwada,2025-09-21 01:53:48.754048,2025-09-21 02:40:48.754048,2025-09-21 02:40:48.754048
case_90,Deliver Goods Services,Karen Clarens,2025-09-15 19:55:48.754048,2025-09-21 02:50:48.754048,2025-09-23 12:31:48.754048
case_81,Pay invoice,Pedro Alvares,2025-09-21 02:40:48.754048,2025-09-21 04:49:48.754048,2025-09-21 04:57:48.754048
case_89,Authorize Supplier's Invoice payment,Karalda Nimwada,2025-09-21 02:35:48.754048,2025-09-21 07:09:48.754048,2025-09-21 07:09:48.754048
case_89,Pay invoice,Karalda Nimwada,2025-09-21 07:09:48.754048,2025-09-21 08:24:48.754048,2025-09-21 08:33:48.754048
case_94,Pay invoice,Karalda Nimwada,2025-09-21 02:13:48.754048,2025-09-21 10:13:48.754048,2025-09-21 10:25:48.754048
case_95,Authorize Supplier's Invoice payment,Karalda Nimwada,2025-09-20 23:06:48.754048,2025-09-21 10:57:48.754048,2025-09-21 10:57:48.754048
case_93,Release Purchase Order,Penn Osterwalder,2025-09-21 02:34:48.754048,2025-09-21 11:41:48.754048,2025-09-21 11:41:48.754048
case_95,Pay invoice,Karalda Nimwada,2025-09-21 10:57:48.754048,2025-09-21 11:46:48.754048,2025-09-21 11:50:48.754048
case_88,Send invoice,Kiu Kan,2025-09-18 15:28:48.754048,2025-09-21 13:12:48.754048,2025-09-21 13:12:48.754048
case_88,Release Supplier's Invoice,Karalda Nimwada,2025-09-21 13:12:48.754048,2025-09-21 13:44:48.754048,2025-09-21 13:50:48.754048
case_79,Release Purchase Order,Penn Osterwalder,2025-09-21 13:41:48.754048,2025-09-21 14:16:48.754048,2025-09-21 14:16:48.754048
case_88,Settle dispute with supplier Financial Manager,Pedro Alvares,2025-09-21 13:50:48.754048,2025-09-21 14:17:48.754048,2025-09-21 14:38:48.754048
case_93,Approve Purchase Order for payment,Magdalena Predutta,2025-09-21 11:41:48.754048,2025-09-21 17:22:48.754048,2025-09-21 17:22:48.754048
case_96,Send Request for Quotation to Supplier,Francois de Perrier,2025-09-13 17:58:48.754048,2025-09-21 17:57:48.754048,2025-09-21 18:06:48.754048
case_88,Authorize Supplier's Invoice payment,Karalda Nimwada,2025-09-21 14:38:48.754048,2025-09-21 17:59:48.754048,2025-09-21 17:59:48.754048
case_88,Pay invoice,Pedro Alvares,2025-09-21 17:59:48.754048,2025-09-21 19:42:48.754048,2025-09-21 19:53:48.754048
case_96,Create Quotation comparison Map,Karel de Groot,2025-09-21 18:06:48.754048,2025-09-21 21:07:48.754048,2025-09-22 00:05:48.754048
case_68,Send invoice,Karen Clarens,2025-09-12 08:36:48.754048,2025-09-22 01:22:48.754048,2025-09-22 01:22:48.754048
case_79,Approve Purchase Order for payment,Magdalena Predutta,2025-09-21 14:16:48.754048,2025-09-22 01:58:48.754048,2025-09-22 01:58:48.754048
case_96,Analyze Quotation comparison Map,Penn Osterwalder,2025-09-22 00:05:48.754048,2025-09-22 04:07:48.754048,2025-09-22 04:40:48.754048
case_96,Choose best option,Christian Francois,2025-09-22 04:40:48.754048,2025-09-22 05:27:48.754048,2025-09-22 05:27:48.754048
case_68,Release Supplier's Invoice,Karalda Nimwada,2025-09-22 01:22:48.754048,2025-09-22 06:43:48.754048,2025-09-22 06:46:48.754048
case_68,Authorize Supplier's Invoice payment,Pedro Alvares,2025-09-22 06:46:48.754048,2025-09-22 08:18:48.754048,2025-09-22 08:18:48.754048
case_96,Settle conditions with supplier,Francois de Perrier,2025-09-22 05:27:48.754048,2025-09-22 08:44:48.754048,2025-09-22 22:45:48.754048
case_68,Pay invoice,Pedro Alvares,2025-09-22 08:18:48.754048,2025-09-22 09:53:48.754048,2025-09-22 10:01:48.754048
case_93,Send invoice,Karen Clarens,2025-09-21 17:22:48.754048,2025-09-22 21:04:48.754048,2025-09-22 21:04:48.754048
case_93,Release Supplier's Invoice,Pedro Alvares,2025-09-22 21:04:48.754048,2025-09-22 22:40:48.754048,2025-09-22 22:45:48.754048
case_93,Authorize Supplier's Invoice payment,Karalda Nimwada,2025-09-22 22:45:48.754048,2025-09-22 22:48:48.754048,2025-09-22 22:48:48.754048
case_93,Pay invoice,Pedro Alvares,2025-09-22 22:48:48.754048,2025-09-22 23:20:48.754048,2025-09-22 23:33:48.754048
case_99,Confirm Purchase Order,Karen Clarens,2025-09-20 21:39:48.754048,2025-09-23 00:27:48.754048,2025-09-23 00:43:48.754048
case_99,Deliver Goods Services,Esmeralda Clay,2025-09-23 00:43:48.754048,2025-09-23 08:05:48.754048,2025-09-24 02:45:48.754048
case_96,Create Purchase Order,Francois de Perrier,2025-09-22 22:45:48.754048,2025-09-23 15:10:48.754048,2025-09-23 15:18:48.754048
case_79,Send invoice,Kiu Kan,2025-09-22 01:58:48.754048,2025-09-23 16:30:48.754048,2025-09-23 16:30:48.754048
case_79,Release Supplier's Invoice,Pedro Alvares,2025-09-23 16:30:48.754048,2025-09-23 17:32:48.754048,2025-09-23 17:35:48.754048
case_79,Authorize Supplier's Invoice payment,Pedro Alvares,2025-09-23 17:35:48.754048,2025-09-23 19:59:48.754048,2025-09-23 19:59:48.754048
case_90,Release Purchase Order,Tesca Lobes,2025-09-23 12:31:48.754048,2025-09-23 21:26:48.754048,2025-09-23 21:26:48.754048
case_79,Pay invoice,Karalda Nimwada,2025-09-23 19:59:48.754048,2025-09-23 23:09:48.754048,2025-09-23 23:10:48.754048
case_99,Release Purchase Order,Penn Osterwalder,2025-09-24 02:45:48.754048,2025-09-24 02:54:48.754048,2025-09-24 02:54:48.754048
case_99,Approve Purchase Order for payment,Francois de Perrier,2025-09-24 02:54:48.754048,2025-09-24 06:59:48.754048,2025-09-24 06:59:48.754048
case_99,Send invoice,Karen Clarens,2025-09-24 06:59:48.754048,2025-09-24 13:50:48.754048,2025-09-24 13:50:48.754048
case_99,Release Supplier's Invoice,Karalda Nimwada,2025-09-24 13:50:48.754048,2025-09-25 02:47:48.754048,2025-09-25 02:52:48.754048
case_99,Settle dispute with supplier Financial Manager,Pedro Alvares,2025-09-25 02:52:48.754048,2025-09-25 06:37:48.754048,2025-09-25 06:46:48.754048
case_90,Approve Purchase Order for payment,Karel de Groot,2025-09-23 21:26:48.754048,2025-09-25 09:04:48.754048,2025-09-25 09:04:48.754048
case_99,Authorize Supplier's Invoice payment,Pedro Alvares,2025-09-25 06:46:48.754048,2025-09-25 10:18:48.754048,2025-09-25 10:18:48.754048
case_99,Pay invoice,Pedro Alvares,2025-09-25 10:18:48.754048,2025-09-25 10:38:48.754048,2025-09-25 10:47:48.754048
case_96,Confirm Purchase Order,Carmen Finacse,2025-09-23 15:18:48.754048,2025-09-25 17:54:48.754048,2025-09-25 20:12:48.754048
case_96,Deliver Goods Services,Carmen Finacse,2025-09-25 20:12:48.754048,2025-09-26 02:18:48.754048,2025-09-28 03:30:48.754048
case_90,Send invoice,Kiu Kan,2025-09-25 09:04:48.754048,2025-09-27 01:55:48.754048,2025-09-27 01:55:48.754048
case_90,Release Supplier's Invoice,Pedro Alvares,2025-09-27 01:55:48.754048,2025-09-27 06:41:48.754048,2025-09-27 06:42:48.754048
case_90,Authorize Supplier's Invoice payment,Pedro Alvares,2025-09-27 06:42:48.754048,2025-09-27 08:53:48.754048,2025-09-27 08:53:48.754048
case_90,Pay invoice,Karalda Nimwada,2025-09-27 08:53:48.754048,2025-09-27 13:38:48.754048,2025-09-27 13:45:48.754048
case_100,Send Request for Quotation to Supplier,Francois de Perrier,2025-09-19 14:03:48.754048,2025-09-28 02:59:48.754048,2025-09-28 03:13:48.754048
case_96,Release Purchase Order,Christian Francois,2025-09-28 03:30:48.754048,2025-09-28 04:22:48.754048,2025-09-28 04:22:48.754048
case_100,Create Quotation comparison Map,Magdalena Predutta,2025-09-28 03:13:48.754048,2025-09-28 13:06:48.754048,2025-09-28 13:41:48.754048
case_100,Analyze Quotation comparison Map,Immanuel Karagianni,2025-09-28 13:41:48.754048,2025-09-28 17:21:48.754048,2025-09-28 17:45:48.754048
case_100,Choose best option,Esmana Liubiata,2025-09-28 17:45:48.754048,2025-09-28 18:32:48.754048,2025-09-28 18:32:48.754048
case_100,Settle conditions with supplier,Karel de Groot,2025-09-28 18:32:48.754048,2025-09-29 18:27:48.754048,2025-09-30 02:08:48.754048
case_96,Approve Purchase Order for payment,Francois de Perrier,2025-09-28 04:22:48.754048,2025-09-29 19:45:48.754048,2025-09-29 19:45:48.754048
case_100,Create Purchase Order,Francois de Perrier,2025-09-30 02:08:48.754048,2025-09-30 02:16:48.754048,2025-09-30 02:27:48.754048
case_100,Confirm Purchase Order,Sean Manney,2025-09-30 02:27:48.754048,2025-09-30 11:48:48.754048,2025-09-30 12:18:48.754048
case_96,Send invoice,Karen Clarens,2025-09-29 19:45:48.754048,2025-09-30 15:58:48.754048,2025-09-30 15:58:48.754048
case_96,Release Supplier's Invoice,Pedro Alvares,2025-09-30 15:58:48.754048,2025-09-30 15:58:48.754048,2025-09-30 16:04:48.754048
case_96,Settle dispute with supplier Financial Manager,Karalda Nimwada,2025-09-30 16:04:48.754048,2025-09-30 16:30:48.754048,2025-09-30 16:53:48.754048
case_96,Authorize Supplier's Invoice payment,Pedro Alvares,2025-09-30 16:53:48.754048,2025-09-30 19:14:48.754048,2025-09-30 19:14:48.754048
case_100,Deliver Goods Services,Sean Manney,2025-09-30 12:18:48.754048,2025-09-30 19:34:48.754048,2025-10-02 01:11:48.754048
case_96,Pay invoice,Karalda Nimwada,2025-09-30 19:14:48.754048,2025-10-01 00:27:48.754048,2025-10-01 00:38:48.754048
case_100,Release Purchase Order,Immanuel Karagianni,2025-10-02 01:11:48.754048,2025-10-02 01:19:48.754048,2025-10-02 01:19:48.754048
case_100,Approve Purchase Order for payment,Francois de Perrier,2025-10-02 01:19:48.754048,2025-10-05 10:06:48.754048,2025-10-05 10:06:48.754048
case_100,Send invoice,Carmen Finacse,2025-10-05 10:06:48.754048,2025-10-05 23:50:48.754048,2025-10-05 23:50:48.754048
case_100,Release Supplier's Invoice,Karalda Nimwada,2025-10-05 23:50:48.754048,2025-10-06 01:38:48.754048,2025-10-06 01:41:48.754048
case_100,Authorize Supplier's Invoice payment,Karalda Nimwada,2025-10-06 01:41:48.754048,2025-10-06 10:56:48.754048,2025-10-06 10:56:48.754048
case_100,Pay invoice,Karalda Nimwada,2025-10-06 10:56:48.754048,2025-10-06 11:05:48.754048,2025-10-06 11:06:48.754048
