case:concept:name,concept:name,org:resource,enabled:timestamp,start:timestamp,time:timestamp
case_1,Create Purchase Requisition,Tesca Lobes,2025-08-02 02:47:32.344765,2025-08-02 02:47:32.344765,2025-08-02 04:12:32.344765
case_1,Create Request for Quotation Requester Manager,Maris Freeman,2025-08-02 04:12:32.344765,2025-08-02 06:54:32.344765,2025-08-02 06:55:32.344765
case_2,Create Purchase Requisition,Esmana Liubiata,2025-08-02 07:50:32.344765,2025-08-02 07:50:32.344765,2025-08-02 08:41:32.344765
case_1,Analyze Request for Quotation,Francois de Perrier,2025-08-02 06:55:32.344765,2025-08-02 14:00:32.344765,2025-08-02 15:30:32.344765
case_1,Amend Request for Quotation Requester,Fjodor Kowalski,2025-08-02 15:30:32.344765,2025-08-02 17:30:32.344765,2025-08-02 17:44:32.344765
case_3,Create Purchase Requisition,Christian Francois,2025-08-03 01:14:32.344765,2025-08-03 01:14:32.344765,2025-08-03 01:52:32.344765
case_4,Create Purchase Requisition,Elvira Lores,2025-08-03 04:16:32.344765,2025-08-03 04:16:32.344765,2025-08-03 05:11:32.344765
case_2,Create Request for Quotation Requester Manager,Francis Odell,2025-08-02 08:41:32.344765,2025-08-03 05:47:32.344765,2025-08-03 05:47:32.344765
case_2,Analyze Request for Quotation,Karel de Groot,2025-08-03 05:47:32.344765,2025-08-03 07:56:32.344765,2025-08-03 08:11:32.344765
case_5,Create Purchase Requisition,Esmana Liubiata,2025-08-03 15:14:32.344765,2025-08-03 15:14:32.344765,2025-08-03 15:25:32.344765
case_3,Analyze Purchase Requisition,Heinz Gutschmidt,2025-08-03 01:52:32.344765,2025-08-03 17:00:32.344765,2025-08-03 17:04:32.344765
case_3,Create Request for Quotation Requester,Kim Passa,2025-08-03 17:04:32.344765,2025-08-03 19:10:32.344765,2025-08-03 19:22:32.344765
case_5,Analyze Purchase Requisition,Heinz Gutschmidt,2025-08-03 15:25:32.344765,2025-08-03 19:46:32.344765,2025-08-03 19:54:32.344765
case_5,Create Request for Quotation Requester,Anna Kaufmann,2025-08-03 19:54:32.344765,2025-08-03 19:54:32.344765,2025-08-03 20:09:32.344765
case_4,Analyze Purchase Requisition,Heinz Gutschmidt,2025-08-03 05:11:32.344765,2025-08-03 21:12:32.344765,2025-08-03 21:18:32.344765
case_4,Create Request for Quotation Requester,Immanuel Karagianni,2025-08-03 21:18:32.344765,2025-08-03 22:11:32.344765,2025-08-03 22:15:32.344765
case_6,Create Purchase Requisition,Christian Francois,2025-08-03 23:19:32.344765,2025-08-03 23:19:32.344765,2025-08-03 23:30:32.344765
case_7,Create Purchase Requisition,Clement Duchot,2025-08-03 23:42:32.344765,2025-08-03 23:42:32.344765,2025-08-04 00:11:32.344765
case_1,Analyze Request for Quotation,Magdalena Predutta,2025-08-02 17:44:32.344765,2025-08-04 01:12:32.344765,2025-08-04 01:34:32.344765
case_4,Analyze Request for Quotation,Magdalena Predutta,2025-08-03 22:15:32.344765,2025-08-04 05:43:32.344765,2025-08-04 05:57:32.344765
case_8,Create Purchase Requisition,Clement Duchot,2025-08-04 07:03:32.344765,2025-08-04 07:03:32.344765,2025-08-04 08:25:32.344765
case_3,Analyze Request for Quotation,Francois de Perrier,2025-08-03 19:22:32.344765,2025-08-04 07:12:32.344765,2025-08-04 07:40:32.344765
case_5,Analyze Request for Quotation,Francois de Perrier,2025-08-03 20:09:32.344765,2025-08-04 09:29:32.344765,2025-08-04 10:02:32.344765
case_3,Amend Request for Quotation Requester,Anne Olwada,2025-08-04 07:40:32.344765,2025-08-04 09:47:32.344765,2025-08-04 09:58:32.344765
case_4,Amend Request for Quotation Requester,Penn Osterwalder,2025-08-04 05:57:32.344765,2025-08-04 11:03:32.344765,2025-08-04 11:13:32.344765
case_3,Analyze Request for Quotation,Francois de Perrier,2025-08-04 09:58:32.344765,2025-08-04 13:33:32.344765,2025-08-04 14:08:32.344765
case_7,Create Request for Quotation Requester Manager,Francis Odell,2025-08-04 00:11:32.344765,2025-08-04 14:43:32.344765,2025-08-04 14:45:32.344765
case_4,Analyze Request for Quotation,Francois de Perrier,2025-08-04 11:13:32.344765,2025-08-04 16:29:32.344765,2025-08-04 16:54:32.344765
case_4,Send Request for Quotation to Supplier,Karel de Groot,2025-08-04 16:54:32.344765,2025-08-04 18:14:32.344765,2025-08-04 18:40:32.344765
case_9,Create Purchase Requisition,Fjodor Kowalski,2025-08-04 20:09:32.344765,2025-08-04 20:09:32.344765,2025-08-04 20:29:32.344765
case_8,Create Request for Quotation Requester Manager,Francis Odell,2025-08-04 08:25:32.344765,2025-08-04 21:33:32.344765,2025-08-04 21:36:32.344765
case_7,Analyze Request for Quotation,Karel de Groot,2025-08-04 14:45:32.344765,2025-08-04 21:56:32.344765,2025-08-04 22:16:32.344765
case_7,Amend Request for Quotation Requester,Anne Olwada,2025-08-04 22:16:32.344765,2025-08-04 22:40:32.344765,2025-08-04 22:48:32.344765
case_6,Analyze Purchase Requisition,Francis Odell,2025-08-03 23:30:32.344765,2025-08-04 23:15:32.344765,2025-08-04 23:19:32.344765
case_1,Send Request for Quotation to Supplier,Francois de Perrier,2025-08-04 01:34:32.344765,2025-08-05 00:00:32.344765,2025-08-05 00:34:32.344765
case_9,Analyze Purchase Requisition,Heinz Gutschmidt,2025-08-04 20:29:32.344765,2025-08-05 01:37:32.344765,2025-08-05 01:42:32.344765
case_2,Send Request for Quotation to Supplier,Magdalena Predutta,2025-08-03 08:11:32.344765,2025-08-05 03:46:32.344765,2025-08-05 04:10:32.344765
case_9,Create Request for Quotation Requester,Miu Hanwan,2025-08-05 01:42:32.344765,2025-08-05 07:00:32.344765,2025-08-05 07:12:32.344765
case_2,Create Quotation comparison Map,Magdalena Predutta,2025-08-05 04:10:32.344765,2025-08-05 07:35:32.344765,2025-08-05 11:28:32.344765
case_9,Analyze Request for Quotation,Magdalena Predutta,2025-08-05 07:12:32.344765,2025-08-05 11:37:32.344765,2025-08-05 12:02:32.344765
case_6,Create Request for Quotation Requester Manager,Maris Freeman,2025-08-04 23:19:32.344765,2025-08-05 12:54:32.344765,2025-08-05 12:57:32.344765
case_2,Analyze Quotation comparison Map,Alberto Duport,2025-08-05 11:28:32.344765,2025-08-05 13:03:32.344765,2025-08-05 13:21:32.344765
case_4,Create Quotation comparison Map,Francois de Perrier,2025-08-04 18:40:32.344765,2025-08-05 16:09:32.344765,2025-08-05 17:39:32.344765
case_5,Send Request for Quotation to Supplier,Karel de Groot,2025-08-04 10:02:32.344765,2025-08-05 16:20:32.344765,2025-08-05 16:46:32.344765
case_7,Analyze Request for Quotation,Magdalena Predutta,2025-08-04 22:48:32.344765,2025-08-05 16:22:32.344765,2025-08-05 16:44:32.344765
case_7,Amend Request for Quotation Requester,Christian Francois,2025-08-05 16:44:32.344765,2025-08-05 17:25:32.344765,2025-08-05 17:30:32.344765
case_4,Analyze Quotation comparison Map,Christian Francois,2025-08-05 17:39:32.344765,2025-08-05 19:16:32.344765,2025-08-05 19:43:32.344765
case_2,Choose best option,Penn Osterwalder,2025-08-05 13:21:32.344765,2025-08-05 19:26:32.344765,2025-08-05 19:26:32.344765
case_10,Create Purchase Requisition,Nico Ojenbeer,2025-08-05 20:05:32.344765,2025-08-05 20:05:32.344765,2025-08-05 20:36:32.344765
case_4,Choose best option,Penn Osterwalder,2025-08-05 19:43:32.344765,2025-08-05 20:24:32.344765,2025-08-05 20:24:32.344765
case_11,Create Purchase Requisition,Fjodor Kowalski,2025-08-05 22:56:32.344765,2025-08-05 22:56:32.344765,2025-08-06 00:48:32.344765
case_8,Analyze Request for Quotation,Magdalena Predutta,2025-08-04 21:36:32.344765,2025-08-05 23:17:32.344765,2025-08-05 23:47:32.344765
case_6,Analyze Request for Quotation,Karel de Groot,2025-08-05 12:57:32.344765,2025-08-06 00:37:32.344765,2025-08-06 00:59:32.344765
case_7,Analyze Request for Quotation,Magdalena Predutta,2025-08-05 17:30:32.344765,2025-08-06 01:18:32.344765,2025-08-06 01:24:32.344765
case_8,Send Request for Quotation to Supplier,Magdalena Predutta,2025-08-05 23:47:32.344765,2025-08-06 03:02:32.344765,2025-08-06 03:24:32.344765
case_7,Amend Request for Quotation Requester,Anne Olwada,2025-08-06 01:24:32.344765,2025-08-06 06:21:32.344765,2025-08-06 06:35:32.344765
case_9,Send Request for Quotation to Supplier,Magdalena Predutta,2025-08-05 12:02:32.344765,2025-08-06 08:27:32.344765,2025-08-06 08:49:32.344765
case_11,Analyze Purchase Requisition,Heinz Gutschmidt,2025-08-06 00:48:32.344765,2025-08-06 09:00:32.344765,2025-08-06 09:06:32.344765
case_11,Create Request for Quotation Requester,Kim Passa,2025-08-06 09:06:32.344765,2025-08-06 10:42:32.344765,2025-08-06 10:50:32.344765
case_2,Settle conditions with supplier,Francois de Perrier,2025-08-05 19:26:32.344765,2025-08-06 11:38:32.344765,2025-08-06 14:38:32.344765
case_10,Analyze Purchase Requisition,Francis Odell,2025-08-05 20:36:32.344765,2025-08-06 16:42:32.344765,2025-08-06 16:48:32.344765
case_7,Analyze Request for Quotation,Karel de Groot,2025-08-06 06:35:32.344765,2025-08-06 16:58:32.344765,2025-08-06 17:05:32.344765
case_12,Create Purchase Requisition,Kim Passa,2025-08-06 17:19:32.344765,2025-08-06 17:19:32.344765,2025-08-06 19:41:32.344765
case_10,Create Request for Quotation Requester,Esmana Liubiata,2025-08-06 16:48:32.344765,2025-08-06 18:10:32.344765,2025-08-06 18:21:32.344765
case_8,Create Quotation comparison Map,Francois de Perrier,2025-08-06 03:24:32.344765,2025-08-06 20:08:32.344765,2025-08-06 23:16:32.344765
case_7,Amend Request for Quotation Requester,Fjodor Kowalski,2025-08-06 17:05:32.344765,2025-08-06 21:05:32.344765,2025-08-06 21:10:32.344765
case_2,Create Purchase Order,Magdalena Predutta,2025-08-06 14:38:32.344765,2025-08-06 23:28:32.344765,2025-08-06 23:37:32.344765
case_8,Analyze Quotation comparison Map,Kim Passa,2025-08-06 23:16:32.344765,2025-08-07 00:34:32.344765,2025-08-07 01:00:32.344765
case_8,Choose best option,Miu Hanwan,2025-08-07 01:00:32.344765,2025-08-07 02:01:32.344765,2025-08-07 02:01:32.344765
case_4,Settle conditions with supplier,Magdalena Predutta,2025-08-05 20:24:32.344765,2025-08-07 03:21:32.344765,2025-08-07 05:18:32.344765
case_13,Create Purchase Requisition,Elvira Lores,2025-08-07 04:00:32.344765,2025-08-07 04:00:32.344765,2025-08-07 06:28:32.344765
case_6,Send Request for Quotation to Supplier,Karel de Groot,2025-08-06 00:59:32.344765,2025-08-07 09:21:32.344765,2025-08-07 09:48:32.344765
case_5,Create Quotation comparison Map,Francois de Perrier,2025-08-05 16:46:32.344765,2025-08-07 09:22:32.344765,2025-08-07 15:59:32.344765
case_1,Create Quotation comparison Map,Magdalena Predutta,2025-08-05 00:34:32.344765,2025-08-07 09:49:32.344765,2025-08-07 14:55:32.344765
case_12,Analyze Purchase Requisition,Francis Odell,2025-08-06 19:41:32.344765,2025-08-07 15:08:32.344765,2025-08-07 15:11:32.344765
case_1,Analyze Quotation comparison Map,Tesca Lobes,2025-08-07 14:55:32.344765,2025-08-07 16:21:32.344765,2025-08-07 16:45:32.344765
case_5,Analyze Quotation comparison Map,Alberto Duport,2025-08-07 15:59:32.344765,2025-08-07 16:34:32.344765,2025-08-07 17:01:32.344765
case_13,Analyze Purchase Requisition,Maris Freeman,2025-08-07 06:28:32.344765,2025-08-07 17:01:32.344765,2025-08-07 17:05:32.344765
case_8,Settle conditions with supplier,Magdalena Predutta,2025-08-07 02:01:32.344765,2025-08-07 17:01:32.344765,2025-08-08 04:00:32.344765
case_5,Choose best option,Tesca Lobes,2025-08-07 17:01:32.344765,2025-08-07 17:07:32.344765,2025-08-07 17:07:32.344765
case_13,Create Request for Quotation Requester,Fjodor Kowalski,2025-08-07 17:05:32.344765,2025-08-07 17:40:32.344765,2025-08-07 17:49:32.344765
case_12,Create Request for Quotation Requester,Kim Passa,2025-08-07 15:11:32.344765,2025-08-07 19:29:32.344765,2025-08-07 19:39:32.344765
case_12,Analyze Request for Quotation,Karel de Groot,2025-08-07 19:39:32.344765,2025-08-07 20:55:32.344765,2025-08-07 20:57:32.344765
case_2,Confirm Purchase Order,Carmen Finacse,2025-08-06 23:37:32.344765,2025-08-08 00:40:32.344765,2025-08-08 01:06:32.344765
case_14,Create Purchase Requisition,Clement Duchot,2025-08-08 01:07:32.344765,2025-08-08 01:07:32.344765,2025-08-08 01:38:32.344765
case_1,Choose best option,Esmana Liubiata,2025-08-07 16:45:32.344765,2025-08-08 01:10:32.344765,2025-08-08 01:10:32.344765
case_12,Amend Request for Quotation Requester,Christian Francois,2025-08-07 20:57:32.344765,2025-08-08 01:55:32.344765,2025-08-08 02:05:32.344765
case_1,Settle conditions with supplier,Magdalena Predutta,2025-08-08 01:10:32.344765,2025-08-08 02:28:32.344765,2025-08-08 09:10:32.344765
case_13,Analyze Request for Quotation,Magdalena Predutta,2025-08-07 17:49:32.344765,2025-08-08 03:23:32.344765,2025-08-08 03:55:32.344765
case_14,Create Request for Quotation Requester,Fjodor Kowalski,2025-08-08 01:38:32.344765,2025-08-08 05:54:32.344765,2025-08-08 05:57:32.344765
case_8,Create Purchase Order,Magdalena Predutta,2025-08-08 04:00:32.344765,2025-08-08 06:24:32.344765,2025-08-08 06:32:32.344765
case_13,Amend Request for Quotation Requester,Anne Olwada,2025-08-08 03:55:32.344765,2025-08-08 08:34:32.344765,2025-08-08 08:49:32.344765
case_13,Analyze Request for Quotation,Magdalena Predutta,2025-08-08 08:49:32.344765,2025-08-08 11:10:32.344765,2025-08-08 11:32:32.344765
case_1,Create Purchase Order,Magdalena Predutta,2025-08-08 09:10:32.344765,2025-08-08 11:34:32.344765,2025-08-08 11:43:32.344765
case_14,Analyze Request for Quotation,Francois de Perrier,2025-08-08 05:57:32.344765,2025-08-08 13:35:32.344765,2025-08-08 13:51:32.344765
case_13,Amend Request for Quotation Requester,Anne Olwada,2025-08-08 11:32:32.344765,2025-08-08 14:19:32.344765,2025-08-08 14:25:32.344765
case_15,Create Purchase Requisition,Immanuel Karagianni,2025-08-08 18:06:32.344765,2025-08-08 18:06:32.344765,2025-08-08 18:57:32.344765
case_14,Amend Request for Quotation Requester,Nico Ojenbeer,2025-08-08 13:51:32.344765,2025-08-08 18:38:32.344765,2025-08-08 18:48:32.344765
case_10,Analyze Request for Quotation,Karel de Groot,2025-08-06 18:21:32.344765,2025-08-08 19:36:32.344765,2025-08-08 19:57:32.344765
case_6,Create Quotation comparison Map,Karel de Groot,2025-08-07 09:48:32.344765,2025-08-08 19:58:32.344765,2025-08-08 23:19:32.344765
case_15,Create Request for Quotation Requester,Kim Passa,2025-08-08 18:57:32.344765,2025-08-08 20:45:32.344765,2025-08-08 20:55:32.344765
case_16,Create Purchase Requisition,Anna Kaufmann,2025-08-08 21:03:32.344765,2025-08-08 21:03:32.344765,2025-08-08 21:37:32.344765
case_13,Analyze Request for Quotation,Magdalena Predutta,2025-08-08 14:25:32.344765,2025-08-08 22:53:32.344765,2025-08-08 23:26:32.344765
case_11,Analyze Request for Quotation,Karel de Groot,2025-08-06 10:50:32.344765,2025-08-08 22:54:32.344765,2025-08-08 23:12:32.344765
case_17,Create Purchase Requisition,Tesca Lobes,2025-08-08 23:48:32.344765,2025-08-08 23:48:32.344765,2025-08-09 01:09:32.344765
case_14,Analyze Request for Quotation,Karel de Groot,2025-08-08 18:48:32.344765,2025-08-08 23:49:32.344765,2025-08-09 01:20:32.344765
case_12,Analyze Request for Quotation,Magdalena Predutta,2025-08-08 02:05:32.344765,2025-08-09 01:10:32.344765,2025-08-09 01:24:32.344765
case_6,Analyze Quotation comparison Map,Esmana Liubiata,2025-08-08 23:19:32.344765,2025-08-09 02:14:32.344765,2025-08-09 02:17:32.344765
case_6,Choose best option,Anna Kaufmann,2025-08-09 02:17:32.344765,2025-08-09 02:17:32.344765,2025-08-09 02:17:32.344765
case_12,Amend Request for Quotation Requester,Miu Hanwan,2025-08-09 01:24:32.344765,2025-08-09 02:19:32.344765,2025-08-09 02:32:32.344765
case_17,Create Request for Quotation Requester,Fjodor Kowalski,2025-08-09 01:09:32.344765,2025-08-09 02:35:32.344765,2025-08-09 02:40:32.344765
case_16,Analyze Purchase Requisition,Francis Odell,2025-08-08 21:37:32.344765,2025-08-09 02:52:32.344765,2025-08-09 02:58:32.344765
case_10,Send Request for Quotation to Supplier,Karel de Groot,2025-08-08 19:57:32.344765,2025-08-09 03:08:32.344765,2025-08-09 03:29:32.344765
case_16,Create Request for Quotation Requester,Miu Hanwan,2025-08-09 02:58:32.344765,2025-08-09 03:17:32.344765,2025-08-09 03:27:32.344765
case_11,Amend Request for Quotation Requester,Penn Osterwalder,2025-08-08 23:12:32.344765,2025-08-09 03:42:32.344765,2025-08-09 03:51:32.344765
case_10,Create Quotation comparison Map,Karel de Groot,2025-08-09 03:29:32.344765,2025-08-09 04:02:32.344765,2025-08-09 07:10:32.344765
case_15,Analyze Request for Quotation,Francois de Perrier,2025-08-08 20:55:32.344765,2025-08-09 04:24:32.344765,2025-08-09 04:40:32.344765
case_15,Amend Request for Quotation Requester,Anna Kaufmann,2025-08-09 04:40:32.344765,2025-08-09 04:40:32.344765,2025-08-09 04:51:32.344765
case_7,Analyze Request for Quotation,Karel de Groot,2025-08-06 21:10:32.344765,2025-08-09 04:56:32.344765,2025-08-09 04:58:32.344765
case_12,Analyze Request for Quotation,Karel de Groot,2025-08-09 02:32:32.344765,2025-08-09 05:04:32.344765,2025-08-09 05:11:32.344765
case_1,Confirm Purchase Order,Kiu Kan,2025-08-08 11:43:32.344765,2025-08-09 07:15:32.344765,2025-08-09 07:34:32.344765
case_4,Create Purchase Order,Francois de Perrier,2025-08-07 05:18:32.344765,2025-08-09 07:32:32.344765,2025-08-09 07:39:32.344765
case_12,Amend Request for Quotation Requester,Tesca Lobes,2025-08-09 05:11:32.344765,2025-08-09 07:58:32.344765,2025-08-09 09:09:32.344765
case_9,Create Quotation comparison Map,Francois de Perrier,2025-08-06 08:49:32.344765,2025-08-09 09:41:32.344765,2025-08-09 11:02:32.344765
case_10,Analyze Quotation comparison Map,Miu Hanwan,2025-08-09 07:10:32.344765,2025-08-09 09:56:32.344765,2025-08-09 10:22:32.344765
case_16,Analyze Request for Quotation,Magdalena Predutta,2025-08-09 03:27:32.344765,2025-08-09 10:47:32.344765,2025-08-09 11:12:32.344765
case_9,Analyze Quotation comparison Map,Tesca Lobes,2025-08-09 11:02:32.344765,2025-08-09 11:04:32.344765,2025-08-09 11:15:32.344765
case_9,Choose best option,Immanuel Karagianni,2025-08-09 11:15:32.344765,2025-08-09 11:23:32.344765,2025-08-09 11:23:32.344765
case_13,Send Request for Quotation to Supplier,Francois de Perrier,2025-08-08 23:26:32.344765,2025-08-09 11:46:32.344765,2025-08-09 12:07:32.344765
case_12,Analyze Request for Quotation,Magdalena Predutta,2025-08-09 09:09:32.344765,2025-08-09 15:09:32.344765,2025-08-09 15:39:32.344765
case_6,Settle conditions with supplier,Karel de Groot,2025-08-09 02:17:32.344765,2025-08-09 15:24:32.344765,2025-08-10 00:23:32.344765
case_13,Create Quotation comparison Map,Magdalena Predutta,2025-08-09 12:07:32.344765,2025-08-09 15:28:32.344765,2025-08-09 19:23:32.344765
case_7,Send Request for Quotation to Supplier,Karel de Groot,2025-08-09 04:58:32.344765,2025-08-09 15:33:32.344765,2025-08-09 16:02:32.344765
case_16,Send Request for Quotation to Supplier,Magdalena Predutta,2025-08-09 11:12:32.344765,2025-08-09 15:37:32.344765,2025-08-09 16:00:32.344765
case_12,Amend Request for Quotation Requester,Anna Kaufmann,2025-08-09 15:39:32.344765,2025-08-09 15:39:32.344765,2025-08-09 15:56:32.344765
case_9,Settle conditions with supplier,Karel de Groot,2025-08-09 11:23:32.344765,2025-08-09 16:30:32.344765,2025-08-10 07:55:32.344765
case_11,Analyze Request for Quotation,Karel de Groot,2025-08-09 03:51:32.344765,2025-08-09 16:41:32.344765,2025-08-09 16:46:32.344765
case_15,Analyze Request for Quotation,Francois de Perrier,2025-08-09 04:51:32.344765,2025-08-09 17:28:32.344765,2025-08-09 18:00:32.344765
case_17,Analyze Request for Quotation,Karel de Groot,2025-08-09 02:40:32.344765,2025-08-09 18:40:32.344765,2025-08-09 18:58:32.344765
case_10,Choose best option,Elvira Lores,2025-08-09 10:22:32.344765,2025-08-09 19:52:32.344765,2025-08-09 19:52:32.344765
case_15,Amend Request for Quotation Requester,Tesca Lobes,2025-08-09 18:00:32.344765,2025-08-09 19:58:32.344765,2025-08-09 20:04:32.344765
case_13,Analyze Quotation comparison Map,Fjodor Kowalski,2025-08-09 19:23:32.344765,2025-08-09 19:58:32.344765,2025-08-09 20:06:32.344765
case_13,Choose best option,Anna Kaufmann,2025-08-09 20:06:32.344765,2025-08-09 20:06:32.344765,2025-08-09 20:06:32.344765
case_11,Amend Request for Quotation Requester,Immanuel Karagianni,2025-08-09 16:46:32.344765,2025-08-09 20:30:32.344765,2025-08-09 20:38:32.344765
case_11,Analyze Request for Quotation,Francois de Perrier,2025-08-09 20:38:32.344765,2025-08-09 21:09:32.344765,2025-08-09 21:23:32.344765
case_7,Create Quotation comparison Map,Magdalena Predutta,2025-08-09 16:02:32.344765,2025-08-09 22:21:32.344765,2025-08-10 02:15:32.344765
case_18,Create Purchase Requisition,Immanuel Karagianni,2025-08-09 22:24:32.344765,2025-08-09 22:24:32.344765,2025-08-10 00:09:32.344765
case_11,Amend Request for Quotation Requester,Alberto Duport,2025-08-09 21:23:32.344765,2025-08-09 22:36:32.344765,2025-08-09 22:40:32.344765
case_19,Create Purchase Requisition,Penn Osterwalder,2025-08-09 22:59:32.344765,2025-08-09 22:59:32.344765,2025-08-09 23:50:32.344765
case_20,Create Purchase Requisition,Esmana Liubiata,2025-08-09 23:26:32.344765,2025-08-09 23:26:32.344765,2025-08-09 23:29:32.344765
case_21,Create Purchase Requisition,Elvira Lores,2025-08-10 01:05:32.344765,2025-08-10 01:05:32.344765,2025-08-10 01:23:32.344765
case_18,Analyze Purchase Requisition,Heinz Gutschmidt,2025-08-10 00:09:32.344765,2025-08-10 02:39:32.344765,2025-08-10 02:41:32.344765
case_19,Analyze Purchase Requisition,Maris Freeman,2025-08-09 23:50:32.344765,2025-08-10 02:43:32.344765,2025-08-10 02:45:32.344765
case_21,Create Request for Quotation Requester,Immanuel Karagianni,2025-08-10 01:23:32.344765,2025-08-10 02:59:32.344765,2025-08-10 03:04:32.344765
case_10,Settle conditions with supplier,Magdalena Predutta,2025-08-09 19:52:32.344765,2025-08-10 04:26:32.344765,2025-08-10 10:18:32.344765
case_22,Create Purchase Requisition,Miu Hanwan,2025-08-10 04:31:32.344765,2025-08-10 04:31:32.344765,2025-08-10 05:22:32.344765
case_22,Create Request for Quotation Requester,Esmana Liubiata,2025-08-10 05:22:32.344765,2025-08-10 05:33:32.344765,2025-08-10 05:38:32.344765
case_21,Analyze Request for Quotation,Karel de Groot,2025-08-10 03:04:32.344765,2025-08-10 05:33:32.344765,2025-08-10 06:01:32.344765
case_23,Create Purchase Requisition,Tesca Lobes,2025-08-10 06:02:32.344765,2025-08-10 06:02:32.344765,2025-08-10 06:06:32.344765
case_18,Create Request for Quotation Requester,Fjodor Kowalski,2025-08-10 02:41:32.344765,2025-08-10 06:04:32.344765,2025-08-10 06:14:32.344765
case_20,Analyze Purchase Requisition,Maris Freeman,2025-08-09 23:29:32.344765,2025-08-10 06:27:32.344765,2025-08-10 06:33:32.344765
case_2,Deliver Goods Services,Karen Clarens,2025-08-08 01:06:32.344765,2025-08-10 06:29:32.344765,2025-08-11 00:47:32.344765
case_20,Create Request for Quotation Requester,Fjodor Kowalski,2025-08-10 06:33:32.344765,2025-08-10 07:02:32.344765,2025-08-10 07:10:32.344765
case_4,Confirm Purchase Order,Carmen Finacse,2025-08-09 07:39:32.344765,2025-08-10 07:19:32.344765,2025-08-10 07:55:32.344765
case_24,Create Purchase Requisition,Kim Passa,2025-08-10 07:29:32.344765,2025-08-10 07:29:32.344765,2025-08-10 08:25:32.344765
case_7,Analyze Quotation comparison Map,Clement Duchot,2025-08-10 02:15:32.344765,2025-08-10 09:00:32.344765,2025-08-10 09:19:32.344765
case_25,Create Purchase Requisition,Esmana Liubiata,2025-08-10 09:36:32.344765,2025-08-10 09:36:32.344765,2025-08-10 12:32:32.344765
case_21,Send Request for Quotation to Supplier,Francois de Perrier,2025-08-10 06:01:32.344765,2025-08-10 10:17:32.344765,2025-08-10 10:22:32.344765
case_7,Choose best option,Miu Hanwan,2025-08-10 09:19:32.344765,2025-08-10 10:18:32.344765,2025-08-10 10:18:32.344765
case_23,Create Request for Quotation Requester,Penn Osterwalder,2025-08-10 06:06:32.344765,2025-08-10 10:51:32.344765,2025-08-10 11:01:32.344765
case_16,Create Quotation comparison Map,Francois de Perrier,2025-08-09 16:00:32.344765,2025-08-10 12:29:32.344765,2025-08-10 17:37:32.344765
case_19,Create Request for Quotation Requester Manager,Francis Odell,2025-08-10 02:45:32.344765,2025-08-10 14:11:32.344765,2025-08-10 14:13:32.344765
case_8,Confirm Purchase Order,Kiu Kan,2025-08-08 06:32:32.344765,2025-08-10 18:17:32.344765,2025-08-10 18:41:32.344765
case_11,Analyze Request for Quotation,Karel de Groot,2025-08-09 22:40:32.344765,2025-08-10 21:00:32.344765,2025-08-10 21:44:32.344765
case_12,Analyze Request for Quotation,Karel de Groot,2025-08-09 15:56:32.344765,2025-08-10 21:50:32.344765,2025-08-10 22:00:32.344765
case_20,Analyze Request for Quotation,Karel de Groot,2025-08-10 07:10:32.344765,2025-08-10 22:17:32.344765,2025-08-10 23:01:32.344765
case_24,Analyze Purchase Requisition,Heinz Gutschmidt,2025-08-10 08:25:32.344765,2025-08-10 23:06:32.344765,2025-08-10 23:13:32.344765
case_16,Analyze Quotation comparison Map,Immanuel Karagianni,2025-08-10 17:37:32.344765,2025-08-10 23:12:32.344765,2025-08-10 23:25:32.344765
case_26,Create Purchase Requisition,Esmana Liubiata,2025-08-11 00:55:32.344765,2025-08-11 00:55:32.344765,2025-08-11 03:29:32.344765
case_2,Release Purchase Order,Elvira Lores,2025-08-11 00:47:32.344765,2025-08-11 02:34:32.344765,2025-08-11 02:34:32.344765
case_2,Approve Purchase Order for payment,Magdalena Predutta,2025-08-11 02:34:32.344765,2025-08-11 02:39:32.344765,2025-08-11 02:39:32.344765
case_27,Create Purchase Requisition,Immanuel Karagianni,2025-08-11 03:13:32.344765,2025-08-11 03:13:32.344765,2025-08-11 03:20:32.344765
case_16,Choose best option,Fjodor Kowalski,2025-08-10 23:25:32.344765,2025-08-11 04:26:32.344765,2025-08-11 04:26:32.344765
case_27,Create Request for Quotation Requester,Kim Passa,2025-08-11 03:20:32.344765,2025-08-11 04:26:32.344765,2025-08-11 04:37:32.344765
case_12,Send Request for Quotation to Supplier,Magdalena Predutta,2025-08-10 22:00:32.344765,2025-08-11 05:13:32.344765,2025-08-11 05:37:32.344765
case_27,Analyze Request for Quotation,Karel de Groot,2025-08-11 04:37:32.344765,2025-08-11 06:18:32.344765,2025-08-11 07:06:32.344765
case_7,Settle conditions with supplier,Karel de Groot,2025-08-10 10:18:32.344765,2025-08-11 08:48:32.344765,2025-08-11 17:38:32.344765
case_24,Analyze Purchase Requisition,Francis Odell,2025-08-10 23:13:32.344765,2025-08-11 08:58:32.344765,2025-08-11 09:04:32.344765
case_28,Create Purchase Requisition,Christian Francois,2025-08-11 09:34:32.344765,2025-08-11 09:34:32.344765,2025-08-11 10:19:32.344765
case_11,Send Request for Quotation to Supplier,Karel de Groot,2025-08-10 21:44:32.344765,2025-08-11 09:36:32.344765,2025-08-11 11:11:32.344765
case_26,Analyze Purchase Requisition,Francis Odell,2025-08-11 03:29:32.344765,2025-08-11 09:42:32.344765,2025-08-11 09:43:32.344765
case_29,Create Purchase Requisition,Esmana Liubiata,2025-08-11 10:21:32.344765,2025-08-11 10:21:32.344765,2025-08-11 10:56:32.344765
case_11,Create Quotation comparison Map,Francois de Perrier,2025-08-11 11:11:32.344765,2025-08-11 13:31:32.344765,2025-08-11 18:38:32.344765
case_24,Create Request for Quotation Requester,Penn Osterwalder,2025-08-11 09:04:32.344765,2025-08-11 14:03:32.344765,2025-08-11 14:09:32.344765
case_29,Create Request for Quotation Requester,Esmana Liubiata,2025-08-11 10:56:32.344765,2025-08-11 15:47:32.344765,2025-08-11 15:54:32.344765
case_13,Settle conditions with supplier,Karel de Groot,2025-08-09 20:06:32.344765,2025-08-11 15:50:32.344765,2025-08-11 21:01:32.344765
case_6,Create Purchase Order,Magdalena Predutta,2025-08-10 00:23:32.344765,2025-08-11 16:23:32.344765,2025-08-11 16:30:32.344765
case_14,Send Request for Quotation to Supplier,Francois de Perrier,2025-08-09 01:20:32.344765,2025-08-11 17:36:32.344765,2025-08-11 18:05:32.344765
case_6,Confirm Purchase Order,Kiu Kan,2025-08-11 16:30:32.344765,2025-08-11 18:39:32.344765,2025-08-11 18:45:32.344765
case_28,Analyze Purchase Requisition,Francis Odell,2025-08-11 10:19:32.344765,2025-08-11 19:29:32.344765,2025-08-11 19:32:32.344765
case_15,Analyze Request for Quotation,Magdalena Predutta,2025-08-09 20:04:32.344765,2025-08-11 20:55:32.344765,2025-08-11 21:09:32.344765
case_24,Analyze Request for Quotation,Karel de Groot,2025-08-11 14:09:32.344765,2025-08-11 21:20:32.344765,2025-08-11 21:29:32.344765
case_26,Create Request for Quotation Requester Manager,Heinz Gutschmidt,2025-08-11 09:43:32.344765,2025-08-11 21:22:32.344765,2025-08-11 21:24:32.344765
case_25,Analyze Purchase Requisition,Maris Freeman,2025-08-10 12:32:32.344765,2025-08-11 21:46:32.344765,2025-08-11 21:54:32.344765
case_26,Analyze Request for Quotation,Karel de Groot,2025-08-11 21:24:32.344765,2025-08-11 22:03:32.344765,2025-08-11 22:23:32.344765
case_28,Analyze Purchase Requisition,Heinz Gutschmidt,2025-08-11 19:32:32.344765,2025-08-11 22:54:32.344765,2025-08-11 22:55:32.344765
case_15,Amend Request for Quotation Requester,Nico Ojenbeer,2025-08-11 21:09:32.344765,2025-08-11 23:47:32.344765,2025-08-11 23:49:32.344765
case_28,Create Request for Quotation Requester,Esmana Liubiata,2025-08-11 22:55:32.344765,2025-08-11 23:49:32.344765,2025-08-11 23:59:32.344765
case_18,Analyze Request for Quotation,Francois de Perrier,2025-08-10 06:14:32.344765,2025-08-12 00:35:32.344765,2025-08-12 00:57:32.344765
case_26,Amend Request for Quotation Requester,Kim Passa,2025-08-11 22:23:32.344765,2025-08-12 00:55:32.344765,2025-08-12 01:11:32.344765
case_29,Analyze Request for Quotation,Karel de Groot,2025-08-11 15:54:32.344765,2025-08-12 01:09:32.344765,2025-08-12 01:24:32.344765
case_15,Analyze Request for Quotation,Magdalena Predutta,2025-08-11 23:49:32.344765,2025-08-12 01:24:32.344765,2025-08-12 03:12:32.344765
case_11,Analyze Quotation comparison Map,Tesca Lobes,2025-08-11 18:38:32.344765,2025-08-12 01:29:32.344765,2025-08-12 01:48:32.344765
case_26,Analyze Request for Quotation,Magdalena Predutta,2025-08-12 01:11:32.344765,2025-08-12 01:51:32.344765,2025-08-12 03:11:32.344765
case_5,Settle conditions with supplier,Francois de Perrier,2025-08-07 17:07:32.344765,2025-08-12 01:54:32.344765,2025-08-12 15:44:32.344765
case_30,Create Purchase Requisition,Elvira Lores,2025-08-12 02:02:32.344765,2025-08-12 02:02:32.344765,2025-08-12 02:43:32.344765
case_11,Choose best option,Elvira Lores,2025-08-12 01:48:32.344765,2025-08-12 03:42:32.344765,2025-08-12 03:42:32.344765
case_29,Send Request for Quotation to Supplier,Karel de Groot,2025-08-12 01:24:32.344765,2025-08-12 06:33:32.344765,2025-08-12 06:57:32.344765
case_25,Create Request for Quotation Requester Manager,Francis Odell,2025-08-11 21:54:32.344765,2025-08-12 07:03:32.344765,2025-08-12 07:05:32.344765
case_7,Create Purchase Order,Karel de Groot,2025-08-11 17:38:32.344765,2025-08-12 07:21:32.344765,2025-08-12 07:30:32.344765
case_11,Settle conditions with supplier,Francois de Perrier,2025-08-12 03:42:32.344765,2025-08-12 08:40:32.344765,2025-08-12 20:35:32.344765
case_30,Analyze Purchase Requisition,Heinz Gutschmidt,2025-08-12 02:43:32.344765,2025-08-12 09:25:32.344765,2025-08-12 09:26:32.344765
case_19,Analyze Request for Quotation,Magdalena Predutta,2025-08-10 14:13:32.344765,2025-08-12 09:48:32.344765,2025-08-12 10:04:32.344765
case_13,Create Purchase Order,Karel de Groot,2025-08-11 21:01:32.344765,2025-08-12 10:08:32.344765,2025-08-12 10:14:32.344765
case_19,Send Request for Quotation to Supplier,Magdalena Predutta,2025-08-12 10:04:32.344765,2025-08-12 12:01:32.344765,2025-08-12 12:20:32.344765
case_15,Amend Request for Quotation Requester,Esmana Liubiata,2025-08-12 03:12:32.344765,2025-08-12 12:24:32.344765,2025-08-12 12:40:32.344765
case_25,Analyze Request for Quotation,Magdalena Predutta,2025-08-12 07:05:32.344765,2025-08-12 14:52:32.344765,2025-08-12 15:07:32.344765
case_13,Confirm Purchase Order,Sean Manney,2025-08-12 10:14:32.344765,2025-08-12 15:00:32.344765,2025-08-12 15:19:32.344765
case_27,Send Request for Quotation to Supplier,Magdalena Predutta,2025-08-11 07:06:32.344765,2025-08-12 15:03:32.344765,2025-08-12 15:16:32.344765
case_22,Analyze Request for Quotation,Karel de Groot,2025-08-10 05:38:32.344765,2025-08-12 15:44:32.344765,2025-08-12 16:10:32.344765
case_27,Create Quotation comparison Map,Francois de Perrier,2025-08-12 15:16:32.344765,2025-08-12 18:51:32.344765,2025-08-12 23:16:32.344765
case_30,Create Request for Quotation Requester Manager,Francis Odell,2025-08-12 09:26:32.344765,2025-08-12 19:04:32.344765,2025-08-12 19:06:32.344765
case_23,Analyze Request for Quotation,Francois de Perrier,2025-08-10 11:01:32.344765,2025-08-12 20:57:32.344765,2025-08-12 21:22:32.344765
case_25,Send Request for Quotation to Supplier,Karel de Groot,2025-08-12 15:07:32.344765,2025-08-12 22:32:32.344765,2025-08-12 22:44:32.344765
case_29,Create Quotation comparison Map,Karel de Groot,2025-08-12 06:57:32.344765,2025-08-12 23:01:32.344765,2025-08-13 02:22:32.344765
case_28,Analyze Request for Quotation,Karel de Groot,2025-08-11 23:59:32.344765,2025-08-13 01:09:32.344765,2025-08-13 01:31:32.344765
case_28,Amend Request for Quotation Requester,Clement Duchot,2025-08-13 01:31:32.344765,2025-08-13 01:33:32.344765,2025-08-13 01:48:32.344765
case_29,Analyze Quotation comparison Map,Anna Kaufmann,2025-08-13 02:22:32.344765,2025-08-13 02:22:32.344765,2025-08-13 03:16:32.344765
case_10,Create Purchase Order,Francois de Perrier,2025-08-10 10:18:32.344765,2025-08-13 03:34:32.344765,2025-08-13 03:43:32.344765
case_21,Create Quotation comparison Map,Francois de Perrier,2025-08-10 10:22:32.344765,2025-08-13 03:38:32.344765,2025-08-13 06:27:32.344765
case_19,Create Quotation comparison Map,Magdalena Predutta,2025-08-12 12:20:32.344765,2025-08-13 04:36:32.344765,2025-08-13 07:36:32.344765
case_27,Analyze Quotation comparison Map,Anne Olwada,2025-08-12 23:16:32.344765,2025-08-13 05:11:32.344765,2025-08-13 05:35:32.344765
case_8,Deliver Goods Services,Esmeralda Clay,2025-08-10 18:41:32.344765,2025-08-13 05:30:32.344765,2025-08-15 09:43:32.344765
case_27,Choose best option,Esmana Liubiata,2025-08-13 05:35:32.344765,2025-08-13 06:32:32.344765,2025-08-13 06:32:32.344765
case_21,Analyze Quotation comparison Map,Immanuel Karagianni,2025-08-13 06:27:32.344765,2025-08-13 06:45:32.344765,2025-08-13 07:10:32.344765
case_29,Choose best option,Nico Ojenbeer,2025-08-13 03:16:32.344765,2025-08-13 08:13:32.344765,2025-08-13 08:13:32.344765
case_9,Create Purchase Order,Francois de Perrier,2025-08-10 07:55:32.344765,2025-08-13 08:47:32.344765,2025-08-13 08:56:32.344765
case_16,Settle conditions with supplier,Magdalena Predutta,2025-08-11 04:26:32.344765,2025-08-13 09:34:32.344765,2025-08-13 16:47:32.344765
case_2,Send invoice,Kiu Kan,2025-08-11 02:39:32.344765,2025-08-13 09:56:32.344765,2025-08-13 09:56:32.344765
case_19,Analyze Quotation comparison Map,Fjodor Kowalski,2025-08-13 07:36:32.344765,2025-08-13 09:58:32.344765,2025-08-13 11:29:32.344765
case_25,Create Quotation comparison Map,Francois de Perrier,2025-08-12 22:44:32.344765,2025-08-13 10:50:32.344765,2025-08-13 12:17:32.344765
case_2,Release Supplier's Invoice,Karalda Nimwada,2025-08-13 09:56:32.344765,2025-08-13 11:09:32.344765,2025-08-13 11:14:32.344765
case_2,Authorize Supplier's Invoice payment,Karalda Nimwada,2025-08-13 11:14:32.344765,2025-08-13 11:26:32.344765,2025-08-13 11:26:32.344765
case_19,Choose best option,Alberto Duport,2025-08-13 11:29:32.344765,2025-08-13 11:51:32.344765,2025-08-13 11:51:32.344765
case_7,Confirm Purchase Order,Carmen Finacse,2025-08-12 07:30:32.344765,2025-08-13 12:20:32.344765,2025-08-13 12:50:32.344765
case_25,Analyze Quotation comparison Map,Miu Hanwan,2025-08-13 12:17:32.344765,2025-08-13 12:30:32.344765,2025-08-13 12:47:32.344765
case_2,Pay invoice,Pedro Alvares,2025-08-13 11:26:32.344765,2025-08-13 12:50:32.344765,2025-08-13 12:59:32.344765
case_25,Choose best option,Nico Ojenbeer,2025-08-13 12:47:32.344765,2025-08-13 12:57:32.344765,2025-08-13 12:57:32.344765
case_21,Choose best option,Christian Francois,2025-08-13 07:10:32.344765,2025-08-13 14:32:32.344765,2025-08-13 14:32:32.344765
case_11,Create Purchase Order,Karel de Groot,2025-08-12 20:35:32.344765,2025-08-13 16:15:32.344765,2025-08-13 16:25:32.344765
case_12,Create Quotation comparison Map,Karel de Groot,2025-08-11 05:37:32.344765,2025-08-13 17:04:32.344765,2025-08-13 22:29:32.344765
case_23,Send Request for Quotation to Supplier,Magdalena Predutta,2025-08-12 21:22:32.344765,2025-08-13 17:41:32.344765,2025-08-13 18:09:32.344765
case_16,Create Purchase Order,Karel de Groot,2025-08-13 16:47:32.344765,2025-08-13 19:19:32.344765,2025-08-13 19:27:32.344765
case_19,Settle conditions with supplier,Karel de Groot,2025-08-13 11:51:32.344765,2025-08-14 02:50:32.344765,2025-08-14 08:36:32.344765
case_12,Analyze Quotation comparison Map,Fjodor Kowalski,2025-08-13 22:29:32.344765,2025-08-14 03:16:32.344765,2025-08-14 03:30:32.344765
case_13,Deliver Goods Services,Sean Manney,2025-08-12 15:19:32.344765,2025-08-14 04:52:32.344765,2025-08-16 03:23:32.344765
case_25,Settle conditions with supplier,Francois de Perrier,2025-08-13 12:57:32.344765,2025-08-14 05:51:32.344765,2025-08-14 08:48:32.344765
case_12,Choose best option,Elvira Lores,2025-08-14 03:30:32.344765,2025-08-14 06:38:32.344765,2025-08-14 06:38:32.344765
case_1,Deliver Goods Services,Carmen Finacse,2025-08-09 07:34:32.344765,2025-08-14 08:10:32.344765,2025-08-16 09:02:32.344765
case_15,Analyze Request for Quotation,Karel de Groot,2025-08-12 12:40:32.344765,2025-08-14 08:35:32.344765,2025-08-14 09:00:32.344765
case_4,Deliver Goods Services,Kiu Kan,2025-08-10 07:55:32.344765,2025-08-14 08:41:32.344765,2025-08-16 04:57:32.344765
case_21,Settle conditions with supplier,Francois de Perrier,2025-08-13 14:32:32.344765,2025-08-14 09:05:32.344765,2025-08-14 14:12:32.344765
case_23,Create Quotation comparison Map,Karel de Groot,2025-08-13 18:09:32.344765,2025-08-14 14:09:32.344765,2025-08-14 17:27:32.344765
case_31,Create Purchase Requisition,Penn Osterwalder,2025-08-14 15:20:32.344765,2025-08-14 15:20:32.344765,2025-08-14 15:34:32.344765
case_12,Settle conditions with supplier,Francois de Perrier,2025-08-14 06:38:32.344765,2025-08-14 15:59:32.344765,2025-08-14 21:14:32.344765
case_31,Create Request for Quotation Requester,Clement Duchot,2025-08-14 15:34:32.344765,2025-08-14 16:51:32.344765,2025-08-14 16:55:32.344765
case_9,Confirm Purchase Order,Kiu Kan,2025-08-13 08:56:32.344765,2025-08-14 17:41:32.344765,2025-08-14 18:05:32.344765
case_23,Analyze Quotation comparison Map,Fjodor Kowalski,2025-08-14 17:27:32.344765,2025-08-14 17:51:32.344765,2025-08-14 21:17:32.344765
case_31,Analyze Request for Quotation,Karel de Groot,2025-08-14 16:55:32.344765,2025-08-14 18:36:32.344765,2025-08-14 19:09:32.344765
case_25,Create Purchase Order,Francois de Perrier,2025-08-14 08:48:32.344765,2025-08-14 21:54:32.344765,2025-08-14 22:06:32.344765
case_27,Settle conditions with supplier,Francois de Perrier,2025-08-13 06:32:32.344765,2025-08-14 22:01:32.344765,2025-08-15 07:56:32.344765
case_19,Create Purchase Order,Karel de Groot,2025-08-14 08:36:32.344765,2025-08-14 22:24:32.344765,2025-08-14 22:30:32.344765
case_21,Create Purchase Order,Magdalena Predutta,2025-08-14 14:12:32.344765,2025-08-14 22:56:32.344765,2025-08-14 23:05:32.344765
case_29,Settle conditions with supplier,Francois de Perrier,2025-08-13 08:13:32.344765,2025-08-14 23:47:32.344765,2025-08-15 07:57:32.344765
case_23,Choose best option,Alberto Duport,2025-08-14 21:17:32.344765,2025-08-15 00:20:32.344765,2025-08-15 00:20:32.344765
case_32,Create Purchase Requisition,Nico Ojenbeer,2025-08-15 02:50:32.344765,2025-08-15 02:50:32.344765,2025-08-15 06:22:32.344765
case_33,Create Purchase Requisition,Penn Osterwalder,2025-08-15 03:05:32.344765,2025-08-15 03:05:32.344765,2025-08-15 03:58:32.344765
case_31,Amend Request for Quotation Requester Manager,Maris Freeman,2025-08-14 19:09:32.344765,2025-08-15 03:08:32.344765,2025-08-15 03:12:32.344765
case_28,Analyze Request for Quotation,Francois de Perrier,2025-08-13 01:48:32.344765,2025-08-15 05:00:32.344765,2025-08-15 05:16:32.344765
case_30,Analyze Request for Quotation,Francois de Perrier,2025-08-12 19:06:32.344765,2025-08-15 10:34:32.344765,2025-08-15 10:49:32.344765
case_33,Analyze Purchase Requisition,Maris Freeman,2025-08-15 03:58:32.344765,2025-08-15 10:39:32.344765,2025-08-15 10:42:32.344765
case_9,Deliver Goods Services,Carmen Finacse,2025-08-14 18:05:32.344765,2025-08-15 11:14:32.344765,2025-08-17 09:24:32.344765
case_16,Confirm Purchase Order,Esmeralda Clay,2025-08-13 19:27:32.344765,2025-08-15 11:20:32.344765,2025-08-15 11:39:32.344765
case_28,Amend Request for Quotation Requester Manager,Maris Freeman,2025-08-15 05:16:32.344765,2025-08-15 12:36:32.344765,2025-08-15 12:50:32.344765
case_16,Deliver Goods Services,Karen Clarens,2025-08-15 11:39:32.344765,2025-08-15 12:43:32.344765,2025-08-16 07:08:32.344765
case_29,Create Purchase Order,Magdalena Predutta,2025-08-15 07:57:32.344765,2025-08-15 13:16:32.344765,2025-08-15 13:26:32.344765
case_8,Release Purchase Order,Alberto Duport,2025-08-15 09:43:32.344765,2025-08-15 14:19:32.344765,2025-08-15 14:19:32.344765
case_5,Create Purchase Order,Karel de Groot,2025-08-12 15:44:32.344765,2025-08-15 20:00:32.344765,2025-08-15 20:12:32.344765
case_19,Confirm Purchase Order,Karen Clarens,2025-08-14 22:30:32.344765,2025-08-15 20:04:32.344765,2025-08-15 20:23:32.344765
case_12,Create Purchase Order,Francois de Perrier,2025-08-14 21:14:32.344765,2025-08-15 20:22:32.344765,2025-08-15 20:29:32.344765
case_14,Create Quotation comparison Map,Francois de Perrier,2025-08-11 18:05:32.344765,2025-08-16 02:52:32.344765,2025-08-16 03:45:32.344765
case_31,Analyze Request for Quotation,Magdalena Predutta,2025-08-15 03:12:32.344765,2025-08-16 02:53:32.344765,2025-08-16 03:08:32.344765
case_27,Create Purchase Order,Karel de Groot,2025-08-15 07:56:32.344765,2025-08-16 03:31:32.344765,2025-08-16 03:40:32.344765
case_33,Create Request for Quotation Requester Manager,Francis Odell,2025-08-15 10:42:32.344765,2025-08-16 03:39:32.344765,2025-08-16 03:42:32.344765
case_23,Settle conditions with supplier,Karel de Groot,2025-08-15 00:20:32.344765,2025-08-16 03:53:32.344765,2025-08-16 07:54:32.344765
case_14,Analyze Quotation comparison Map,Fjodor Kowalski,2025-08-16 03:45:32.344765,2025-08-16 05:10:32.344765,2025-08-16 05:37:32.344765
case_26,Send Request for Quotation to Supplier,Karel de Groot,2025-08-12 03:11:32.344765,2025-08-16 05:33:32.344765,2025-08-16 06:07:32.344765
case_13,Release Purchase Order,Nico Ojenbeer,2025-08-16 03:23:32.344765,2025-08-16 05:47:32.344765,2025-08-16 05:47:32.344765
case_33,Analyze Request for Quotation,Magdalena Predutta,2025-08-16 03:42:32.344765,2025-08-16 06:03:32.344765,2025-08-16 06:25:32.344765
case_33,Amend Request for Quotation Requester,Nico Ojenbeer,2025-08-16 06:25:32.344765,2025-08-16 06:34:32.344765,2025-08-16 06:50:32.344765
case_4,Release Purchase Order,Kim Passa,2025-08-16 04:57:32.344765,2025-08-16 07:38:32.344765,2025-08-16 07:38:32.344765
case_26,Create Quotation comparison Map,Francois de Perrier,2025-08-16 06:07:32.344765,2025-08-16 07:44:32.344765,2025-08-16 09:08:32.344765
case_14,Choose best option,Nico Ojenbeer,2025-08-16 05:37:32.344765,2025-08-16 08:57:32.344765,2025-08-16 08:57:32.344765
case_16,Release Purchase Order,Anne Olwada,2025-08-16 07:08:32.344765,2025-08-16 09:04:32.344765,2025-08-16 09:04:32.344765
case_33,Analyze Request for Quotation,Francois de Perrier,2025-08-16 06:50:32.344765,2025-08-16 09:07:32.344765,2025-08-16 09:13:32.344765
case_32,Analyze Purchase Requisition,Heinz Gutschmidt,2025-08-15 06:22:32.344765,2025-08-16 09:17:32.344765,2025-08-16 09:21:32.344765
case_1,Release Purchase Order,Penn Osterwalder,2025-08-16 09:02:32.344765,2025-08-16 09:46:32.344765,2025-08-16 09:46:32.344765
case_14,Settle conditions with supplier,Karel de Groot,2025-08-16 08:57:32.344765,2025-08-16 10:36:32.344765,2025-08-16 13:40:32.344765
case_34,Create Purchase Requisition,Christian Francois,2025-08-16 10:55:32.344765,2025-08-16 10:55:32.344765,2025-08-16 11:45:32.344765
case_19,Deliver Goods Services,Esmeralda Clay,2025-08-15 20:23:32.344765,2025-08-16 10:59:32.344765,2025-08-17 08:42:32.344765
case_32,Create Request for Quotation Requester,Christian Francois,2025-08-16 09:21:32.344765,2025-08-16 11:01:32.344765,2025-08-16 11:15:32.344765
case_33,Amend Request for Quotation Requester,Tesca Lobes,2025-08-16 09:13:32.344765,2025-08-16 11:27:32.344765,2025-08-16 11:42:32.344765
case_35,Create Purchase Requisition,Penn Osterwalder,2025-08-16 12:25:32.344765,2025-08-16 12:25:32.344765,2025-08-16 13:39:32.344765
case_12,Confirm Purchase Order,Esmeralda Clay,2025-08-15 20:29:32.344765,2025-08-16 14:56:32.344765,2025-08-16 16:05:32.344765
case_27,Confirm Purchase Order,Carmen Finacse,2025-08-16 03:40:32.344765,2025-08-16 15:44:32.344765,2025-08-16 19:03:32.344765
case_26,Analyze Quotation comparison Map,Immanuel Karagianni,2025-08-16 09:08:32.344765,2025-08-16 16:57:32.344765,2025-08-16 17:16:32.344765
case_35,Create Request for Quotation Requester Manager,Maris Freeman,2025-08-16 13:39:32.344765,2025-08-16 17:18:32.344765,2025-08-16 17:21:32.344765
case_16,Approve Purchase Order for payment,Karel de Groot,2025-08-16 09:04:32.344765,2025-08-16 17:39:32.344765,2025-08-16 17:39:32.344765
case_14,Create Purchase Order,Karel de Groot,2025-08-16 13:40:32.344765,2025-08-16 18:44:32.344765,2025-08-16 18:54:32.344765
case_30,Send Request for Quotation to Supplier,Magdalena Predutta,2025-08-15 10:49:32.344765,2025-08-16 19:19:32.344765,2025-08-16 19:31:32.344765
case_26,Choose best option,Fjodor Kowalski,2025-08-16 17:16:32.344765,2025-08-16 20:43:32.344765,2025-08-16 20:43:32.344765
case_30,Create Quotation comparison Map,Magdalena Predutta,2025-08-16 19:31:32.344765,2025-08-17 02:10:32.344765,2025-08-17 07:34:32.344765
case_36,Create Purchase Requisition,Clement Duchot,2025-08-17 03:08:32.344765,2025-08-17 03:08:32.344765,2025-08-17 03:08:32.344765
case_13,Approve Purchase Order for payment,Francois de Perrier,2025-08-16 05:47:32.344765,2025-08-17 03:55:32.344765,2025-08-17 03:55:32.344765
case_37,Create Purchase Requisition,Penn Osterwalder,2025-08-17 04:31:32.344765,2025-08-17 04:31:32.344765,2025-08-17 06:51:32.344765
case_34,Create Request for Quotation Requester Manager,Maris Freeman,2025-08-16 11:45:32.344765,2025-08-17 05:41:32.344765,2025-08-17 05:42:32.344765
case_23,Create Purchase Order,Francois de Perrier,2025-08-16 07:54:32.344765,2025-08-17 06:23:32.344765,2025-08-17 06:31:32.344765
case_26,Settle conditions with supplier,Karel de Groot,2025-08-16 20:43:32.344765,2025-08-17 06:58:32.344765,2025-08-17 15:40:32.344765
case_38,Create Purchase Requisition,Christian Francois,2025-08-17 07:18:32.344765,2025-08-17 07:18:32.344765,2025-08-17 07:30:32.344765
case_1,Approve Purchase Order for payment,Francois de Perrier,2025-08-16 09:46:32.344765,2025-08-17 08:15:32.344765,2025-08-17 08:15:32.344765
case_38,Create Request for Quotation Requester,Nico Ojenbeer,2025-08-17 07:30:32.344765,2025-08-17 08:50:32.344765,2025-08-17 09:01:32.344765
case_19,Release Purchase Order,Fjodor Kowalski,2025-08-17 08:42:32.344765,2025-08-17 08:51:32.344765,2025-08-17 08:51:32.344765
case_8,Approve Purchase Order for payment,Karel de Groot,2025-08-15 14:19:32.344765,2025-08-17 08:54:32.344765,2025-08-17 08:54:32.344765
case_21,Confirm Purchase Order,Kiu Kan,2025-08-14 23:05:32.344765,2025-08-17 11:39:32.344765,2025-08-17 11:53:32.344765
case_9,Release Purchase Order,Alberto Duport,2025-08-17 09:24:32.344765,2025-08-17 11:53:32.344765,2025-08-17 11:53:32.344765
case_36,Create Request for Quotation Requester Manager,Maris Freeman,2025-08-17 03:08:32.344765,2025-08-17 12:19:32.344765,2025-08-17 12:22:32.344765
case_39,Create Purchase Requisition,Tesca Lobes,2025-08-17 12:23:32.344765,2025-08-17 12:23:32.344765,2025-08-17 12:59:32.344765
case_30,Analyze Quotation comparison Map,Elvira Lores,2025-08-17 07:34:32.344765,2025-08-17 16:03:32.344765,2025-08-17 16:18:32.344765
case_35,Analyze Request for Quotation,Francois de Perrier,2025-08-16 17:21:32.344765,2025-08-17 16:52:32.344765,2025-08-17 17:26:32.344765
case_30,Choose best option,Esmana Liubiata,2025-08-17 16:18:32.344765,2025-08-17 17:12:32.344765,2025-08-17 17:12:32.344765
case_40,Create Purchase Requisition,Miu Hanwan,2025-08-17 18:42:32.344765,2025-08-17 18:42:32.344765,2025-08-17 18:50:32.344765
case_10,Confirm Purchase Order,Esmeralda Clay,2025-08-13 03:43:32.344765,2025-08-17 19:10:32.344765,2025-08-17 19:30:32.344765
case_41,Create Purchase Requisition,Penn Osterwalder,2025-08-17 19:31:32.344765,2025-08-17 19:31:32.344765,2025-08-17 19:47:32.344765
case_40,Create Request for Quotation Requester,Penn Osterwalder,2025-08-17 18:50:32.344765,2025-08-17 20:14:32.344765,2025-08-17 20:19:32.344765
case_26,Create Purchase Order,Magdalena Predutta,2025-08-17 15:40:32.344765,2025-08-17 20:59:32.344765,2025-08-17 21:11:32.344765
case_6,Deliver Goods Services,Carmen Finacse,2025-08-11 18:45:32.344765,2025-08-17 21:05:32.344765,2025-08-17 23:00:32.344765
case_27,Deliver Goods Services,Karen Clarens,2025-08-16 19:03:32.344765,2025-08-17 22:36:32.344765,2025-08-19 21:14:32.344765
case_29,Confirm Purchase Order,Esmeralda Clay,2025-08-15 13:26:32.344765,2025-08-17 23:12:32.344765,2025-08-17 23:54:32.344765
case_42,Create Purchase Requisition,Anne Olwada,2025-08-17 23:15:32.344765,2025-08-17 23:15:32.344765,2025-08-18 00:06:32.344765
case_30,Settle conditions with supplier,Karel de Groot,2025-08-17 17:12:32.344765,2025-08-17 23:21:32.344765,2025-08-18 05:20:32.344765
case_6,Release Purchase Order,Immanuel Karagianni,2025-08-17 23:00:32.344765,2025-08-17 23:35:32.344765,2025-08-17 23:35:32.344765
case_43,Create Purchase Requisition,Christian Francois,2025-08-17 23:44:32.344765,2025-08-17 23:44:32.344765,2025-08-18 00:18:32.344765
case_11,Confirm Purchase Order,Esmeralda Clay,2025-08-13 16:25:32.344765,2025-08-18 00:44:32.344765,2025-08-18 04:25:32.344765
case_43,Create Request for Quotation Requester,Immanuel Karagianni,2025-08-18 00:18:32.344765,2025-08-18 00:49:32.344765,2025-08-18 00:55:32.344765
case_10,Deliver Goods Services,Carmen Finacse,2025-08-17 19:30:32.344765,2025-08-18 01:27:32.344765,2025-08-19 03:00:32.344765
case_25,Confirm Purchase Order,Sean Manney,2025-08-14 22:06:32.344765,2025-08-18 02:11:32.344765,2025-08-18 02:37:32.344765
case_28,Analyze Request for Quotation,Francois de Perrier,2025-08-15 12:50:32.344765,2025-08-18 04:18:32.344765,2025-08-18 04:40:32.344765
case_8,Send invoice,Esmeralda Clay,2025-08-17 08:54:32.344765,2025-08-18 04:28:32.344765,2025-08-18 04:28:32.344765
case_8,Release Supplier's Invoice,Karalda Nimwada,2025-08-18 04:28:32.344765,2025-08-18 04:41:32.344765,2025-08-18 04:45:32.344765
case_4,Approve Purchase Order for payment,Francois de Perrier,2025-08-16 07:38:32.344765,2025-08-18 05:01:32.344765,2025-08-18 05:01:32.344765
case_29,Deliver Goods Services,Esmeralda Clay,2025-08-17 23:54:32.344765,2025-08-18 05:58:32.344765,2025-08-19 19:47:32.344765
case_39,Create Request for Quotation Requester Manager,Maris Freeman,2025-08-17 12:59:32.344765,2025-08-18 05:59:32.344765,2025-08-18 08:01:32.344765
case_33,Analyze Request for Quotation,Francois de Perrier,2025-08-16 11:42:32.344765,2025-08-18 07:03:32.344765,2025-08-18 07:12:32.344765
case_44,Create Purchase Requisition,Esmana Liubiata,2025-08-18 07:45:32.344765,2025-08-18 07:45:32.344765,2025-08-18 07:57:32.344765
case_45,Create Purchase Requisition,Christian Francois,2025-08-18 07:58:32.344765,2025-08-18 07:58:32.344765,2025-08-18 09:51:32.344765
case_40,Analyze Request for Quotation,Magdalena Predutta,2025-08-17 20:19:32.344765,2025-08-18 08:32:32.344765,2025-08-18 08:57:32.344765
case_8,Authorize Supplier's Invoice payment,Karalda Nimwada,2025-08-18 04:45:32.344765,2025-08-18 08:52:32.344765,2025-08-18 08:52:32.344765
case_1,Send invoice,Karen Clarens,2025-08-17 08:15:32.344765,2025-08-18 09:54:32.344765,2025-08-18 09:54:32.344765
case_1,Release Supplier's Invoice,Karalda Nimwada,2025-08-18 09:54:32.344765,2025-08-18 09:54:32.344765,2025-08-18 09:58:32.344765
case_33,Amend Request for Quotation Requester,Christian Francois,2025-08-18 07:12:32.344765,2025-08-18 10:15:32.344765,2025-08-18 10:28:32.344765
case_8,Pay invoice,Karalda Nimwada,2025-08-18 08:52:32.344765,2025-08-18 11:22:32.344765,2025-08-18 11:34:32.344765
case_43,Analyze Request for Quotation,Francois de Perrier,2025-08-18 00:55:32.344765,2025-08-18 12:11:32.344765,2025-08-18 12:43:32.344765
case_43,Amend Request for Quotation Requester,Elvira Lores,2025-08-18 12:43:32.344765,2025-08-18 13:20:32.344765,2025-08-18 13:31:32.344765
case_1,Authorize Supplier's Invoice payment,Karalda Nimwada,2025-08-18 09:58:32.344765,2025-08-18 14:26:32.344765,2025-08-18 14:26:32.344765
case_37,Analyze Purchase Requisition,Heinz Gutschmidt,2025-08-17 06:51:32.344765,2025-08-18 16:50:32.344765,2025-08-18 17:00:32.344765
case_42,Analyze Purchase Requisition,Maris Freeman,2025-08-18 00:06:32.344765,2025-08-18 18:08:32.344765,2025-08-18 18:15:32.344765
case_1,Pay invoice,Pedro Alvares,2025-08-18 14:26:32.344765,2025-08-18 18:13:32.344765,2025-08-18 18:23:32.344765
case_46,Create Purchase Requisition,Elvira Lores,2025-08-18 18:45:32.344765,2025-08-18 18:45:32.344765,2025-08-18 23:34:32.344765
case_39,Analyze Request for Quotation,Francois de Perrier,2025-08-18 08:01:32.344765,2025-08-18 19:51:32.344765,2025-08-18 20:03:32.344765
case_33,Analyze Request for Quotation,Karel de Groot,2025-08-18 10:28:32.344765,2025-08-18 20:16:32.344765,2025-08-18 20:45:32.344765
case_40,Send Request for Quotation to Supplier,Francois de Perrier,2025-08-18 08:57:32.344765,2025-08-18 20:53:32.344765,2025-08-18 20:59:32.344765
case_37,Create Request for Quotation Requester Manager,Francis Odell,2025-08-18 17:00:32.344765,2025-08-18 21:14:32.344765,2025-08-18 21:15:32.344765
case_42,Create Request for Quotation Requester Manager,Maris Freeman,2025-08-18 18:15:32.344765,2025-08-19 02:54:32.344765,2025-08-19 02:56:32.344765
case_37,Analyze Request for Quotation,Francois de Perrier,2025-08-18 21:15:32.344765,2025-08-19 03:53:32.344765,2025-08-19 04:12:32.344765
case_14,Confirm Purchase Order,Esmeralda Clay,2025-08-16 18:54:32.344765,2025-08-19 04:57:32.344765,2025-08-19 06:31:32.344765
case_41,Analyze Purchase Requisition,Heinz Gutschmidt,2025-08-17 19:47:32.344765,2025-08-19 05:49:32.344765,2025-08-19 05:54:32.344765
case_37,Send Request for Quotation to Supplier,Karel de Groot,2025-08-19 04:12:32.344765,2025-08-19 06:41:32.344765,2025-08-19 07:01:32.344765
case_40,Create Quotation comparison Map,Magdalena Predutta,2025-08-18 20:59:32.344765,2025-08-19 06:47:32.344765,2025-08-19 09:49:32.344765
case_10,Release Purchase Order,Anne Olwada,2025-08-19 03:00:32.344765,2025-08-19 06:51:32.344765,2025-08-19 06:51:32.344765
case_44,Create Request for Quotation Requester Manager,Heinz Gutschmidt,2025-08-18 07:57:32.344765,2025-08-19 06:59:32.344765,2025-08-19 07:02:32.344765
case_38,Analyze Request for Quotation,Francois de Perrier,2025-08-17 09:01:32.344765,2025-08-19 07:23:32.344765,2025-08-19 07:37:32.344765
case_11,Deliver Goods Services,Sean Manney,2025-08-18 04:25:32.344765,2025-08-19 09:06:32.344765,2025-08-20 15:42:32.344765
case_43,Analyze Request for Quotation,Karel de Groot,2025-08-18 13:31:32.344765,2025-08-19 09:11:32.344765,2025-08-19 09:29:32.344765
case_9,Approve Purchase Order for payment,Francois de Perrier,2025-08-17 11:53:32.344765,2025-08-19 09:16:32.344765,2025-08-19 09:16:32.344765
case_7,Deliver Goods Services,Esmeralda Clay,2025-08-13 12:50:32.344765,2025-08-19 11:18:32.344765,2025-08-21 02:49:32.344765
case_40,Analyze Quotation comparison Map,Clement Duchot,2025-08-19 09:49:32.344765,2025-08-19 12:00:32.344765,2025-08-19 13:36:32.344765
case_41,Create Request for Quotation Requester Manager,Francis Odell,2025-08-19 05:54:32.344765,2025-08-19 12:16:32.344765,2025-08-19 12:18:32.344765
case_36,Analyze Request for Quotation,Karel de Groot,2025-08-17 12:22:32.344765,2025-08-19 13:19:32.344765,2025-08-19 13:41:32.344765
case_46,Analyze Purchase Requisition,Heinz Gutschmidt,2025-08-18 23:34:32.344765,2025-08-19 13:38:32.344765,2025-08-19 13:50:32.344765
case_47,Create Purchase Requisition,Miu Hanwan,2025-08-19 13:53:32.344765,2025-08-19 13:53:32.344765,2025-08-19 14:47:32.344765
case_40,Choose best option,Fjodor Kowalski,2025-08-19 13:36:32.344765,2025-08-19 14:11:32.344765,2025-08-19 14:11:32.344765
case_36,Amend Request for Quotation Requester,Christian Francois,2025-08-19 13:41:32.344765,2025-08-19 14:17:32.344765,2025-08-19 14:26:32.344765
case_43,Send Request for Quotation to Supplier,Francois de Perrier,2025-08-19 09:29:32.344765,2025-08-19 16:27:32.344765,2025-08-19 16:54:32.344765
case_40,Settle conditions with supplier,Francois de Perrier,2025-08-19 14:11:32.344765,2025-08-19 17:20:32.344765,2025-08-20 02:19:32.344765
case_47,Analyze Purchase Requisition,Maris Freeman,2025-08-19 14:47:32.344765,2025-08-19 17:56:32.344765,2025-08-19 18:06:32.344765
case_48,Create Purchase Requisition,Alberto Duport,2025-08-19 18:37:32.344765,2025-08-19 18:37:32.344765,2025-08-19 18:56:32.344765
case_5,Confirm Purchase Order,Kiu Kan,2025-08-15 20:12:32.344765,2025-08-19 18:39:32.344765,2025-08-19 18:41:32.344765
case_48,Analyze Purchase Requisition,Heinz Gutschmidt,2025-08-19 18:56:32.344765,2025-08-19 18:58:32.344765,2025-08-19 21:02:32.344765
case_46,Create Request for Quotation Requester,Anne Olwada,2025-08-19 13:50:32.344765,2025-08-19 19:11:32.344765,2025-08-19 19:20:32.344765
case_27,Release Purchase Order,Anna Kaufmann,2025-08-19 21:14:32.344765,2025-08-19 21:14:32.344765,2025-08-19 21:14:32.344765
case_29,Release Purchase Order,Alberto Duport,2025-08-19 19:47:32.344765,2025-08-19 21:44:32.344765,2025-08-19 21:44:32.344765
case_6,Approve Purchase Order for payment,Magdalena Predutta,2025-08-17 23:35:32.344765,2025-08-19 21:52:32.344765,2025-08-19 21:52:32.344765
case_33,Send Request for Quotation to Supplier,Karel de Groot,2025-08-18 20:45:32.344765,2025-08-19 21:55:32.344765,2025-08-19 22:27:32.344765
case_10,Approve Purchase Order for payment,Magdalena Predutta,2025-08-19 06:51:32.344765,2025-08-19 22:45:32.344765,2025-08-19 22:45:32.344765
case_49,Create Purchase Requisition,Alberto Duport,2025-08-19 22:50:32.344765,2025-08-19 22:50:32.344765,2025-08-20 00:11:32.344765
case_19,Approve Purchase Order for payment,Magdalena Predutta,2025-08-17 08:51:32.344765,2025-08-20 01:40:32.344765,2025-08-20 01:40:32.344765
case_43,Create Quotation comparison Map,Karel de Groot,2025-08-19 16:54:32.344765,2025-08-20 02:29:32.344765,2025-08-20 04:31:32.344765
case_9,Send invoice,Karen Clarens,2025-08-19 09:16:32.344765,2025-08-20 02:35:32.344765,2025-08-20 02:35:32.344765
case_47,Create Request for Quotation Requester Manager,Francis Odell,2025-08-19 18:06:32.344765,2025-08-20 03:22:32.344765,2025-08-20 03:24:32.344765
case_49,Create Request for Quotation Requester,Elvira Lores,2025-08-20 00:11:32.344765,2025-08-20 03:51:32.344765,2025-08-20 03:59:32.344765
case_43,Analyze Quotation comparison Map,Elvira Lores,2025-08-20 04:31:32.344765,2025-08-20 05:02:32.344765,2025-08-20 05:21:32.344765
case_43,Choose best option,Esmana Liubiata,2025-08-20 05:21:32.344765,2025-08-20 05:26:32.344765,2025-08-20 05:26:32.344765
case_9,Release Supplier's Invoice,Pedro Alvares,2025-08-20 02:35:32.344765,2025-08-20 06:22:32.344765,2025-08-20 06:26:32.344765
case_9,Authorize Supplier's Invoice payment,Karalda Nimwada,2025-08-20 06:26:32.344765,2025-08-20 06:33:32.344765,2025-08-20 06:33:32.344765
case_42,Analyze Request for Quotation,Magdalena Predutta,2025-08-19 02:56:32.344765,2025-08-20 06:57:32.344765,2025-08-20 07:17:32.344765
case_9,Pay invoice,Karalda Nimwada,2025-08-20 06:33:32.344765,2025-08-20 07:07:32.344765,2025-08-20 07:11:32.344765
case_40,Create Purchase Order,Magdalena Predutta,2025-08-20 02:19:32.344765,2025-08-20 08:04:32.344765,2025-08-20 08:13:32.344765
case_42,Amend Request for Quotation Requester,Elvira Lores,2025-08-20 07:17:32.344765,2025-08-20 08:08:32.344765,2025-08-20 08:16:32.344765
case_48,Create Request for Quotation Requester Manager,Heinz Gutschmidt,2025-08-19 21:02:32.344765,2025-08-20 10:08:32.344765,2025-08-20 10:09:32.344765
case_29,Approve Purchase Order for payment,Francois de Perrier,2025-08-19 21:44:32.344765,2025-08-20 10:17:32.344765,2025-08-20 10:17:32.344765
case_37,Create Quotation comparison Map,Magdalena Predutta,2025-08-19 07:01:32.344765,2025-08-20 10:29:32.344765,2025-08-20 16:22:32.344765
case_45,Create Request for Quotation Requester Manager,Maris Freeman,2025-08-18 09:51:32.344765,2025-08-20 11:19:32.344765,2025-08-20 11:20:32.344765
case_34,Analyze Request for Quotation,Francois de Perrier,2025-08-17 05:42:32.344765,2025-08-20 14:23:32.344765,2025-08-20 14:56:32.344765
case_19,Send invoice,Esmeralda Clay,2025-08-20 01:40:32.344765,2025-08-20 14:33:32.344765,2025-08-20 14:33:32.344765
case_19,Release Supplier's Invoice,Pedro Alvares,2025-08-20 14:33:32.344765,2025-08-20 14:46:32.344765,2025-08-20 14:48:32.344765
case_30,Create Purchase Order,Francois de Perrier,2025-08-18 05:20:32.344765,2025-08-20 15:05:32.344765,2025-08-20 15:14:32.344765
case_35,Send Request for Quotation to Supplier,Francois de Perrier,2025-08-17 17:26:32.344765,2025-08-20 17:18:32.344765,2025-08-20 17:30:32.344765
case_19,Settle dispute with supplier Financial Manager,Pedro Alvares,2025-08-20 14:48:32.344765,2025-08-20 17:53:32.344765,2025-08-20 18:24:32.344765
case_37,Analyze Quotation comparison Map,Esmana Liubiata,2025-08-20 16:22:32.344765,2025-08-20 18:06:32.344765,2025-08-20 18:15:32.344765
case_37,Choose best option,Nico Ojenbeer,2025-08-20 18:15:32.344765,2025-08-20 18:37:32.344765,2025-08-20 18:37:32.344765
case_50,Create Purchase Requisition,Kim Passa,2025-08-20 19:14:32.344765,2025-08-20 19:14:32.344765,2025-08-20 21:02:32.344765
case_45,Analyze Request for Quotation,Francois de Perrier,2025-08-20 11:20:32.344765,2025-08-20 19:41:32.344765,2025-08-20 19:48:32.344765
case_47,Analyze Request for Quotation,Francois de Perrier,2025-08-20 03:24:32.344765,2025-08-20 19:43:32.344765,2025-08-20 19:57:32.344765
case_35,Create Quotation comparison Map,Karel de Groot,2025-08-20 17:30:32.344765,2025-08-20 19:59:32.344765,2025-08-21 00:58:32.344765
case_32,Analyze Request for Quotation,Francois de Perrier,2025-08-16 11:15:32.344765,2025-08-20 20:02:32.344765,2025-08-20 20:32:32.344765
case_30,Confirm Purchase Order,Carmen Finacse,2025-08-20 15:14:32.344765,2025-08-20 20:11:32.344765,2025-08-20 20:24:32.344765
case_33,Create Quotation comparison Map,Magdalena Predutta,2025-08-19 22:27:32.344765,2025-08-20 20:56:32.344765,2025-08-20 22:59:32.344765
case_44,Analyze Request for Quotation,Francois de Perrier,2025-08-19 07:02:32.344765,2025-08-20 22:31:32.344765,2025-08-20 22:36:32.344765
case_19,Authorize Supplier's Invoice payment,Pedro Alvares,2025-08-20 18:24:32.344765,2025-08-20 23:12:32.344765,2025-08-20 23:12:32.344765
case_4,Send invoice,Karen Clarens,2025-08-18 05:01:32.344765,2025-08-21 00:18:32.344765,2025-08-21 00:18:32.344765
case_35,Analyze Quotation comparison Map,Immanuel Karagianni,2025-08-21 00:58:32.344765,2025-08-21 01:23:32.344765,2025-08-21 01:43:32.344765
case_19,Pay invoice,Pedro Alvares,2025-08-20 23:12:32.344765,2025-08-21 01:27:32.344765,2025-08-21 01:32:32.344765
case_43,Settle conditions with supplier,Magdalena Predutta,2025-08-20 05:26:32.344765,2025-08-21 01:45:32.344765,2025-08-21 07:11:32.344765
case_42,Analyze Request for Quotation,Magdalena Predutta,2025-08-20 08:16:32.344765,2025-08-21 01:50:32.344765,2025-08-21 03:19:32.344765
case_35,Choose best option,Clement Duchot,2025-08-21 01:43:32.344765,2025-08-21 02:11:32.344765,2025-08-21 02:11:32.344765
case_41,Analyze Request for Quotation,Francois de Perrier,2025-08-19 12:18:32.344765,2025-08-21 02:47:32.344765,2025-08-21 03:16:32.344765
case_11,Release Purchase Order,Clement Duchot,2025-08-20 15:42:32.344765,2025-08-21 02:52:32.344765,2025-08-21 02:52:32.344765
case_4,Release Supplier's Invoice,Pedro Alvares,2025-08-21 00:18:32.344765,2025-08-21 02:57:32.344765,2025-08-21 02:59:32.344765
case_7,Release Purchase Order,Anne Olwada,2025-08-21 02:49:32.344765,2025-08-21 04:08:32.344765,2025-08-21 04:08:32.344765
case_21,Deliver Goods Services,Kiu Kan,2025-08-17 11:53:32.344765,2025-08-21 04:50:32.344765,2025-08-21 20:28:32.344765
case_6,Send invoice,Kiu Kan,2025-08-19 21:52:32.344765,2025-08-21 05:09:32.344765,2025-08-21 05:09:32.344765
case_4,Authorize Supplier's Invoice payment,Pedro Alvares,2025-08-21 02:59:32.344765,2025-08-21 05:52:32.344765,2025-08-21 05:52:32.344765
case_37,Settle conditions with supplier,Magdalena Predutta,2025-08-20 18:37:32.344765,2025-08-21 06:22:32.344765,2025-08-21 16:21:32.344765
case_42,Send Request for Quotation to Supplier,Magdalena Predutta,2025-08-21 03:19:32.344765,2025-08-21 06:34:32.344765,2025-08-21 07:04:32.344765
case_33,Analyze Quotation comparison Map,Elvira Lores,2025-08-20 22:59:32.344765,2025-08-21 06:43:32.344765,2025-08-21 08:08:32.344765
case_51,Create Purchase Requisition,Nico Ojenbeer,2025-08-21 06:57:32.344765,2025-08-21 06:57:32.344765,2025-08-21 07:37:32.344765
case_23,Confirm Purchase Order,Kiu Kan,2025-08-17 06:31:32.344765,2025-08-21 07:22:32.344765,2025-08-21 07:43:32.344765
case_51,Create Request for Quotation Requester,Christian Francois,2025-08-21 07:37:32.344765,2025-08-21 07:49:32.344765,2025-08-21 07:57:32.344765
case_43,Create Purchase Order,Magdalena Predutta,2025-08-21 07:11:32.344765,2025-08-21 08:36:32.344765,2025-08-21 08:45:32.344765
case_4,Pay invoice,Pedro Alvares,2025-08-21 05:52:32.344765,2025-08-21 09:06:32.344765,2025-08-21 09:14:32.344765
case_51,Analyze Request for Quotation,Francois de Perrier,2025-08-21 07:57:32.344765,2025-08-21 10:25:32.344765,2025-08-21 10:59:32.344765
case_35,Settle conditions with supplier,Magdalena Predutta,2025-08-21 02:11:32.344765,2025-08-21 10:28:32.344765,2025-08-21 21:15:32.344765
case_14,Deliver Goods Services,Esmeralda Clay,2025-08-19 06:31:32.344765,2025-08-21 10:42:32.344765,2025-08-22 02:41:32.344765
case_7,Approve Purchase Order for payment,Karel de Groot,2025-08-21 04:08:32.344765,2025-08-21 11:09:32.344765,2025-08-21 11:09:32.344765
case_6,Release Supplier's Invoice,Pedro Alvares,2025-08-21 05:09:32.344765,2025-08-21 11:47:32.344765,2025-08-21 11:51:32.344765
case_51,Amend Request for Quotation Requester,Christian Francois,2025-08-21 10:59:32.344765,2025-08-21 12:36:32.344765,2025-08-21 12:46:32.344765
case_33,Choose best option,Alberto Duport,2025-08-21 08:08:32.344765,2025-08-21 12:56:32.344765,2025-08-21 12:56:32.344765
case_23,Deliver Goods Services,Carmen Finacse,2025-08-21 07:43:32.344765,2025-08-21 13:24:32.344765,2025-08-23 15:18:32.344765
case_52,Create Purchase Requisition,Anne Olwada,2025-08-21 13:27:32.344765,2025-08-21 13:27:32.344765,2025-08-21 15:51:32.344765
case_43,Confirm Purchase Order,Kiu Kan,2025-08-21 08:45:32.344765,2025-08-21 13:34:32.344765,2025-08-21 13:48:32.344765
case_45,Amend Request for Quotation Requester Manager,Heinz Gutschmidt,2025-08-20 19:48:32.344765,2025-08-21 14:22:32.344765,2025-08-21 14:38:32.344765
case_50,Analyze Purchase Requisition,Francis Odell,2025-08-20 21:02:32.344765,2025-08-21 14:37:32.344765,2025-08-21 14:45:32.344765
case_50,Create Request for Quotation Requester,Alberto Duport,2025-08-21 14:45:32.344765,2025-08-21 15:30:32.344765,2025-08-21 15:42:32.344765
case_6,Authorize Supplier's Invoice payment,Pedro Alvares,2025-08-21 11:51:32.344765,2025-08-21 17:58:32.344765,2025-08-21 17:58:32.344765
case_25,Deliver Goods Services,Kiu Kan,2025-08-18 02:37:32.344765,2025-08-21 18:17:32.344765,2025-08-23 01:13:32.344765
case_11,Approve Purchase Order for payment,Karel de Groot,2025-08-21 02:52:32.344765,2025-08-21 18:52:32.344765,2025-08-21 18:52:32.344765
case_42,Create Quotation comparison Map,Karel de Groot,2025-08-21 07:04:32.344765,2025-08-21 20:03:32.344765,2025-08-21 22:05:32.344765
case_21,Release Purchase Order,Clement Duchot,2025-08-21 20:28:32.344765,2025-08-21 20:29:32.344765,2025-08-21 20:29:32.344765
case_40,Confirm Purchase Order,Carmen Finacse,2025-08-20 08:13:32.344765,2025-08-21 21:38:32.344765,2025-08-21 22:12:32.344765
case_51,Analyze Request for Quotation,Karel de Groot,2025-08-21 12:46:32.344765,2025-08-21 22:15:32.344765,2025-08-21 22:20:32.344765
case_51,Amend Request for Quotation Requester,Christian Francois,2025-08-21 22:20:32.344765,2025-08-21 22:39:32.344765,2025-08-21 22:54:32.344765
case_52,Analyze Purchase Requisition,Francis Odell,2025-08-21 15:51:32.344765,2025-08-22 00:04:32.344765,2025-08-22 00:06:32.344765
case_29,Send invoice,Kiu Kan,2025-08-20 10:17:32.344765,2025-08-22 00:14:32.344765,2025-08-22 00:14:32.344765
case_29,Release Supplier's Invoice,Pedro Alvares,2025-08-22 00:14:32.344765,2025-08-22 00:21:32.344765,2025-08-22 00:25:32.344765
case_53,Create Purchase Requisition,Tesca Lobes,2025-08-22 01:12:32.344765,2025-08-22 01:12:32.344765,2025-08-22 03:08:32.344765
case_43,Deliver Goods Services,Carmen Finacse,2025-08-21 13:48:32.344765,2025-08-22 01:21:32.344765,2025-08-24 10:34:32.344765
case_52,Create Request for Quotation Requester,Esmana Liubiata,2025-08-22 00:06:32.344765,2025-08-22 01:38:32.344765,2025-08-22 01:49:32.344765
case_29,Authorize Supplier's Invoice payment,Pedro Alvares,2025-08-22 00:25:32.344765,2025-08-22 02:34:32.344765,2025-08-22 02:34:32.344765
case_29,Pay invoice,Pedro Alvares,2025-08-22 02:34:32.344765,2025-08-22 02:36:32.344765,2025-08-22 02:43:32.344765
case_50,Analyze Request for Quotation,Francois de Perrier,2025-08-21 15:42:32.344765,2025-08-22 03:48:32.344765,2025-08-22 04:13:32.344765
case_54,Create Purchase Requisition,Penn Osterwalder,2025-08-22 03:51:32.344765,2025-08-22 03:51:32.344765,2025-08-22 05:47:32.344765
case_42,Analyze Quotation comparison Map,Fjodor Kowalski,2025-08-21 22:05:32.344765,2025-08-22 04:05:32.344765,2025-08-22 04:24:32.344765
case_6,Pay invoice,Karalda Nimwada,2025-08-21 17:58:32.344765,2025-08-22 04:21:32.344765,2025-08-22 04:29:32.344765
case_42,Choose best option,Fjodor Kowalski,2025-08-22 04:24:32.344765,2025-08-22 04:25:32.344765,2025-08-22 04:25:32.344765
case_46,Analyze Request for Quotation,Francois de Perrier,2025-08-19 19:20:32.344765,2025-08-22 05:05:32.344765,2025-08-22 05:38:32.344765
case_33,Settle conditions with supplier,Francois de Perrier,2025-08-21 12:56:32.344765,2025-08-22 05:12:32.344765,2025-08-22 10:13:32.344765
case_14,Release Purchase Order,Penn Osterwalder,2025-08-22 02:41:32.344765,2025-08-22 05:29:32.344765,2025-08-22 05:29:32.344765
case_36,Analyze Request for Quotation,Francois de Perrier,2025-08-19 14:26:32.344765,2025-08-22 06:16:32.344765,2025-08-22 06:30:32.344765
case_49,Analyze Request for Quotation,Karel de Groot,2025-08-20 03:59:32.344765,2025-08-22 06:30:32.344765,2025-08-22 06:39:32.344765
case_21,Approve Purchase Order for payment,Karel de Groot,2025-08-21 20:29:32.344765,2025-08-22 06:44:32.344765,2025-08-22 06:44:32.344765
case_46,Send Request for Quotation to Supplier,Francois de Perrier,2025-08-22 05:38:32.344765,2025-08-22 06:56:32.344765,2025-08-22 07:15:32.344765
case_51,Analyze Request for Quotation,Magdalena Predutta,2025-08-21 22:54:32.344765,2025-08-22 07:42:32.344765,2025-08-22 08:17:32.344765
case_53,Analyze Purchase Requisition,Heinz Gutschmidt,2025-08-22 03:08:32.344765,2025-08-22 08:31:32.344765,2025-08-22 08:39:32.344765
case_36,Send Request for Quotation to Supplier,Magdalena Predutta,2025-08-22 06:30:32.344765,2025-08-22 08:51:32.344765,2025-08-22 08:56:32.344765
case_35,Create Purchase Order,Magdalena Predutta,2025-08-21 21:15:32.344765,2025-08-22 09:05:32.344765,2025-08-22 09:09:32.344765
case_49,Amend Request for Quotation Requester,Penn Osterwalder,2025-08-22 06:39:32.344765,2025-08-22 09:46:32.344765,2025-08-22 09:59:32.344765
case_10,Send invoice,Sean Manney,2025-08-19 22:45:32.344765,2025-08-22 10:11:32.344765,2025-08-22 10:11:32.344765
case_54,Analyze Purchase Requisition,Maris Freeman,2025-08-22 05:47:32.344765,2025-08-22 10:56:32.344765,2025-08-22 10:59:32.344765
case_52,Analyze Request for Quotation,Magdalena Predutta,2025-08-22 01:49:32.344765,2025-08-22 13:47:32.344765,2025-08-22 14:02:32.344765
case_10,Release Supplier's Invoice,Karalda Nimwada,2025-08-22 10:11:32.344765,2025-08-22 14:02:32.344765,2025-08-22 14:06:32.344765
case_10,Authorize Supplier's Invoice payment,Pedro Alvares,2025-08-22 14:06:32.344765,2025-08-22 14:13:32.344765,2025-08-22 14:13:32.344765
case_10,Pay invoice,Karalda Nimwada,2025-08-22 14:13:32.344765,2025-08-22 14:46:32.344765,2025-08-22 14:54:32.344765
case_37,Create Purchase Order,Karel de Groot,2025-08-21 16:21:32.344765,2025-08-22 19:16:32.344765,2025-08-22 19:24:32.344765
case_52,Amend Request for Quotation Requester,Christian Francois,2025-08-22 14:02:32.344765,2025-08-22 19:30:32.344765,2025-08-22 19:38:32.344765
case_53,Create Request for Quotation Requester Manager,Maris Freeman,2025-08-22 08:39:32.344765,2025-08-22 21:46:32.344765,2025-08-22 21:48:32.344765
case_33,Create Purchase Order,Magdalena Predutta,2025-08-22 10:13:32.344765,2025-08-22 22:52:32.344765,2025-08-22 22:59:32.344765
case_48,Analyze Request for Quotation,Karel de Groot,2025-08-20 10:09:32.344765,2025-08-22 23:15:32.344765,2025-08-22 23:37:32.344765
case_45,Analyze Request for Quotation,Magdalena Predutta,2025-08-21 14:38:32.344765,2025-08-23 00:58:32.344765,2025-08-23 01:31:32.344765
case_37,Confirm Purchase Order,Carmen Finacse,2025-08-22 19:24:32.344765,2025-08-23 01:24:32.344765,2025-08-23 01:41:32.344765
case_45,Amend Request for Quotation Requester,Kim Passa,2025-08-23 01:31:32.344765,2025-08-23 01:35:32.344765,2025-08-23 01:48:32.344765
case_46,Create Quotation comparison Map,Francois de Perrier,2025-08-22 07:15:32.344765,2025-08-23 01:59:32.344765,2025-08-23 05:15:32.344765
case_27,Approve Purchase Order for payment,Karel de Groot,2025-08-19 21:14:32.344765,2025-08-23 02:32:32.344765,2025-08-23 02:32:32.344765
case_52,Analyze Request for Quotation,Francois de Perrier,2025-08-22 19:38:32.344765,2025-08-23 02:43:32.344765,2025-08-23 03:11:32.344765
case_48,Amend Request for Quotation Requester,Esmana Liubiata,2025-08-22 23:37:32.344765,2025-08-23 02:55:32.344765,2025-08-23 03:06:32.344765
case_25,Release Purchase Order,Christian Francois,2025-08-23 01:13:32.344765,2025-08-23 03:07:32.344765,2025-08-23 03:07:32.344765
case_49,Analyze Request for Quotation,Francois de Perrier,2025-08-22 09:59:32.344765,2025-08-23 03:24:32.344765,2025-08-23 03:42:32.344765
case_33,Confirm Purchase Order,Kiu Kan,2025-08-22 22:59:32.344765,2025-08-23 04:35:32.344765,2025-08-23 04:55:32.344765
case_46,Analyze Quotation comparison Map,Immanuel Karagianni,2025-08-23 05:15:32.344765,2025-08-23 06:09:32.344765,2025-08-23 06:20:32.344765
case_35,Confirm Purchase Order,Esmeralda Clay,2025-08-22 09:09:32.344765,2025-08-23 06:34:32.344765,2025-08-23 06:58:32.344765
case_53,Analyze Request for Quotation,Francois de Perrier,2025-08-22 21:48:32.344765,2025-08-23 06:54:32.344765,2025-08-23 07:17:32.344765
case_46,Choose best option,Tesca Lobes,2025-08-23 06:20:32.344765,2025-08-23 07:12:32.344765,2025-08-23 07:12:32.344765
case_25,Approve Purchase Order for payment,Francois de Perrier,2025-08-23 03:07:32.344765,2025-08-23 08:05:32.344765,2025-08-23 08:05:32.344765
case_36,Create Quotation comparison Map,Magdalena Predutta,2025-08-22 08:56:32.344765,2025-08-23 08:07:32.344765,2025-08-23 13:44:32.344765
case_55,Create Purchase Requisition,Alberto Duport,2025-08-23 08:45:32.344765,2025-08-23 08:45:32.344765,2025-08-23 10:05:32.344765
case_50,Send Request for Quotation to Supplier,Francois de Perrier,2025-08-22 04:13:32.344765,2025-08-23 12:20:32.344765,2025-08-23 12:38:32.344765
case_49,Amend Request for Quotation Requester,Nico Ojenbeer,2025-08-23 03:42:32.344765,2025-08-23 13:47:32.344765,2025-08-23 14:01:32.344765
case_36,Analyze Quotation comparison Map,Fjodor Kowalski,2025-08-23 13:44:32.344765,2025-08-23 14:48:32.344765,2025-08-23 15:09:32.344765
case_54,Create Request for Quotation Requester Manager,Heinz Gutschmidt,2025-08-22 10:59:32.344765,2025-08-23 15:41:32.344765,2025-08-23 15:44:32.344765
case_23,Release Purchase Order,Christian Francois,2025-08-23 15:18:32.344765,2025-08-23 16:27:32.344765,2025-08-23 16:27:32.344765
case_36,Choose best option,Anne Olwada,2025-08-23 15:09:32.344765,2025-08-23 17:53:32.344765,2025-08-23 17:53:32.344765
case_40,Deliver Goods Services,Kiu Kan,2025-08-21 22:12:32.344765,2025-08-23 19:19:32.344765,2025-08-25 17:37:32.344765
case_25,Send invoice,Karen Clarens,2025-08-23 08:05:32.344765,2025-08-23 19:49:32.344765,2025-08-23 19:49:32.344765
case_25,Release Supplier's Invoice,Pedro Alvares,2025-08-23 19:49:32.344765,2025-08-23 19:58:32.344765,2025-08-23 21:02:32.344765
case_55,Analyze Purchase Requisition,Heinz Gutschmidt,2025-08-23 10:05:32.344765,2025-08-23 21:06:32.344765,2025-08-23 21:14:32.344765
case_55,Create Request for Quotation Requester,Tesca Lobes,2025-08-23 21:14:32.344765,2025-08-23 21:28:32.344765,2025-08-23 21:32:32.344765
case_12,Deliver Goods Services,Kiu Kan,2025-08-16 16:05:32.344765,2025-08-23 22:27:32.344765,2025-08-24 20:22:32.344765
case_42,Settle conditions with supplier,Francois de Perrier,2025-08-22 04:25:32.344765,2025-08-23 23:01:32.344765,2025-08-24 10:32:32.344765
case_5,Deliver Goods Services,Sean Manney,2025-08-19 18:41:32.344765,2025-08-23 23:58:32.344765,2025-08-24 22:48:32.344765
case_46,Settle conditions with supplier,Karel de Groot,2025-08-23 07:12:32.344765,2025-08-24 00:12:32.344765,2025-08-24 13:02:32.344765
case_16,Send invoice,Kiu Kan,2025-08-16 17:39:32.344765,2025-08-24 00:22:32.344765,2025-08-24 00:22:32.344765
case_16,Release Supplier's Invoice,Pedro Alvares,2025-08-24 00:22:32.344765,2025-08-24 00:35:32.344765,2025-08-24 00:41:32.344765
case_23,Approve Purchase Order for payment,Karel de Groot,2025-08-23 16:27:32.344765,2025-08-24 01:02:32.344765,2025-08-24 01:02:32.344765
case_25,Authorize Supplier's Invoice payment,Pedro Alvares,2025-08-23 21:02:32.344765,2025-08-24 01:30:32.344765,2025-08-24 01:30:32.344765
case_16,Authorize Supplier's Invoice payment,Pedro Alvares,2025-08-24 00:41:32.344765,2025-08-24 02:50:32.344765,2025-08-24 02:50:32.344765
case_13,Send invoice,Kiu Kan,2025-08-17 03:55:32.344765,2025-08-24 02:52:32.344765,2025-08-24 02:52:32.344765
case_25,Pay invoice,Karalda Nimwada,2025-08-24 01:30:32.344765,2025-08-24 03:00:32.344765,2025-08-24 03:11:32.344765
case_21,Send invoice,Kiu Kan,2025-08-22 06:44:32.344765,2025-08-24 04:07:32.344765,2025-08-24 04:07:32.344765
case_21,Release Supplier's Invoice,Pedro Alvares,2025-08-24 04:07:32.344765,2025-08-24 04:12:32.344765,2025-08-24 04:16:32.344765
case_48,Analyze Request for Quotation,Magdalena Predutta,2025-08-23 03:06:32.344765,2025-08-24 04:17:32.344765,2025-08-24 04:51:32.344765
case_21,Authorize Supplier's Invoice payment,Karalda Nimwada,2025-08-24 04:16:32.344765,2025-08-24 04:50:32.344765,2025-08-24 04:50:32.344765
case_56,Create Purchase Requisition,Christian Francois,2025-08-24 05:58:32.344765,2025-08-24 05:58:32.344765,2025-08-24 06:44:32.344765
case_56,Create Request for Quotation Requester,Penn Osterwalder,2025-08-24 06:44:32.344765,2025-08-24 07:04:32.344765,2025-08-24 07:16:32.344765
case_48,Send Request for Quotation to Supplier,Karel de Groot,2025-08-24 04:51:32.344765,2025-08-24 08:04:32.344765,2025-08-24 08:23:32.344765
case_13,Release Supplier's Invoice,Karalda Nimwada,2025-08-24 02:52:32.344765,2025-08-24 08:13:32.344765,2025-08-24 08:16:32.344765
case_21,Pay invoice,Pedro Alvares,2025-08-24 04:50:32.344765,2025-08-24 09:08:32.344765,2025-08-24 09:16:32.344765
case_16,Pay invoice,Pedro Alvares,2025-08-24 02:50:32.344765,2025-08-24 09:30:32.344765,2025-08-24 09:34:32.344765
case_48,Create Quotation comparison Map,Magdalena Predutta,2025-08-24 08:23:32.344765,2025-08-24 09:47:32.344765,2025-08-24 11:11:32.344765
case_55,Analyze Request for Quotation,Karel de Groot,2025-08-23 21:32:32.344765,2025-08-24 10:24:32.344765,2025-08-24 10:31:32.344765
case_49,Analyze Request for Quotation,Karel de Groot,2025-08-23 14:01:32.344765,2025-08-24 10:40:32.344765,2025-08-24 12:02:32.344765
case_13,Authorize Supplier's Invoice payment,Pedro Alvares,2025-08-24 08:16:32.344765,2025-08-24 10:44:32.344765,2025-08-24 10:44:32.344765
case_56,Analyze Request for Quotation,Karel de Groot,2025-08-24 07:16:32.344765,2025-08-24 10:59:32.344765,2025-08-24 12:13:32.344765
case_57,Create Purchase Requisition,Anne Olwada,2025-08-24 11:08:32.344765,2025-08-24 11:08:32.344765,2025-08-24 13:34:32.344765
case_58,Create Purchase Requisition,Christian Francois,2025-08-24 11:28:32.344765,2025-08-24 11:28:32.344765,2025-08-24 15:21:32.344765
case_43,Release Purchase Order,Elvira Lores,2025-08-24 10:34:32.344765,2025-08-24 11:54:32.344765,2025-08-24 11:54:32.344765
case_13,Pay invoice,Pedro Alvares,2025-08-24 10:44:32.344765,2025-08-24 13:37:32.344765,2025-08-24 13:44:32.344765
case_57,Analyze Purchase Requisition,Maris Freeman,2025-08-24 13:34:32.344765,2025-08-24 13:56:32.344765,2025-08-24 15:03:32.344765
case_58,Analyze Purchase Requisition,Heinz Gutschmidt,2025-08-24 15:21:32.344765,2025-08-24 15:23:32.344765,2025-08-24 15:27:32.344765
case_48,Analyze Quotation comparison Map,Immanuel Karagianni,2025-08-24 11:11:32.344765,2025-08-24 15:47:32.344765,2025-08-24 17:03:32.344765
case_36,Settle conditions with supplier,Francois de Perrier,2025-08-23 17:53:32.344765,2025-08-24 16:36:32.344765,2025-08-24 23:18:32.344765
case_27,Send invoice,Sean Manney,2025-08-23 02:32:32.344765,2025-08-24 16:50:32.344765,2025-08-24 16:50:32.344765
case_48,Choose best option,Anna Kaufmann,2025-08-24 17:03:32.344765,2025-08-24 17:03:32.344765,2025-08-24 17:03:32.344765
case_55,Amend Request for Quotation Requester,Nico Ojenbeer,2025-08-24 10:31:32.344765,2025-08-24 18:49:32.344765,2025-08-24 18:56:32.344765
case_37,Deliver Goods Services,Carmen Finacse,2025-08-23 01:41:32.344765,2025-08-24 19:51:32.344765,2025-08-25 10:37:32.344765
case_59,Create Purchase Requisition,Kim Passa,2025-08-24 20:19:32.344765,2025-08-24 20:19:32.344765,2025-08-24 20:53:32.344765
case_27,Release Supplier's Invoice,Karalda Nimwada,2025-08-24 16:50:32.344765,2025-08-24 20:24:32.344765,2025-08-24 20:28:32.344765
case_27,Authorize Supplier's Invoice payment,Pedro Alvares,2025-08-24 20:28:32.344765,2025-08-24 20:33:32.344765,2025-08-24 20:33:32.344765
case_27,Pay invoice,Pedro Alvares,2025-08-24 20:33:32.344765,2025-08-24 20:46:32.344765,2025-08-24 20:59:32.344765
case_57,Create Request for Quotation Requester,Alberto Duport,2025-08-24 15:03:32.344765,2025-08-24 21:18:32.344765,2025-08-24 21:26:32.344765
case_12,Release Purchase Order,Alberto Duport,2025-08-24 20:22:32.344765,2025-08-24 21:44:32.344765,2025-08-24 21:44:32.344765
case_33,Deliver Goods Services,Carmen Finacse,2025-08-23 04:55:32.344765,2025-08-24 22:25:32.344765,2025-08-25 13:48:32.344765
case_45,Analyze Request for Quotation,Magdalena Predutta,2025-08-23 01:48:32.344765,2025-08-24 22:53:32.344765,2025-08-24 23:07:32.344765
case_60,Create Purchase Requisition,Kim Passa,2025-08-24 23:02:32.344765,2025-08-24 23:02:32.344765,2025-08-24 23:42:32.344765
case_5,Release Purchase Order,Clement Duchot,2025-08-24 22:48:32.344765,2025-08-25 00:52:32.344765,2025-08-25 00:52:32.344765
case_45,Amend Request for Quotation Requester,Immanuel Karagianni,2025-08-24 23:07:32.344765,2025-08-25 00:56:32.344765,2025-08-25 01:07:32.344765
case_42,Create Purchase Order,Karel de Groot,2025-08-24 10:32:32.344765,2025-08-25 01:39:32.344765,2025-08-25 01:51:32.344765
case_49,Send Request for Quotation to Supplier,Francois de Perrier,2025-08-24 12:02:32.344765,2025-08-25 03:08:32.344765,2025-08-25 03:20:32.344765
case_61,Create Purchase Requisition,Nico Ojenbeer,2025-08-25 04:14:32.344765,2025-08-25 04:14:32.344765,2025-08-25 04:45:32.344765
case_26,Confirm Purchase Order,Kiu Kan,2025-08-17 21:11:32.344765,2025-08-25 04:22:32.344765,2025-08-25 04:46:32.344765
case_60,Analyze Purchase Requisition,Heinz Gutschmidt,2025-08-24 23:42:32.344765,2025-08-25 06:19:32.344765,2025-08-25 06:26:32.344765
case_58,Create Request for Quotation Requester Manager,Francis Odell,2025-08-24 15:27:32.344765,2025-08-25 08:06:32.344765,2025-08-25 08:08:32.344765
case_61,Create Request for Quotation Requester,Fjodor Kowalski,2025-08-25 04:45:32.344765,2025-08-25 08:46:32.344765,2025-08-25 08:52:32.344765
case_42,Confirm Purchase Order,Sean Manney,2025-08-25 01:51:32.344765,2025-08-25 09:28:32.344765,2025-08-25 09:37:32.344765
case_58,Analyze Request for Quotation,Magdalena Predutta,2025-08-25 08:08:32.344765,2025-08-25 09:33:32.344765,2025-08-25 10:17:32.344765
case_36,Create Purchase Order,Karel de Groot,2025-08-24 23:18:32.344765,2025-08-25 09:48:32.344765,2025-08-25 10:00:32.344765
case_12,Approve Purchase Order for payment,Magdalena Predutta,2025-08-24 21:44:32.344765,2025-08-25 09:57:32.344765,2025-08-25 09:57:32.344765
case_58,Amend Request for Quotation Requester,Esmana Liubiata,2025-08-25 10:17:32.344765,2025-08-25 10:33:32.344765,2025-08-25 10:42:32.344765
case_7,Send invoice,Kiu Kan,2025-08-21 11:09:32.344765,2025-08-25 10:51:32.344765,2025-08-25 10:51:32.344765
case_56,Send Request for Quotation to Supplier,Francois de Perrier,2025-08-24 12:13:32.344765,2025-08-25 10:52:32.344765,2025-08-25 11:26:32.344765
case_7,Release Supplier's Invoice,Pedro Alvares,2025-08-25 10:51:32.344765,2025-08-25 11:00:32.344765,2025-08-25 11:04:32.344765
case_60,Create Request for Quotation Requester,Miu Hanwan,2025-08-25 06:26:32.344765,2025-08-25 11:04:32.344765,2025-08-25 11:15:32.344765
case_7,Settle dispute with supplier Financial Manager,Pedro Alvares,2025-08-25 11:04:32.344765,2025-08-25 11:06:32.344765,2025-08-25 11:27:32.344765
case_42,Deliver Goods Services,Esmeralda Clay,2025-08-25 09:37:32.344765,2025-08-25 12:27:32.344765,2025-08-26 18:51:32.344765
case_5,Approve Purchase Order for payment,Francois de Perrier,2025-08-25 00:52:32.344765,2025-08-25 12:48:32.344765,2025-08-25 12:48:32.344765
case_45,Analyze Request for Quotation,Francois de Perrier,2025-08-25 01:07:32.344765,2025-08-25 12:54:32.344765,2025-08-25 13:09:32.344765
case_7,Authorize Supplier's Invoice payment,Pedro Alvares,2025-08-25 11:27:32.344765,2025-08-25 13:21:32.344765,2025-08-25 13:21:32.344765
case_33,Release Purchase Order,Immanuel Karagianni,2025-08-25 13:48:32.344765,2025-08-25 14:08:32.344765,2025-08-25 14:08:32.344765
case_37,Release Purchase Order,Elvira Lores,2025-08-25 10:37:32.344765,2025-08-25 16:04:32.344765,2025-08-25 16:04:32.344765
case_59,Analyze Purchase Requisition,Heinz Gutschmidt,2025-08-24 20:53:32.344765,2025-08-25 16:10:32.344765,2025-08-25 16:14:32.344765
case_60,Analyze Request for Quotation,Magdalena Predutta,2025-08-25 11:15:32.344765,2025-08-25 16:12:32.344765,2025-08-25 16:24:32.344765
case_59,Create Request for Quotation Requester,Tesca Lobes,2025-08-25 16:14:32.344765,2025-08-25 17:06:32.344765,2025-08-25 17:15:32.344765
case_7,Pay invoice,Karalda Nimwada,2025-08-25 13:21:32.344765,2025-08-25 17:12:32.344765,2025-08-25 17:16:32.344765
case_40,Release Purchase Order,Penn Osterwalder,2025-08-25 17:37:32.344765,2025-08-25 17:43:32.344765,2025-08-25 17:43:32.344765
case_49,Create Quotation comparison Map,Karel de Groot,2025-08-25 03:20:32.344765,2025-08-25 18:06:32.344765,2025-08-25 21:59:32.344765
case_62,Create Purchase Requisition,Tesca Lobes,2025-08-25 18:19:32.344765,2025-08-25 18:19:32.344765,2025-08-25 22:39:32.344765
case_63,Create Purchase Requisition,Miu Hanwan,2025-08-25 18:31:32.344765,2025-08-25 18:31:32.344765,2025-08-25 18:43:32.344765
case_60,Amend Request for Quotation Requester,Nico Ojenbeer,2025-08-25 16:24:32.344765,2025-08-25 18:46:32.344765,2025-08-25 18:59:32.344765
case_61,Analyze Request for Quotation,Karel de Groot,2025-08-25 08:52:32.344765,2025-08-25 18:46:32.344765,2025-08-25 19:19:32.344765
case_33,Approve Purchase Order for payment,Magdalena Predutta,2025-08-25 14:08:32.344765,2025-08-25 20:39:32.344765,2025-08-25 20:39:32.344765
case_63,Analyze Purchase Requisition,Maris Freeman,2025-08-25 18:43:32.344765,2025-08-25 21:36:32.344765,2025-08-25 21:41:32.344765
case_36,Confirm Purchase Order,Karen Clarens,2025-08-25 10:00:32.344765,2025-08-25 21:45:32.344765,2025-08-25 22:06:32.344765
case_63,Create Request for Quotation Requester,Esmana Liubiata,2025-08-25 21:41:32.344765,2025-08-25 22:02:32.344765,2025-08-25 22:14:32.344765
case_60,Analyze Request for Quotation,Magdalena Predutta,2025-08-25 18:59:32.344765,2025-08-25 22:25:32.344765,2025-08-25 22:53:32.344765
case_45,Send Request for Quotation to Supplier,Karel de Groot,2025-08-25 13:09:32.344765,2025-08-25 22:32:32.344765,2025-08-25 22:56:32.344765
case_36,Deliver Goods Services,Carmen Finacse,2025-08-25 22:06:32.344765,2025-08-26 00:02:32.344765,2025-08-27 12:00:32.344765
case_64,Create Purchase Requisition,Fjodor Kowalski,2025-08-26 00:37:32.344765,2025-08-26 00:37:32.344765,2025-08-26 01:05:32.344765
case_35,Deliver Goods Services,Esmeralda Clay,2025-08-23 06:58:32.344765,2025-08-26 00:37:32.344765,2025-08-26 03:37:32.344765
case_65,Create Purchase Requisition,Christian Francois,2025-08-26 01:54:32.344765,2025-08-26 01:54:32.344765,2025-08-26 02:47:32.344765
case_60,Amend Request for Quotation Requester,Immanuel Karagianni,2025-08-25 22:53:32.344765,2025-08-26 02:11:32.344765,2025-08-26 02:15:32.344765
case_65,Create Request for Quotation Requester,Nico Ojenbeer,2025-08-26 02:47:32.344765,2025-08-26 03:14:32.344765,2025-08-26 03:26:32.344765
case_49,Analyze Quotation comparison Map,Penn Osterwalder,2025-08-25 21:59:32.344765,2025-08-26 03:16:32.344765,2025-08-26 03:49:32.344765
case_48,Settle conditions with supplier,Karel de Groot,2025-08-24 17:03:32.344765,2025-08-26 03:38:32.344765,2025-08-26 13:26:32.344765
case_45,Create Quotation comparison Map,Francois de Perrier,2025-08-25 22:56:32.344765,2025-08-26 03:54:32.344765,2025-08-26 07:33:32.344765
case_62,Create Request for Quotation Requester,Immanuel Karagianni,2025-08-25 22:39:32.344765,2025-08-26 04:18:32.344765,2025-08-26 04:20:32.344765
case_35,Release Purchase Order,Immanuel Karagianni,2025-08-26 03:37:32.344765,2025-08-26 04:27:32.344765,2025-08-26 04:27:32.344765
case_60,Analyze Request for Quotation,Francois de Perrier,2025-08-26 02:15:32.344765,2025-08-26 04:35:32.344765,2025-08-26 04:57:32.344765
case_14,Approve Purchase Order for payment,Francois de Perrier,2025-08-22 05:29:32.344765,2025-08-26 04:52:32.344765,2025-08-26 04:52:32.344765
case_49,Choose best option,Penn Osterwalder,2025-08-26 03:49:32.344765,2025-08-26 05:03:32.344765,2025-08-26 05:03:32.344765
case_40,Settle dispute with supplier Purchasing Agent,Karel de Groot,2025-08-25 17:43:32.344765,2025-08-26 05:35:32.344765,2025-08-26 16:54:32.344765
case_66,Create Purchase Requisition,Tesca Lobes,2025-08-26 05:39:32.344765,2025-08-26 05:39:32.344765,2025-08-26 05:48:32.344765
case_64,Analyze Purchase Requisition,Heinz Gutschmidt,2025-08-26 01:05:32.344765,2025-08-26 06:27:32.344765,2025-08-26 06:32:32.344765
case_30,Deliver Goods Services,Esmeralda Clay,2025-08-20 20:24:32.344765,2025-08-26 06:45:32.344765,2025-08-28 05:59:32.344765
case_43,Approve Purchase Order for payment,Karel de Groot,2025-08-24 11:54:32.344765,2025-08-26 06:56:32.344765,2025-08-26 06:56:32.344765
case_35,Approve Purchase Order for payment,Karel de Groot,2025-08-26 04:27:32.344765,2025-08-26 06:58:32.344765,2025-08-26 06:58:32.344765
case_45,Analyze Quotation comparison Map,Anna Kaufmann,2025-08-26 07:33:32.344765,2025-08-26 07:33:32.344765,2025-08-26 07:51:32.344765
case_60,Amend Request for Quotation Requester,Miu Hanwan,2025-08-26 04:57:32.344765,2025-08-26 07:43:32.344765,2025-08-26 07:57:32.344765
case_55,Analyze Request for Quotation,Francois de Perrier,2025-08-24 18:56:32.344765,2025-08-26 08:04:32.344765,2025-08-26 08:52:32.344765
case_11,Send invoice,Kiu Kan,2025-08-21 18:52:32.344765,2025-08-26 08:43:32.344765,2025-08-26 08:43:32.344765
case_45,Choose best option,Clement Duchot,2025-08-26 07:51:32.344765,2025-08-26 09:39:32.344765,2025-08-26 09:39:32.344765
case_60,Analyze Request for Quotation,Magdalena Predutta,2025-08-26 07:57:32.344765,2025-08-26 11:18:32.344765,2025-08-26 11:40:32.344765
case_11,Release Supplier's Invoice,Pedro Alvares,2025-08-26 08:43:32.344765,2025-08-26 13:48:32.344765,2025-08-26 13:52:32.344765
case_67,Create Purchase Requisition,Miu Hanwan,2025-08-26 13:49:32.344765,2025-08-26 13:49:32.344765,2025-08-26 14:53:32.344765
case_60,Send Request for Quotation to Supplier,Magdalena Predutta,2025-08-26 11:40:32.344765,2025-08-26 14:05:32.344765,2025-08-26 14:34:32.344765
case_11,Authorize Supplier's Invoice payment,Karalda Nimwada,2025-08-26 13:52:32.344765,2025-08-26 14:41:32.344765,2025-08-26 14:41:32.344765
case_64,Create Request for Quotation Requester,Alberto Duport,2025-08-26 06:32:32.344765,2025-08-26 14:46:32.344765,2025-08-26 14:51:32.344765
case_57,Analyze Request for Quotation,Karel de Groot,2025-08-24 21:26:32.344765,2025-08-26 15:10:32.344765,2025-08-26 15:38:32.344765
case_62,Analyze Request for Quotation,Francois de Perrier,2025-08-26 04:20:32.344765,2025-08-26 15:26:32.344765,2025-08-26 15:58:32.344765
case_63,Analyze Request for Quotation,Magdalena Predutta,2025-08-25 22:14:32.344765,2025-08-26 16:08:32.344765,2025-08-26 16:27:32.344765
case_50,Create Quotation comparison Map,Karel de Groot,2025-08-23 12:38:32.344765,2025-08-26 16:33:32.344765,2025-08-26 19:54:32.344765
case_66,Analyze Purchase Requisition,Maris Freeman,2025-08-26 05:48:32.344765,2025-08-26 16:48:32.344765,2025-08-26 16:53:32.344765
case_33,Send invoice,Esmeralda Clay,2025-08-25 20:39:32.344765,2025-08-26 16:56:32.344765,2025-08-26 16:56:32.344765
case_40,Release Purchase Order,Kim Passa,2025-08-26 16:54:32.344765,2025-08-26 17:27:32.344765,2025-08-26 17:27:32.344765
case_23,Send invoice,Esmeralda Clay,2025-08-24 01:02:32.344765,2025-08-26 18:11:32.344765,2025-08-26 18:11:32.344765
case_11,Pay invoice,Pedro Alvares,2025-08-26 14:41:32.344765,2025-08-26 18:15:32.344765,2025-08-26 18:25:32.344765
case_48,Create Purchase Order,Karel de Groot,2025-08-26 13:26:32.344765,2025-08-26 18:35:32.344765,2025-08-26 18:41:32.344765
case_49,Settle conditions with supplier,Karel de Groot,2025-08-26 05:03:32.344765,2025-08-26 18:53:32.344765,2025-08-27 02:44:32.344765
case_33,Release Supplier's Invoice,Pedro Alvares,2025-08-26 16:56:32.344765,2025-08-26 19:04:32.344765,2025-08-26 19:08:32.344765
case_23,Release Supplier's Invoice,Pedro Alvares,2025-08-26 18:11:32.344765,2025-08-26 19:04:32.344765,2025-08-26 19:08:32.344765
case_33,Authorize Supplier's Invoice payment,Pedro Alvares,2025-08-26 19:08:32.344765,2025-08-26 19:16:32.344765,2025-08-26 19:16:32.344765
case_63,Amend Request for Quotation Requester,Immanuel Karagianni,2025-08-26 16:27:32.344765,2025-08-26 19:22:32.344765,2025-08-26 19:36:32.344765
case_66,Create Request for Quotation Requester,Kim Passa,2025-08-26 16:53:32.344765,2025-08-26 19:25:32.344765,2025-08-26 19:32:32.344765
case_56,Create Quotation comparison Map,Karel de Groot,2025-08-25 11:26:32.344765,2025-08-26 19:53:32.344765,2025-08-26 22:56:32.344765
case_55,Amend Request for Quotation Requester,Immanuel Karagianni,2025-08-26 08:52:32.344765,2025-08-26 20:03:32.344765,2025-08-26 20:15:32.344765
case_23,Settle dispute with supplier Financial Manager,Karalda Nimwada,2025-08-26 19:08:32.344765,2025-08-26 20:09:32.344765,2025-08-26 20:34:32.344765
case_42,Release Purchase Order,Immanuel Karagianni,2025-08-26 18:51:32.344765,2025-08-26 20:23:32.344765,2025-08-26 20:23:32.344765
case_50,Analyze Quotation comparison Map,Anne Olwada,2025-08-26 19:54:32.344765,2025-08-26 22:30:32.344765,2025-08-26 23:01:32.344765
case_67,Analyze Purchase Requisition,Francis Odell,2025-08-26 14:53:32.344765,2025-08-26 22:36:32.344765,2025-08-26 22:41:32.344765
case_23,Authorize Supplier's Invoice payment,Karalda Nimwada,2025-08-26 20:34:32.344765,2025-08-26 23:22:32.344765,2025-08-26 23:22:32.344765
case_62,Send Request for Quotation to Supplier,Karel de Groot,2025-08-26 15:58:32.344765,2025-08-26 23:32:32.344765,2025-08-26 23:50:32.344765
case_67,Create Request for Quotation Requester,Christian Francois,2025-08-26 22:41:32.344765,2025-08-27 00:18:32.344765,2025-08-27 00:28:32.344765
case_26,Deliver Goods Services,Kiu Kan,2025-08-25 04:46:32.344765,2025-08-27 00:46:32.344765,2025-08-27 04:15:32.344765
case_33,Pay invoice,Pedro Alvares,2025-08-26 19:16:32.344765,2025-08-27 00:52:32.344765,2025-08-27 01:04:32.344765
case_50,Choose best option,Christian Francois,2025-08-26 23:01:32.344765,2025-08-27 01:29:32.344765,2025-08-27 01:29:32.344765
case_66,Analyze Request for Quotation,Francois de Perrier,2025-08-26 19:32:32.344765,2025-08-27 01:30:32.344765,2025-08-27 01:52:32.344765
case_23,Pay invoice,Karalda Nimwada,2025-08-26 23:22:32.344765,2025-08-27 01:51:32.344765,2025-08-27 02:00:32.344765
case_58,Analyze Request for Quotation,Francois de Perrier,2025-08-25 10:42:32.344765,2025-08-27 02:11:32.344765,2025-08-27 02:30:32.344765
case_56,Analyze Quotation comparison Map,Fjodor Kowalski,2025-08-26 22:56:32.344765,2025-08-27 02:48:32.344765,2025-08-27 02:59:32.344765
case_35,Send invoice,Karen Clarens,2025-08-26 06:58:32.344765,2025-08-27 02:51:32.344765,2025-08-27 02:51:32.344765
case_42,Approve Purchase Order for payment,Karel de Groot,2025-08-26 20:23:32.344765,2025-08-27 03:58:32.344765,2025-08-27 03:58:32.344765
case_26,Release Purchase Order,Immanuel Karagianni,2025-08-27 04:15:32.344765,2025-08-27 04:24:32.344765,2025-08-27 04:24:32.344765
case_56,Choose best option,Miu Hanwan,2025-08-27 02:59:32.344765,2025-08-27 04:31:32.344765,2025-08-27 04:31:32.344765
case_35,Release Supplier's Invoice,Karalda Nimwada,2025-08-27 02:51:32.344765,2025-08-27 05:33:32.344765,2025-08-27 05:34:32.344765
case_37,Approve Purchase Order for payment,Francois de Perrier,2025-08-25 16:04:32.344765,2025-08-27 07:18:32.344765,2025-08-27 07:18:32.344765
case_35,Authorize Supplier's Invoice payment,Pedro Alvares,2025-08-27 05:34:32.344765,2025-08-27 08:27:32.344765,2025-08-27 08:27:32.344765
case_40,Approve Purchase Order for payment,Karel de Groot,2025-08-26 17:27:32.344765,2025-08-27 09:02:32.344765,2025-08-27 09:02:32.344765
case_35,Pay invoice,Pedro Alvares,2025-08-27 08:27:32.344765,2025-08-27 09:27:32.344765,2025-08-27 09:37:32.344765
case_40,Send invoice,Kiu Kan,2025-08-27 09:02:32.344765,2025-08-27 10:52:32.344765,2025-08-27 10:52:32.344765
case_40,Release Supplier's Invoice,Karalda Nimwada,2025-08-27 10:52:32.344765,2025-08-27 11:07:32.344765,2025-08-27 11:08:32.344765
case_12,Send invoice,Carmen Finacse,2025-08-25 09:57:32.344765,2025-08-27 11:25:32.344765,2025-08-27 11:25:32.344765
case_12,Release Supplier's Invoice,Pedro Alvares,2025-08-27 11:25:32.344765,2025-08-27 11:31:32.344765,2025-08-27 11:35:32.344765
case_60,Create Quotation comparison Map,Francois de Perrier,2025-08-26 14:34:32.344765,2025-08-27 13:00:32.344765,2025-08-27 17:24:32.344765
case_49,Create Purchase Order,Francois de Perrier,2025-08-27 02:44:32.344765,2025-08-27 13:41:32.344765,2025-08-27 13:53:32.344765
case_43,Send invoice,Karen Clarens,2025-08-26 06:56:32.344765,2025-08-27 13:57:32.344765,2025-08-27 13:57:32.344765
case_36,Release Purchase Order,Tesca Lobes,2025-08-27 12:00:32.344765,2025-08-27 14:01:32.344765,2025-08-27 14:01:32.344765
case_43,Release Supplier's Invoice,Pedro Alvares,2025-08-27 13:57:32.344765,2025-08-27 14:15:32.344765,2025-08-27 14:17:32.344765
case_46,Create Purchase Order,Karel de Groot,2025-08-24 13:02:32.344765,2025-08-27 14:39:32.344765,2025-08-27 14:48:32.344765
case_40,Authorize Supplier's Invoice payment,Pedro Alvares,2025-08-27 11:08:32.344765,2025-08-27 15:12:32.344765,2025-08-27 15:12:32.344765
case_45,Settle conditions with supplier,Karel de Groot,2025-08-26 09:39:32.344765,2025-08-27 15:59:32.344765,2025-08-27 20:06:32.344765
case_40,Pay invoice,Pedro Alvares,2025-08-27 15:12:32.344765,2025-08-27 16:01:32.344765,2025-08-27 16:04:32.344765
case_12,Authorize Supplier's Invoice payment,Pedro Alvares,2025-08-27 11:35:32.344765,2025-08-27 18:13:32.344765,2025-08-27 18:13:32.344765
case_14,Send invoice,Carmen Finacse,2025-08-26 04:52:32.344765,2025-08-27 19:54:32.344765,2025-08-27 19:54:32.344765
case_36,Approve Purchase Order for payment,Magdalena Predutta,2025-08-27 14:01:32.344765,2025-08-27 19:57:32.344765,2025-08-27 19:57:32.344765
case_26,Approve Purchase Order for payment,Francois de Perrier,2025-08-27 04:24:32.344765,2025-08-27 20:40:32.344765,2025-08-27 20:40:32.344765
case_50,Settle conditions with supplier,Magdalena Predutta,2025-08-27 01:29:32.344765,2025-08-27 21:05:32.344765,2025-08-28 00:31:32.344765
case_60,Analyze Quotation comparison Map,Penn Osterwalder,2025-08-27 17:24:32.344765,2025-08-27 22:59:32.344765,2025-08-28 00:30:32.344765
case_14,Release Supplier's Invoice,Pedro Alvares,2025-08-27 19:54:32.344765,2025-08-27 23:32:32.344765,2025-08-27 23:37:32.344765
case_43,Authorize Supplier's Invoice payment,Pedro Alvares,2025-08-27 14:17:32.344765,2025-08-27 23:55:32.344765,2025-08-27 23:55:32.344765
case_14,Settle dispute with supplier Financial Manager,Karalda Nimwada,2025-08-27 23:37:32.344765,2025-08-27 23:55:32.344765,2025-08-28 00:20:32.344765
case_60,Choose best option,Kim Passa,2025-08-28 00:30:32.344765,2025-08-28 01:41:32.344765,2025-08-28 01:41:32.344765
case_60,Settle conditions with supplier,Francois de Perrier,2025-08-28 01:41:32.344765,2025-08-28 02:12:32.344765,2025-08-28 09:11:32.344765
case_43,Pay invoice,Pedro Alvares,2025-08-27 23:55:32.344765,2025-08-28 03:39:32.344765,2025-08-28 03:43:32.344765
case_14,Authorize Supplier's Invoice payment,Pedro Alvares,2025-08-28 00:20:32.344765,2025-08-28 03:40:32.344765,2025-08-28 03:40:32.344765
case_12,Pay invoice,Pedro Alvares,2025-08-27 18:13:32.344765,2025-08-28 03:41:32.344765,2025-08-28 03:46:32.344765
case_64,Analyze Request for Quotation,Magdalena Predutta,2025-08-26 14:51:32.344765,2025-08-28 05:30:32.344765,2025-08-28 05:44:32.344765
case_14,Pay invoice,Pedro Alvares,2025-08-28 03:40:32.344765,2025-08-28 06:24:32.344765,2025-08-28 06:28:32.344765
case_30,Release Purchase Order,Miu Hanwan,2025-08-28 05:59:32.344765,2025-08-28 06:31:32.344765,2025-08-28 06:31:32.344765
case_36,Send invoice,Carmen Finacse,2025-08-27 19:57:32.344765,2025-08-28 07:01:32.344765,2025-08-28 07:01:32.344765
case_49,Confirm Purchase Order,Karen Clarens,2025-08-27 13:53:32.344765,2025-08-28 08:46:32.344765,2025-08-28 08:59:32.344765
case_50,Create Purchase Order,Magdalena Predutta,2025-08-28 00:31:32.344765,2025-08-28 09:19:32.344765,2025-08-28 09:28:32.344765
case_36,Release Supplier's Invoice,Pedro Alvares,2025-08-28 07:01:32.344765,2025-08-28 09:37:32.344765,2025-08-28 09:42:32.344765
case_67,Analyze Request for Quotation,Magdalena Predutta,2025-08-27 00:28:32.344765,2025-08-28 10:48:32.344765,2025-08-28 11:17:32.344765
case_49,Deliver Goods Services,Esmeralda Clay,2025-08-28 08:59:32.344765,2025-08-28 10:58:32.344765,2025-08-30 02:22:32.344765
case_5,Send invoice,Esmeralda Clay,2025-08-25 12:48:32.344765,2025-08-28 11:20:32.344765,2025-08-28 11:20:32.344765
case_36,Authorize Supplier's Invoice payment,Pedro Alvares,2025-08-28 09:42:32.344765,2025-08-28 12:26:32.344765,2025-08-28 12:26:32.344765
case_68,Create Purchase Requisition,Kim Passa,2025-08-28 12:43:32.344765,2025-08-28 12:43:32.344765,2025-08-28 12:54:32.344765
case_69,Create Purchase Requisition,Clement Duchot,2025-08-28 14:45:32.344765,2025-08-28 14:45:32.344765,2025-08-28 16:41:32.344765
case_45,Create Purchase Order,Magdalena Predutta,2025-08-27 20:06:32.344765,2025-08-28 15:34:32.344765,2025-08-28 15:43:32.344765
case_62,Create Quotation comparison Map,Francois de Perrier,2025-08-26 23:50:32.344765,2025-08-28 16:04:32.344765,2025-08-28 17:57:32.344765
case_5,Release Supplier's Invoice,Pedro Alvares,2025-08-28 11:20:32.344765,2025-08-28 16:14:32.344765,2025-08-28 16:18:32.344765
case_68,Create Request for Quotation Requester Manager,Francis Odell,2025-08-28 12:54:32.344765,2025-08-28 17:29:32.344765,2025-08-28 17:30:32.344765
case_36,Pay invoice,Pedro Alvares,2025-08-28 12:26:32.344765,2025-08-28 17:31:32.344765,2025-08-28 17:43:32.344765
case_55,Analyze Request for Quotation,Francois de Perrier,2025-08-26 20:15:32.344765,2025-08-28 17:38:32.344765,2025-08-28 18:00:32.344765
case_69,Create Request for Quotation Requester,Miu Hanwan,2025-08-28 16:41:32.344765,2025-08-28 18:16:32.344765,2025-08-28 18:28:32.344765
case_65,Analyze Request for Quotation,Francois de Perrier,2025-08-26 03:26:32.344765,2025-08-28 18:54:32.344765,2025-08-28 20:22:32.344765
case_5,Authorize Supplier's Invoice payment,Karalda Nimwada,2025-08-28 16:18:32.344765,2025-08-28 20:42:32.344765,2025-08-28 20:42:32.344765
case_70,Create Purchase Requisition,Christian Francois,2025-08-28 21:25:32.344765,2025-08-28 21:25:32.344765,2025-08-28 21:46:32.344765
case_26,Send invoice,Karen Clarens,2025-08-27 20:40:32.344765,2025-08-28 22:44:32.344765,2025-08-28 22:44:32.344765
case_56,Settle conditions with supplier,Francois de Perrier,2025-08-27 04:31:32.344765,2025-08-28 22:52:32.344765,2025-08-29 10:36:32.344765
case_26,Release Supplier's Invoice,Pedro Alvares,2025-08-28 22:44:32.344765,2025-08-29 00:28:32.344765,2025-08-29 00:29:32.344765
case_70,Analyze Purchase Requisition,Heinz Gutschmidt,2025-08-28 21:46:32.344765,2025-08-29 00:30:32.344765,2025-08-29 00:38:32.344765
case_70,Create Request for Quotation Requester Manager,Maris Freeman,2025-08-29 00:38:32.344765,2025-08-29 01:00:32.344765,2025-08-29 02:01:32.344765
case_71,Create Purchase Requisition,Alberto Duport,2025-08-29 01:48:32.344765,2025-08-29 01:48:32.344765,2025-08-29 02:38:32.344765
case_65,Amend Request for Quotation Requester,Esmana Liubiata,2025-08-28 20:22:32.344765,2025-08-29 01:51:32.344765,2025-08-29 01:57:32.344765
case_62,Analyze Quotation comparison Map,Anne Olwada,2025-08-28 17:57:32.344765,2025-08-29 01:55:32.344765,2025-08-29 03:22:32.344765
case_59,Analyze Request for Quotation,Francois de Perrier,2025-08-25 17:15:32.344765,2025-08-29 01:56:32.344765,2025-08-29 02:15:32.344765
case_26,Settle dispute with supplier Financial Manager,Pedro Alvares,2025-08-29 00:29:32.344765,2025-08-29 02:04:32.344765,2025-08-29 02:23:32.344765
case_58,Send Request for Quotation to Supplier,Francois de Perrier,2025-08-27 02:30:32.344765,2025-08-29 02:44:32.344765,2025-08-29 02:45:32.344765
case_72,Create Purchase Requisition,Immanuel Karagianni,2025-08-29 02:45:32.344765,2025-08-29 02:45:32.344765,2025-08-29 03:31:32.344765
case_5,Pay invoice,Karalda Nimwada,2025-08-28 20:42:32.344765,2025-08-29 02:50:32.344765,2025-08-29 03:01:32.344765
case_26,Authorize Supplier's Invoice payment,Pedro Alvares,2025-08-29 02:23:32.344765,2025-08-29 03:08:32.344765,2025-08-29 03:08:32.344765
case_30,Approve Purchase Order for payment,Francois de Perrier,2025-08-28 06:31:32.344765,2025-08-29 04:06:32.344765,2025-08-29 04:06:32.344765
case_26,Pay invoice,Pedro Alvares,2025-08-29 03:08:32.344765,2025-08-29 05:02:32.344765,2025-08-29 05:09:32.344765
case_73,Create Purchase Requisition,Fjodor Kowalski,2025-08-29 05:36:32.344765,2025-08-29 05:36:32.344765,2025-08-29 07:29:32.344765
case_59,Amend Request for Quotation Requester,Esmana Liubiata,2025-08-29 02:15:32.344765,2025-08-29 05:47:32.344765,2025-08-29 05:56:32.344765
case_62,Choose best option,Miu Hanwan,2025-08-29 03:22:32.344765,2025-08-29 06:39:32.344765,2025-08-29 06:39:32.344765
case_58,Create Quotation comparison Map,Magdalena Predutta,2025-08-29 02:45:32.344765,2025-08-29 10:22:32.344765,2025-08-29 14:28:32.344765
case_56,Create Purchase Order,Magdalena Predutta,2025-08-29 10:36:32.344765,2025-08-29 10:41:32.344765,2025-08-29 10:51:32.344765
case_37,Send invoice,Sean Manney,2025-08-27 07:18:32.344765,2025-08-29 11:46:32.344765,2025-08-29 11:46:32.344765
case_60,Create Purchase Order,Karel de Groot,2025-08-28 09:11:32.344765,2025-08-29 12:06:32.344765,2025-08-29 12:13:32.344765
case_74,Create Purchase Requisition,Anne Olwada,2025-08-29 12:30:32.344765,2025-08-29 12:30:32.344765,2025-08-29 14:35:32.344765
case_59,Analyze Request for Quotation,Magdalena Predutta,2025-08-29 05:56:32.344765,2025-08-29 12:40:32.344765,2025-08-29 13:24:32.344765
case_71,Analyze Purchase Requisition,Heinz Gutschmidt,2025-08-29 02:38:32.344765,2025-08-29 12:46:32.344765,2025-08-29 12:54:32.344765
case_72,Create Request for Quotation Requester Manager,Maris Freeman,2025-08-29 03:31:32.344765,2025-08-29 13:10:32.344765,2025-08-29 13:12:32.344765
case_73,Analyze Purchase Requisition,Heinz Gutschmidt,2025-08-29 07:29:32.344765,2025-08-29 13:32:32.344765,2025-08-29 13:35:32.344765
case_54,Analyze Request for Quotation,Francois de Perrier,2025-08-23 15:44:32.344765,2025-08-29 13:47:32.344765,2025-08-29 15:03:32.344765
case_62,Settle conditions with supplier,Karel de Groot,2025-08-29 06:39:32.344765,2025-08-29 13:48:32.344765,2025-08-29 20:32:32.344765
case_59,Amend Request for Quotation Requester,Alberto Duport,2025-08-29 13:24:32.344765,2025-08-29 14:01:32.344765,2025-08-29 14:14:32.344765
case_69,Analyze Request for Quotation,Magdalena Predutta,2025-08-28 18:28:32.344765,2025-08-29 14:28:32.344765,2025-08-29 14:48:32.344765
case_71,Create Request for Quotation Requester Manager,Maris Freeman,2025-08-29 12:54:32.344765,2025-08-29 14:32:32.344765,2025-08-29 14:34:32.344765
case_58,Analyze Quotation comparison Map,Fjodor Kowalski,2025-08-29 14:28:32.344765,2025-08-29 17:35:32.344765,2025-08-29 23:13:32.344765
case_54,Amend Request for Quotation Requester,Anne Olwada,2025-08-29 15:03:32.344765,2025-08-29 17:39:32.344765,2025-08-29 17:44:32.344765
case_59,Analyze Request for Quotation,Magdalena Predutta,2025-08-29 14:14:32.344765,2025-08-29 18:50:32.344765,2025-08-29 19:08:32.344765
case_75,Create Purchase Requisition,Elvira Lores,2025-08-29 19:57:32.344765,2025-08-29 19:57:32.344765,2025-08-29 22:35:32.344765
case_72,Analyze Request for Quotation,Karel de Groot,2025-08-29 13:12:32.344765,2025-08-29 20:25:32.344765,2025-08-29 20:47:32.344765
case_37,Release Supplier's Invoice,Karalda Nimwada,2025-08-29 11:46:32.344765,2025-08-29 21:39:32.344765,2025-08-29 21:41:32.344765
case_71,Analyze Request for Quotation,Karel de Groot,2025-08-29 14:34:32.344765,2025-08-29 21:44:32.344765,2025-08-29 22:00:32.344765
case_62,Create Purchase Order,Francois de Perrier,2025-08-29 20:32:32.344765,2025-08-29 21:50:32.344765,2025-08-29 21:59:32.344765
case_74,Create Request for Quotation Requester Manager,Heinz Gutschmidt,2025-08-29 14:35:32.344765,2025-08-29 22:24:32.344765,2025-08-29 22:27:32.344765
case_73,Create Request for Quotation Requester Manager,Francis Odell,2025-08-29 13:35:32.344765,2025-08-29 23:13:32.344765,2025-08-29 23:14:32.344765
case_37,Authorize Supplier's Invoice payment,Karalda Nimwada,2025-08-29 21:41:32.344765,2025-08-29 23:31:32.344765,2025-08-29 23:31:32.344765
case_59,Amend Request for Quotation Requester,Clement Duchot,2025-08-29 19:08:32.344765,2025-08-29 23:52:32.344765,2025-08-30 00:08:32.344765
case_42,Send invoice,Kiu Kan,2025-08-27 03:58:32.344765,2025-08-30 01:07:32.344765,2025-08-30 01:07:32.344765
case_37,Pay invoice,Pedro Alvares,2025-08-29 23:31:32.344765,2025-08-30 01:12:32.344765,2025-08-30 01:19:32.344765
case_42,Release Supplier's Invoice,Pedro Alvares,2025-08-30 01:07:32.344765,2025-08-30 01:14:32.344765,2025-08-30 01:17:32.344765
case_58,Choose best option,Nico Ojenbeer,2025-08-29 23:13:32.344765,2025-08-30 01:15:32.344765,2025-08-30 01:15:32.344765
case_42,Authorize Supplier's Invoice payment,Pedro Alvares,2025-08-30 01:17:32.344765,2025-08-30 01:25:32.344765,2025-08-30 01:25:32.344765
case_71,Amend Request for Quotation Requester,Nico Ojenbeer,2025-08-29 22:00:32.344765,2025-08-30 01:42:32.344765,2025-08-30 01:53:32.344765
case_58,Settle conditions with supplier,Karel de Groot,2025-08-30 01:15:32.344765,2025-08-30 01:48:32.344765,2025-08-30 15:40:32.344765
case_75,Create Request for Quotation Requester Manager,Maris Freeman,2025-08-29 22:35:32.344765,2025-08-30 03:08:32.344765,2025-08-30 03:09:32.344765
case_76,Create Purchase Requisition,Elvira Lores,2025-08-30 03:20:32.344765,2025-08-30 03:20:32.344765,2025-08-30 03:24:32.344765
case_54,Analyze Request for Quotation,Francois de Perrier,2025-08-29 17:44:32.344765,2025-08-30 03:31:32.344765,2025-08-30 03:50:32.344765
case_65,Analyze Request for Quotation,Francois de Perrier,2025-08-29 01:57:32.344765,2025-08-30 03:35:32.344765,2025-08-30 04:19:32.344765
case_49,Release Purchase Order,Clement Duchot,2025-08-30 02:22:32.344765,2025-08-30 03:48:32.344765,2025-08-30 03:48:32.344765
case_73,Analyze Request for Quotation,Magdalena Predutta,2025-08-29 23:14:32.344765,2025-08-30 03:53:32.344765,2025-08-30 04:12:32.344765
case_50,Confirm Purchase Order,Kiu Kan,2025-08-28 09:28:32.344765,2025-08-30 06:38:32.344765,2025-08-30 07:01:32.344765
case_71,Analyze Request for Quotation,Magdalena Predutta,2025-08-30 01:53:32.344765,2025-08-30 06:53:32.344765,2025-08-30 07:09:32.344765
case_59,Analyze Request for Quotation,Francois de Perrier,2025-08-30 00:08:32.344765,2025-08-30 07:29:32.344765,2025-08-30 07:42:32.344765
case_71,Amend Request for Quotation Requester,Anne Olwada,2025-08-30 07:09:32.344765,2025-08-30 07:40:32.344765,2025-08-30 07:46:32.344765
case_49,Approve Purchase Order for payment,Magdalena Predutta,2025-08-30 03:48:32.344765,2025-08-30 07:45:32.344765,2025-08-30 07:45:32.344765
case_42,Pay invoice,Karalda Nimwada,2025-08-30 01:25:32.344765,2025-08-30 08:21:32.344765,2025-08-30 08:31:32.344765
case_75,Analyze Request for Quotation,Magdalena Predutta,2025-08-30 03:09:32.344765,2025-08-30 08:28:32.344765,2025-08-30 08:48:32.344765
case_62,Confirm Purchase Order,Karen Clarens,2025-08-29 21:59:32.344765,2025-08-30 10:18:32.344765,2025-08-30 10:43:32.344765
case_71,Analyze Request for Quotation,Magdalena Predutta,2025-08-30 07:46:32.344765,2025-08-30 11:05:32.344765,2025-08-30 11:24:32.344765
case_59,Amend Request for Quotation Requester,Christian Francois,2025-08-30 07:42:32.344765,2025-08-30 11:10:32.344765,2025-08-30 11:19:32.344765
case_74,Analyze Request for Quotation,Karel de Groot,2025-08-29 22:27:32.344765,2025-08-30 11:19:32.344765,2025-08-30 11:40:32.344765
case_75,Amend Request for Quotation Requester,Immanuel Karagianni,2025-08-30 08:48:32.344765,2025-08-30 11:52:32.344765,2025-08-30 14:02:32.344765
case_76,Create Request for Quotation Requester Manager,Heinz Gutschmidt,2025-08-30 03:24:32.344765,2025-08-30 11:59:32.344765,2025-08-30 12:01:32.344765
case_54,Amend Request for Quotation Requester,Miu Hanwan,2025-08-30 03:50:32.344765,2025-08-30 12:20:32.344765,2025-08-30 12:21:32.344765
case_59,Analyze Request for Quotation,Francois de Perrier,2025-08-30 11:19:32.344765,2025-08-30 12:47:32.344765,2025-08-30 13:05:32.344765
case_71,Amend Request for Quotation Requester,Penn Osterwalder,2025-08-30 11:24:32.344765,2025-08-30 13:50:32.344765,2025-08-30 14:02:32.344765
case_74,Amend Request for Quotation Requester,Miu Hanwan,2025-08-30 11:40:32.344765,2025-08-30 14:48:32.344765,2025-08-30 14:50:32.344765
case_59,Amend Request for Quotation Requester,Kim Passa,2025-08-30 13:05:32.344765,2025-08-30 16:22:32.344765,2025-08-30 16:34:32.344765
case_74,Analyze Request for Quotation,Magdalena Predutta,2025-08-30 14:50:32.344765,2025-08-31 00:37:32.344765,2025-08-31 00:53:32.344765
case_74,Send Request for Quotation to Supplier,Magdalena Predutta,2025-08-31 00:53:32.344765,2025-08-31 03:17:32.344765,2025-08-31 03:32:32.344765
case_73,Send Request for Quotation to Supplier,Karel de Groot,2025-08-30 04:12:32.344765,2025-08-31 05:38:32.344765,2025-08-31 05:50:32.344765
case_77,Create Purchase Requisition,Anna Kaufmann,2025-08-31 11:05:32.344765,2025-08-31 11:05:32.344765,2025-08-31 11:26:32.344765
case_50,Deliver Goods Services,Karen Clarens,2025-08-30 07:01:32.344765,2025-08-31 11:17:32.344765,2025-09-02 07:13:32.344765
case_48,Confirm Purchase Order,Carmen Finacse,2025-08-26 18:41:32.344765,2025-08-31 13:23:32.344765,2025-08-31 13:42:32.344765
case_54,Analyze Request for Quotation,Magdalena Predutta,2025-08-30 12:21:32.344765,2025-08-31 15:02:32.344765,2025-08-31 15:30:32.344765
case_54,Amend Request for Quotation Requester,Immanuel Karagianni,2025-08-31 15:30:32.344765,2025-08-31 15:35:32.344765,2025-08-31 15:46:32.344765
case_73,Create Quotation comparison Map,Magdalena Predutta,2025-08-31 05:50:32.344765,2025-08-31 15:40:32.344765,2025-08-31 21:01:32.344765
case_59,Analyze Request for Quotation,Magdalena Predutta,2025-08-30 16:34:32.344765,2025-08-31 15:59:32.344765,2025-08-31 17:39:32.344765
case_46,Confirm Purchase Order,Kiu Kan,2025-08-27 14:48:32.344765,2025-08-31 16:29:32.344765,2025-08-31 16:46:32.344765
case_63,Analyze Request for Quotation,Francois de Perrier,2025-08-26 19:36:32.344765,2025-08-31 17:04:32.344765,2025-08-31 17:39:32.344765
case_46,Deliver Goods Services,Carmen Finacse,2025-08-31 16:46:32.344765,2025-08-31 19:25:32.344765,2025-09-01 15:41:32.344765
case_58,Create Purchase Order,Karel de Groot,2025-08-30 15:40:32.344765,2025-08-31 21:34:32.344765,2025-08-31 21:40:32.344765
case_78,Create Purchase Requisition,Anna Kaufmann,2025-08-31 22:13:32.344765,2025-08-31 22:13:32.344765,2025-08-31 22:26:32.344765
case_68,Analyze Request for Quotation,Karel de Groot,2025-08-28 17:30:32.344765,2025-08-31 22:25:32.344765,2025-08-31 22:50:32.344765
case_78,Create Request for Quotation Requester,Miu Hanwan,2025-08-31 22:26:32.344765,2025-08-31 23:11:32.344765,2025-08-31 23:23:32.344765
case_73,Analyze Quotation comparison Map,Penn Osterwalder,2025-08-31 21:01:32.344765,2025-08-31 23:57:32.344765,2025-09-01 00:20:32.344765
case_73,Choose best option,Esmana Liubiata,2025-09-01 00:20:32.344765,2025-09-01 00:53:32.344765,2025-09-01 00:53:32.344765
case_60,Confirm Purchase Order,Esmeralda Clay,2025-08-29 12:13:32.344765,2025-09-01 00:57:32.344765,2025-09-01 04:19:32.344765
case_54,Analyze Request for Quotation,Karel de Groot,2025-08-31 15:46:32.344765,2025-09-01 01:40:32.344765,2025-09-01 01:56:32.344765
case_68,Amend Request for Quotation Requester,Nico Ojenbeer,2025-08-31 22:50:32.344765,2025-09-01 02:59:32.344765,2025-09-01 03:13:32.344765
case_45,Confirm Purchase Order,Kiu Kan,2025-08-28 15:43:32.344765,2025-09-01 03:18:32.344765,2025-09-01 03:38:32.344765
case_54,Amend Request for Quotation Requester,Christian Francois,2025-09-01 01:56:32.344765,2025-09-01 04:01:32.344765,2025-09-01 04:10:32.344765
case_48,Deliver Goods Services,Kiu Kan,2025-08-31 13:42:32.344765,2025-09-01 04:12:32.344765,2025-09-01 06:07:32.344765
case_77,Analyze Purchase Requisition,Maris Freeman,2025-08-31 11:26:32.344765,2025-09-01 05:00:32.344765,2025-09-01 05:07:32.344765
case_77,Create Request for Quotation Requester,Christian Francois,2025-09-01 05:07:32.344765,2025-09-01 05:48:32.344765,2025-09-01 05:59:32.344765
case_74,Create Quotation comparison Map,Magdalena Predutta,2025-08-31 03:32:32.344765,2025-09-01 06:22:32.344765,2025-09-01 09:28:32.344765
case_75,Analyze Request for Quotation,Magdalena Predutta,2025-08-30 14:02:32.344765,2025-09-01 08:00:32.344765,2025-09-01 08:26:32.344765
case_48,Release Purchase Order,Christian Francois,2025-09-01 06:07:32.344765,2025-09-01 09:15:32.344765,2025-09-01 09:15:32.344765
case_60,Deliver Goods Services,Carmen Finacse,2025-09-01 04:19:32.344765,2025-09-01 09:47:32.344765,2025-09-02 00:26:32.344765
case_75,Amend Request for Quotation Requester,Christian Francois,2025-09-01 08:26:32.344765,2025-09-01 10:05:32.344765,2025-09-01 10:14:32.344765
case_79,Create Purchase Requisition,Penn Osterwalder,2025-09-01 10:29:32.344765,2025-09-01 10:29:32.344765,2025-09-01 11:51:32.344765
case_68,Analyze Request for Quotation,Francois de Perrier,2025-09-01 03:13:32.344765,2025-09-01 11:23:32.344765,2025-09-01 11:57:32.344765
case_70,Analyze Request for Quotation,Francois de Perrier,2025-08-29 02:01:32.344765,2025-09-01 11:42:32.344765,2025-09-01 12:26:32.344765
case_58,Confirm Purchase Order,Sean Manney,2025-08-31 21:40:32.344765,2025-09-01 13:16:32.344765,2025-09-01 13:40:32.344765
case_74,Analyze Quotation comparison Map,Alberto Duport,2025-09-01 09:28:32.344765,2025-09-01 14:02:32.344765,2025-09-01 14:14:32.344765
case_74,Choose best option,Esmana Liubiata,2025-09-01 14:14:32.344765,2025-09-01 14:16:32.344765,2025-09-01 14:16:32.344765
case_68,Amend Request for Quotation Requester,Alberto Duport,2025-09-01 11:57:32.344765,2025-09-01 14:36:32.344765,2025-09-01 14:47:32.344765
case_46,Release Purchase Order,Anna Kaufmann,2025-09-01 15:41:32.344765,2025-09-01 15:41:32.344765,2025-09-01 15:41:32.344765
case_70,Amend Request for Quotation Requester,Clement Duchot,2025-09-01 12:26:32.344765,2025-09-01 16:25:32.344765,2025-09-01 16:33:32.344765
case_62,Deliver Goods Services,Carmen Finacse,2025-08-30 10:43:32.344765,2025-09-01 17:54:32.344765,2025-09-03 13:19:32.344765
case_68,Analyze Request for Quotation,Karel de Groot,2025-09-01 14:47:32.344765,2025-09-01 17:55:32.344765,2025-09-01 18:14:32.344765
case_68,Amend Request for Quotation Requester,Miu Hanwan,2025-09-01 18:14:32.344765,2025-09-01 18:42:32.344765,2025-09-01 18:49:32.344765
case_45,Deliver Goods Services,Kiu Kan,2025-09-01 03:38:32.344765,2025-09-01 22:40:32.344765,2025-09-02 10:22:32.344765
case_80,Create Purchase Requisition,Miu Hanwan,2025-09-01 23:29:32.344765,2025-09-01 23:29:32.344765,2025-09-01 23:30:32.344765
case_76,Analyze Request for Quotation,Francois de Perrier,2025-08-30 12:01:32.344765,2025-09-01 23:40:32.344765,2025-09-02 00:02:32.344765
case_80,Create Request for Quotation Requester,Miu Hanwan,2025-09-01 23:30:32.344765,2025-09-02 00:03:32.344765,2025-09-02 00:07:32.344765
case_60,Release Purchase Order,Anna Kaufmann,2025-09-02 00:26:32.344765,2025-09-02 00:26:32.344765,2025-09-02 00:26:32.344765
case_81,Create Purchase Requisition,Esmana Liubiata,2025-09-02 02:14:32.344765,2025-09-02 02:14:32.344765,2025-09-02 02:35:32.344765
case_81,Create Request for Quotation Requester,Penn Osterwalder,2025-09-02 02:35:32.344765,2025-09-02 03:05:32.344765,2025-09-02 03:13:32.344765
case_68,Analyze Request for Quotation,Francois de Perrier,2025-09-01 18:49:32.344765,2025-09-02 05:36:32.344765,2025-09-02 06:00:32.344765
case_49,Send invoice,Karen Clarens,2025-08-30 07:45:32.344765,2025-09-02 05:42:32.344765,2025-09-02 05:42:32.344765
case_49,Release Supplier's Invoice,Pedro Alvares,2025-09-02 05:42:32.344765,2025-09-02 06:11:32.344765,2025-09-02 06:16:32.344765
case_80,Analyze Request for Quotation,Magdalena Predutta,2025-09-02 00:07:32.344765,2025-09-02 06:26:32.344765,2025-09-02 06:54:32.344765
case_49,Authorize Supplier's Invoice payment,Karalda Nimwada,2025-09-02 06:16:32.344765,2025-09-02 08:38:32.344765,2025-09-02 08:38:32.344765
case_79,Analyze Purchase Requisition,Francis Odell,2025-09-01 11:51:32.344765,2025-09-02 08:49:32.344765,2025-09-02 08:55:32.344765
case_81,Analyze Request for Quotation,Magdalena Predutta,2025-09-02 03:13:32.344765,2025-09-02 09:32:32.344765,2025-09-02 09:56:32.344765
case_82,Create Purchase Requisition,Christian Francois,2025-09-02 09:52:32.344765,2025-09-02 09:52:32.344765,2025-09-02 10:41:32.344765
case_50,Release Purchase Order,Nico Ojenbeer,2025-09-02 07:13:32.344765,2025-09-02 10:00:32.344765,2025-09-02 10:00:32.344765
case_79,Create Request for Quotation Requester,Christian Francois,2025-09-02 08:55:32.344765,2025-09-02 10:19:32.344765,2025-09-02 10:31:32.344765
case_73,Settle conditions with supplier,Francois de Perrier,2025-09-01 00:53:32.344765,2025-09-02 10:22:32.344765,2025-09-02 22:04:32.344765
case_80,Amend Request for Quotation Requester,Anne Olwada,2025-09-02 06:54:32.344765,2025-09-02 10:40:32.344765,2025-09-02 10:49:32.344765
case_77,Analyze Request for Quotation,Karel de Groot,2025-09-01 05:59:32.344765,2025-09-02 10:53:32.344765,2025-09-02 11:19:32.344765
case_82,Analyze Purchase Requisition,Maris Freeman,2025-09-02 10:41:32.344765,2025-09-02 11:31:32.344765,2025-09-02 11:39:32.344765
case_82,Create Request for Quotation Requester Manager,Francis Odell,2025-09-02 11:39:32.344765,2025-09-02 12:22:32.344765,2025-09-02 12:25:32.344765
case_45,Release Purchase Order,Kim Passa,2025-09-02 10:22:32.344765,2025-09-02 12:26:32.344765,2025-09-02 12:26:32.344765
case_49,Pay invoice,Karalda Nimwada,2025-09-02 08:38:32.344765,2025-09-02 12:37:32.344765,2025-09-02 12:37:32.344765
case_46,Approve Purchase Order for payment,Magdalena Predutta,2025-09-01 15:41:32.344765,2025-09-02 13:58:32.344765,2025-09-02 13:58:32.344765
case_80,Analyze Request for Quotation,Francois de Perrier,2025-09-02 10:49:32.344765,2025-09-02 15:14:32.344765,2025-09-02 15:47:32.344765
case_76,Send Request for Quotation to Supplier,Francois de Perrier,2025-09-02 00:02:32.344765,2025-09-02 15:24:32.344765,2025-09-02 15:42:32.344765
case_71,Analyze Request for Quotation,Francois de Perrier,2025-08-30 14:02:32.344765,2025-09-02 15:52:32.344765,2025-09-02 16:24:32.344765
case_77,Amend Request for Quotation Requester,Nico Ojenbeer,2025-09-02 11:19:32.344765,2025-09-02 16:06:32.344765,2025-09-02 16:17:32.344765
case_50,Approve Purchase Order for payment,Magdalena Predutta,2025-09-02 10:00:32.344765,2025-09-02 16:34:32.344765,2025-09-02 16:34:32.344765
case_70,Analyze Request for Quotation,Magdalena Predutta,2025-09-01 16:33:32.344765,2025-09-02 16:58:32.344765,2025-09-02 17:26:32.344765
case_79,Analyze Request for Quotation,Magdalena Predutta,2025-09-02 10:31:32.344765,2025-09-02 17:19:32.344765,2025-09-02 17:24:32.344765
case_80,Amend Request for Quotation Requester,Elvira Lores,2025-09-02 15:47:32.344765,2025-09-02 17:54:32.344765,2025-09-02 18:11:32.344765
case_30,Send invoice,Carmen Finacse,2025-08-29 04:06:32.344765,2025-09-02 18:55:32.344765,2025-09-02 18:55:32.344765
case_30,Release Supplier's Invoice,Pedro Alvares,2025-09-02 18:55:32.344765,2025-09-02 19:03:32.344765,2025-09-02 19:08:32.344765
case_79,Amend Request for Quotation Requester,Penn Osterwalder,2025-09-02 17:24:32.344765,2025-09-02 21:00:32.344765,2025-09-02 21:10:32.344765
case_78,Analyze Request for Quotation,Karel de Groot,2025-08-31 23:23:32.344765,2025-09-02 22:54:32.344765,2025-09-02 23:24:32.344765
case_45,Approve Purchase Order for payment,Magdalena Predutta,2025-09-02 12:26:32.344765,2025-09-02 23:11:32.344765,2025-09-02 23:11:32.344765
case_30,Settle dispute with supplier Financial Manager,Karalda Nimwada,2025-09-02 19:08:32.344765,2025-09-02 23:15:32.344765,2025-09-02 23:36:32.344765
case_78,Amend Request for Quotation Requester,Elvira Lores,2025-09-02 23:24:32.344765,2025-09-02 23:40:32.344765,2025-09-02 23:52:32.344765
case_71,Amend Request for Quotation Requester,Miu Hanwan,2025-09-02 16:24:32.344765,2025-09-03 00:29:32.344765,2025-09-03 00:36:32.344765
case_63,Send Request for Quotation to Supplier,Magdalena Predutta,2025-08-31 17:39:32.344765,2025-09-03 00:54:32.344765,2025-09-03 01:17:32.344765
case_78,Analyze Request for Quotation,Francois de Perrier,2025-09-02 23:52:32.344765,2025-09-03 01:23:32.344765,2025-09-03 01:30:32.344765
case_63,Create Quotation comparison Map,Magdalena Predutta,2025-09-03 01:17:32.344765,2025-09-03 01:45:32.344765,2025-09-03 03:38:32.344765
case_78,Amend Request for Quotation Requester,Immanuel Karagianni,2025-09-03 01:30:32.344765,2025-09-03 02:00:32.344765,2025-09-03 02:07:32.344765
case_77,Analyze Request for Quotation,Magdalena Predutta,2025-09-02 16:17:32.344765,2025-09-03 02:16:32.344765,2025-09-03 02:37:32.344765
case_83,Create Purchase Requisition,Immanuel Karagianni,2025-09-03 03:07:32.344765,2025-09-03 03:07:32.344765,2025-09-03 04:25:32.344765
case_63,Analyze Quotation comparison Map,Miu Hanwan,2025-09-03 03:38:32.344765,2025-09-03 04:29:32.344765,2025-09-03 04:44:32.344765
case_63,Choose best option,Anna Kaufmann,2025-09-03 04:44:32.344765,2025-09-03 04:44:32.344765,2025-09-03 04:44:32.344765
case_83,Analyze Purchase Requisition,Maris Freeman,2025-09-03 04:25:32.344765,2025-09-03 06:34:32.344765,2025-09-03 06:38:32.344765
case_78,Analyze Request for Quotation,Karel de Groot,2025-09-03 02:07:32.344765,2025-09-03 07:08:32.344765,2025-09-03 07:41:32.344765
case_74,Settle conditions with supplier,Magdalena Predutta,2025-09-01 14:16:32.344765,2025-09-03 07:35:32.344765,2025-09-03 11:23:32.344765
case_73,Create Purchase Order,Magdalena Predutta,2025-09-02 22:04:32.344765,2025-09-03 07:45:32.344765,2025-09-03 07:53:32.344765
case_77,Amend Request for Quotation Requester,Penn Osterwalder,2025-09-03 02:37:32.344765,2025-09-03 08:04:32.344765,2025-09-03 08:12:32.344765
case_56,Confirm Purchase Order,Sean Manney,2025-08-29 10:51:32.344765,2025-09-03 08:12:32.344765,2025-09-03 08:36:32.344765
case_30,Authorize Supplier's Invoice payment,Karalda Nimwada,2025-09-02 23:36:32.344765,2025-09-03 08:42:32.344765,2025-09-03 08:42:32.344765
case_30,Pay invoice,Pedro Alvares,2025-09-03 08:42:32.344765,2025-09-03 09:41:32.344765,2025-09-03 09:51:32.344765
case_79,Analyze Request for Quotation,Magdalena Predutta,2025-09-02 21:10:32.344765,2025-09-03 10:11:32.344765,2025-09-03 10:31:32.344765
case_78,Send Request for Quotation to Supplier,Magdalena Predutta,2025-09-03 07:41:32.344765,2025-09-03 10:56:32.344765,2025-09-03 11:21:32.344765
case_50,Send invoice,Karen Clarens,2025-09-02 16:34:32.344765,2025-09-03 12:03:32.344765,2025-09-03 12:03:32.344765
case_83,Create Request for Quotation Requester Manager,Maris Freeman,2025-09-03 06:38:32.344765,2025-09-03 12:19:32.344765,2025-09-03 12:22:32.344765
case_76,Create Quotation comparison Map,Francois de Perrier,2025-09-02 15:42:32.344765,2025-09-03 13:19:32.344765,2025-09-03 17:04:32.344765
case_75,Analyze Request for Quotation,Magdalena Predutta,2025-09-01 10:14:32.344765,2025-09-03 16:11:32.344765,2025-09-03 16:35:32.344765
case_50,Release Supplier's Invoice,Karalda Nimwada,2025-09-03 12:03:32.344765,2025-09-03 17:49:32.344765,2025-09-03 17:53:32.344765
case_75,Amend Request for Quotation Requester,Elvira Lores,2025-09-03 16:35:32.344765,2025-09-03 17:52:32.344765,2025-09-03 19:05:32.344765
case_50,Authorize Supplier's Invoice payment,Karalda Nimwada,2025-09-03 17:53:32.344765,2025-09-03 18:00:32.344765,2025-09-03 18:00:32.344765
case_48,Approve Purchase Order for payment,Francois de Perrier,2025-09-01 09:15:32.344765,2025-09-03 18:11:32.344765,2025-09-03 18:11:32.344765
case_76,Analyze Quotation comparison Map,Miu Hanwan,2025-09-03 17:04:32.344765,2025-09-03 18:43:32.344765,2025-09-03 20:08:32.344765
case_76,Choose best option,Nico Ojenbeer,2025-09-03 20:08:32.344765,2025-09-03 20:09:32.344765,2025-09-03 20:09:32.344765
case_79,Send Request for Quotation to Supplier,Magdalena Predutta,2025-09-03 10:31:32.344765,2025-09-03 20:44:32.344765,2025-09-03 21:02:32.344765
case_60,Approve Purchase Order for payment,Francois de Perrier,2025-09-02 00:26:32.344765,2025-09-03 21:00:32.344765,2025-09-03 21:00:32.344765
case_74,Create Purchase Order,Magdalena Predutta,2025-09-03 11:23:32.344765,2025-09-03 22:11:32.344765,2025-09-03 22:18:32.344765
case_62,Release Purchase Order,Kim Passa,2025-09-03 13:19:32.344765,2025-09-03 23:37:32.344765,2025-09-03 23:37:32.344765
case_84,Create Purchase Requisition,Alberto Duport,2025-09-04 02:17:32.344765,2025-09-04 02:17:32.344765,2025-09-04 03:42:32.344765
case_82,Analyze Request for Quotation,Francois de Perrier,2025-09-02 12:25:32.344765,2025-09-04 02:54:32.344765,2025-09-04 03:06:32.344765
case_50,Pay invoice,Pedro Alvares,2025-09-03 18:00:32.344765,2025-09-04 03:07:32.344765,2025-09-04 03:12:32.344765
case_76,Settle conditions with supplier,Karel de Groot,2025-09-03 20:09:32.344765,2025-09-04 03:18:32.344765,2025-09-04 09:15:32.344765
case_82,Amend Request for Quotation Requester,Clement Duchot,2025-09-04 03:06:32.344765,2025-09-04 04:52:32.344765,2025-09-04 05:02:32.344765
case_46,Send invoice,Esmeralda Clay,2025-09-02 13:58:32.344765,2025-09-04 05:10:32.344765,2025-09-04 05:10:32.344765
case_63,Settle conditions with supplier,Francois de Perrier,2025-09-03 04:44:32.344765,2025-09-04 06:01:32.344765,2025-09-04 22:01:32.344765
case_85,Create Purchase Requisition,Tesca Lobes,2025-09-04 06:39:32.344765,2025-09-04 06:39:32.344765,2025-09-04 09:30:32.344765
case_84,Analyze Purchase Requisition,Heinz Gutschmidt,2025-09-04 03:42:32.344765,2025-09-04 07:04:32.344765,2025-09-04 07:10:32.344765
case_54,Analyze Request for Quotation,Karel de Groot,2025-09-01 04:10:32.344765,2025-09-04 08:05:32.344765,2025-09-04 08:25:32.344765
case_84,Create Request for Quotation Requester,Anne Olwada,2025-09-04 07:10:32.344765,2025-09-04 08:42:32.344765,2025-09-04 08:45:32.344765
case_54,Amend Request for Quotation Requester,Kim Passa,2025-09-04 08:25:32.344765,2025-09-04 08:59:32.344765,2025-09-04 10:06:32.344765
case_71,Analyze Request for Quotation,Francois de Perrier,2025-09-03 00:36:32.344765,2025-09-04 10:29:32.344765,2025-09-04 10:45:32.344765
case_77,Analyze Request for Quotation,Magdalena Predutta,2025-09-03 08:12:32.344765,2025-09-04 10:53:32.344765,2025-09-04 11:33:32.344765
case_71,Amend Request for Quotation Requester Manager,Francis Odell,2025-09-04 10:45:32.344765,2025-09-04 11:08:32.344765,2025-09-04 11:28:32.344765
case_85,Create Request for Quotation Requester,Christian Francois,2025-09-04 09:30:32.344765,2025-09-04 11:30:32.344765,2025-09-04 11:40:32.344765
case_80,Analyze Request for Quotation,Francois de Perrier,2025-09-02 18:11:32.344765,2025-09-04 12:32:32.344765,2025-09-04 13:00:32.344765
case_46,Release Supplier's Invoice,Karalda Nimwada,2025-09-04 05:10:32.344765,2025-09-04 13:06:32.344765,2025-09-04 13:08:32.344765
case_58,Deliver Goods Services,Kiu Kan,2025-09-01 13:40:32.344765,2025-09-04 13:20:32.344765,2025-09-05 01:42:32.344765
case_71,Analyze Request for Quotation,Francois de Perrier,2025-09-04 11:28:32.344765,2025-09-04 15:35:32.344765,2025-09-04 15:51:32.344765
case_46,Authorize Supplier's Invoice payment,Pedro Alvares,2025-09-04 13:08:32.344765,2025-09-04 16:24:32.344765,2025-09-04 16:24:32.344765
case_60,Send invoice,Karen Clarens,2025-09-03 21:00:32.344765,2025-09-04 16:40:32.344765,2025-09-04 16:40:32.344765
case_54,Analyze Request for Quotation,Karel de Groot,2025-09-04 10:06:32.344765,2025-09-04 17:16:32.344765,2025-09-04 17:51:32.344765
case_46,Pay invoice,Pedro Alvares,2025-09-04 16:24:32.344765,2025-09-04 19:51:32.344765,2025-09-04 19:54:32.344765
case_54,Send Request for Quotation to Supplier,Karel de Groot,2025-09-04 17:51:32.344765,2025-09-04 20:22:32.344765,2025-09-04 20:47:32.344765
case_60,Release Supplier's Invoice,Karalda Nimwada,2025-09-04 16:40:32.344765,2025-09-04 21:28:32.344765,2025-09-04 21:33:32.344765
case_54,Create Quotation comparison Map,Karel de Groot,2025-09-04 20:47:32.344765,2025-09-04 22:28:32.344765,2025-09-05 00:36:32.344765
case_60,Authorize Supplier's Invoice payment,Pedro Alvares,2025-09-04 21:33:32.344765,2025-09-04 22:32:32.344765,2025-09-04 22:32:32.344765
case_60,Pay invoice,Pedro Alvares,2025-09-04 22:32:32.344765,2025-09-04 23:17:32.344765,2025-09-04 23:27:32.344765
case_58,Release Purchase Order,Clement Duchot,2025-09-05 01:42:32.344765,2025-09-05 01:44:32.344765,2025-09-05 01:44:32.344765
case_58,Approve Purchase Order for payment,Karel de Groot,2025-09-05 01:44:32.344765,2025-09-05 03:00:32.344765,2025-09-05 03:00:32.344765
case_54,Analyze Quotation comparison Map,Tesca Lobes,2025-09-05 00:36:32.344765,2025-09-05 03:54:32.344765,2025-09-05 04:21:32.344765
case_86,Create Purchase Requisition,Anna Kaufmann,2025-09-05 04:02:32.344765,2025-09-05 04:02:32.344765,2025-09-05 04:02:32.344765
case_63,Create Purchase Order,Francois de Perrier,2025-09-04 22:01:32.344765,2025-09-05 05:06:32.344765,2025-09-05 05:15:32.344765
case_54,Choose best option,Anne Olwada,2025-09-05 04:21:32.344765,2025-09-05 05:53:32.344765,2025-09-05 05:53:32.344765
case_79,Create Quotation comparison Map,Karel de Groot,2025-09-03 21:02:32.344765,2025-09-05 06:02:32.344765,2025-09-05 08:05:32.344765
case_77,Send Request for Quotation to Supplier,Magdalena Predutta,2025-09-04 11:33:32.344765,2025-09-05 06:07:32.344765,2025-09-05 06:37:32.344765
case_83,Analyze Request for Quotation,Magdalena Predutta,2025-09-03 12:22:32.344765,2025-09-05 06:39:32.344765,2025-09-05 07:09:32.344765
case_45,Send invoice,Kiu Kan,2025-09-02 23:11:32.344765,2025-09-05 09:36:32.344765,2025-09-05 09:36:32.344765
case_87,Create Purchase Requisition,Alberto Duport,2025-09-05 10:31:32.344765,2025-09-05 10:31:32.344765,2025-09-05 10:32:32.344765
case_79,Analyze Quotation comparison Map,Esmana Liubiata,2025-09-05 08:05:32.344765,2025-09-05 12:33:32.344765,2025-09-05 12:44:32.344765
case_45,Release Supplier's Invoice,Karalda Nimwada,2025-09-05 09:36:32.344765,2025-09-05 13:43:32.344765,2025-09-05 13:45:32.344765
case_85,Analyze Request for Quotation,Magdalena Predutta,2025-09-04 11:40:32.344765,2025-09-05 13:45:32.344765,2025-09-05 13:52:32.344765
case_85,Amend Request for Quotation Requester,Immanuel Karagianni,2025-09-05 13:52:32.344765,2025-09-05 15:04:32.344765,2025-09-05 15:17:32.344765
case_45,Authorize Supplier's Invoice payment,Pedro Alvares,2025-09-05 13:45:32.344765,2025-09-05 15:20:32.344765,2025-09-05 15:20:32.344765
case_79,Choose best option,Clement Duchot,2025-09-05 12:44:32.344765,2025-09-05 16:35:32.344765,2025-09-05 16:35:32.344765
case_45,Pay invoice,Pedro Alvares,2025-09-05 15:20:32.344765,2025-09-05 19:19:32.344765,2025-09-05 19:21:32.344765
case_76,Create Purchase Order,Karel de Groot,2025-09-04 09:15:32.344765,2025-09-05 19:56:32.344765,2025-09-05 20:05:32.344765
case_75,Analyze Request for Quotation,Francois de Perrier,2025-09-03 19:05:32.344765,2025-09-05 21:19:32.344765,2025-09-05 21:41:32.344765
case_85,Analyze Request for Quotation,Karel de Groot,2025-09-05 15:17:32.344765,2025-09-05 23:51:32.344765,2025-09-06 01:19:32.344765
case_86,Analyze Purchase Requisition,Francis Odell,2025-09-05 04:02:32.344765,2025-09-06 01:19:32.344765,2025-09-06 01:25:32.344765
case_87,Analyze Purchase Requisition,Francis Odell,2025-09-05 10:32:32.344765,2025-09-06 01:28:32.344765,2025-09-06 01:33:32.344765
case_74,Confirm Purchase Order,Esmeralda Clay,2025-09-03 22:18:32.344765,2025-09-06 02:18:32.344765,2025-09-06 02:24:32.344765
case_70,Send Request for Quotation to Supplier,Francois de Perrier,2025-09-02 17:26:32.344765,2025-09-06 03:07:32.344765,2025-09-06 03:25:32.344765
case_85,Amend Request for Quotation Requester,Penn Osterwalder,2025-09-06 01:19:32.344765,2025-09-06 03:29:32.344765,2025-09-06 03:42:32.344765
case_88,Create Purchase Requisition,Christian Francois,2025-09-06 03:29:32.344765,2025-09-06 03:29:32.344765,2025-09-06 03:54:32.344765
case_86,Create Request for Quotation Requester,Christian Francois,2025-09-06 01:25:32.344765,2025-09-06 03:36:32.344765,2025-09-06 03:40:32.344765
case_87,Create Request for Quotation Requester,Christian Francois,2025-09-06 01:33:32.344765,2025-09-06 05:44:32.344765,2025-09-06 05:47:32.344765
case_89,Create Purchase Requisition,Alberto Duport,2025-09-06 05:50:32.344765,2025-09-06 05:50:32.344765,2025-09-06 06:11:32.344765
case_87,Analyze Request for Quotation,Magdalena Predutta,2025-09-06 05:47:32.344765,2025-09-06 08:08:32.344765,2025-09-06 08:28:32.344765
case_82,Analyze Request for Quotation,Magdalena Predutta,2025-09-04 05:02:32.344765,2025-09-06 10:10:32.344765,2025-09-06 10:28:32.344765
case_85,Analyze Request for Quotation,Karel de Groot,2025-09-06 03:42:32.344765,2025-09-06 11:58:32.344765,2025-09-06 12:17:32.344765
case_90,Create Purchase Requisition,Alberto Duport,2025-09-06 15:12:32.344765,2025-09-06 15:12:32.344765,2025-09-06 15:56:32.344765
case_91,Create Purchase Requisition,Fjodor Kowalski,2025-09-06 15:18:32.344765,2025-09-06 15:18:32.344765,2025-09-06 15:18:32.344765
case_68,Send Request for Quotation to Supplier,Karel de Groot,2025-09-02 06:00:32.344765,2025-09-06 15:34:32.344765,2025-09-06 15:45:32.344765
case_84,Analyze Request for Quotation,Francois de Perrier,2025-09-04 08:45:32.344765,2025-09-06 15:34:32.344765,2025-09-06 15:56:32.344765
case_71,Send Request for Quotation to Supplier,Karel de Groot,2025-09-04 15:51:32.344765,2025-09-06 16:48:32.344765,2025-09-06 17:12:32.344765
case_89,Analyze Purchase Requisition,Francis Odell,2025-09-06 06:11:32.344765,2025-09-06 17:08:32.344765,2025-09-06 17:12:32.344765
case_89,Create Request for Quotation Requester,Immanuel Karagianni,2025-09-06 17:12:32.344765,2025-09-06 17:20:32.344765,2025-09-06 17:31:32.344765
case_71,Create Quotation comparison Map,Karel de Groot,2025-09-06 17:12:32.344765,2025-09-06 17:51:32.344765,2025-09-06 19:19:32.344765
case_92,Create Purchase Requisition,Alberto Duport,2025-09-06 18:47:32.344765,2025-09-06 18:47:32.344765,2025-09-06 19:21:32.344765
case_90,Create Request for Quotation Requester,Elvira Lores,2025-09-06 15:56:32.344765,2025-09-06 19:13:32.344765,2025-09-06 19:18:32.344765
case_71,Analyze Quotation comparison Map,Elvira Lores,2025-09-06 19:19:32.344765,2025-09-06 20:10:32.344765,2025-09-06 20:42:32.344765
case_82,Amend Request for Quotation Requester Manager,Francis Odell,2025-09-06 10:28:32.344765,2025-09-06 20:15:32.344765,2025-09-06 20:32:32.344765
case_88,Analyze Purchase Requisition,Francis Odell,2025-09-06 03:54:32.344765,2025-09-06 20:22:32.344765,2025-09-06 20:27:32.344765
case_86,Analyze Request for Quotation,Francois de Perrier,2025-09-06 03:40:32.344765,2025-09-06 21:24:32.344765,2025-09-06 21:43:32.344765
case_76,Confirm Purchase Order,Kiu Kan,2025-09-05 20:05:32.344765,2025-09-06 22:21:32.344765,2025-09-06 22:42:32.344765
case_71,Choose best option,Esmana Liubiata,2025-09-06 20:42:32.344765,2025-09-06 23:39:32.344765,2025-09-06 23:39:32.344765
case_73,Confirm Purchase Order,Sean Manney,2025-09-03 07:53:32.344765,2025-09-06 23:50:32.344765,2025-09-06 23:52:32.344765
case_76,Deliver Goods Services,Esmeralda Clay,2025-09-06 22:42:32.344765,2025-09-06 23:52:32.344765,2025-09-08 23:03:32.344765
case_48,Send invoice,Kiu Kan,2025-09-03 18:11:32.344765,2025-09-07 02:35:32.344765,2025-09-07 02:35:32.344765
case_88,Create Request for Quotation Requester,Alberto Duport,2025-09-06 20:27:32.344765,2025-09-07 03:05:32.344765,2025-09-07 03:17:32.344765
case_54,Settle conditions with supplier,Francois de Perrier,2025-09-05 05:53:32.344765,2025-09-07 03:27:32.344765,2025-09-07 11:13:32.344765
case_88,Analyze Request for Quotation,Karel de Groot,2025-09-07 03:17:32.344765,2025-09-07 04:09:32.344765,2025-09-07 04:38:32.344765
case_88,Amend Request for Quotation Requester,Alberto Duport,2025-09-07 04:38:32.344765,2025-09-07 06:07:32.344765,2025-09-07 06:16:32.344765
case_58,Send invoice,Carmen Finacse,2025-09-05 03:00:32.344765,2025-09-07 07:21:32.344765,2025-09-07 07:21:32.344765
case_48,Release Supplier's Invoice,Karalda Nimwada,2025-09-07 02:35:32.344765,2025-09-07 07:36:32.344765,2025-09-07 07:41:32.344765
case_58,Release Supplier's Invoice,Karalda Nimwada,2025-09-07 07:21:32.344765,2025-09-07 08:16:32.344765,2025-09-07 08:22:32.344765
case_93,Create Purchase Requisition,Clement Duchot,2025-09-07 08:37:32.344765,2025-09-07 08:37:32.344765,2025-09-07 09:25:32.344765
case_74,Deliver Goods Services,Carmen Finacse,2025-09-06 02:24:32.344765,2025-09-07 09:23:32.344765,2025-09-08 17:55:32.344765
case_88,Analyze Request for Quotation,Karel de Groot,2025-09-07 06:16:32.344765,2025-09-07 09:24:32.344765,2025-09-07 09:43:32.344765
case_48,Settle dispute with supplier Financial Manager,Pedro Alvares,2025-09-07 07:41:32.344765,2025-09-07 10:44:32.344765,2025-09-07 10:59:32.344765
case_78,Create Quotation comparison Map,Magdalena Predutta,2025-09-03 11:21:32.344765,2025-09-07 11:00:32.344765,2025-09-07 14:56:32.344765
case_94,Create Purchase Requisition,Christian Francois,2025-09-07 11:09:32.344765,2025-09-07 11:09:32.344765,2025-09-07 11:14:32.344765
case_58,Authorize Supplier's Invoice payment,Karalda Nimwada,2025-09-07 08:22:32.344765,2025-09-07 11:10:32.344765,2025-09-07 11:10:32.344765
case_58,Pay invoice,Pedro Alvares,2025-09-07 11:10:32.344765,2025-09-07 12:45:32.344765,2025-09-07 12:56:32.344765
case_71,Settle conditions with supplier,Karel de Groot,2025-09-06 23:39:32.344765,2025-09-07 13:33:32.344765,2025-09-07 23:19:32.344765
case_89,Analyze Request for Quotation,Karel de Groot,2025-09-06 17:31:32.344765,2025-09-07 14:11:32.344765,2025-09-07 14:39:32.344765
case_90,Analyze Request for Quotation,Magdalena Predutta,2025-09-06 19:18:32.344765,2025-09-07 14:54:32.344765,2025-09-07 14:58:32.344765
case_88,Send Request for Quotation to Supplier,Magdalena Predutta,2025-09-07 09:43:32.344765,2025-09-07 15:19:32.344765,2025-09-07 15:44:32.344765
case_92,Create Request for Quotation Requester Manager,Francis Odell,2025-09-06 19:21:32.344765,2025-09-07 15:36:32.344765,2025-09-07 15:38:32.344765
case_89,Amend Request for Quotation Requester,Clement Duchot,2025-09-07 14:39:32.344765,2025-09-07 15:51:32.344765,2025-09-07 16:00:32.344765
case_48,Authorize Supplier's Invoice payment,Pedro Alvares,2025-09-07 10:59:32.344765,2025-09-07 16:06:32.344765,2025-09-07 16:06:32.344765
case_48,Pay invoice,Pedro Alvares,2025-09-07 16:06:32.344765,2025-09-07 17:46:32.344765,2025-09-07 17:53:32.344765
case_77,Create Quotation comparison Map,Francois de Perrier,2025-09-05 06:37:32.344765,2025-09-07 18:22:32.344765,2025-09-07 21:11:32.344765
case_94,Analyze Purchase Requisition,Maris Freeman,2025-09-07 11:14:32.344765,2025-09-07 18:28:32.344765,2025-09-07 18:34:32.344765
case_90,Send Request for Quotation to Supplier,Karel de Groot,2025-09-07 14:58:32.344765,2025-09-07 19:01:32.344765,2025-09-07 19:22:32.344765
case_79,Settle conditions with supplier,Magdalena Predutta,2025-09-05 16:35:32.344765,2025-09-07 20:42:32.344765,2025-09-08 04:41:32.344765
case_54,Create Purchase Order,Magdalena Predutta,2025-09-07 11:13:32.344765,2025-09-07 20:57:32.344765,2025-09-07 21:09:32.344765
case_77,Analyze Quotation comparison Map,Clement Duchot,2025-09-07 21:11:32.344765,2025-09-07 21:23:32.344765,2025-09-07 21:52:32.344765
case_77,Choose best option,Christian Francois,2025-09-07 21:52:32.344765,2025-09-07 22:16:32.344765,2025-09-07 22:16:32.344765
case_89,Analyze Request for Quotation,Magdalena Predutta,2025-09-07 16:00:32.344765,2025-09-07 23:50:32.344765,2025-09-08 00:06:32.344765
case_62,Settle dispute with supplier Purchasing Agent,Karel de Groot,2025-09-03 23:37:32.344765,2025-09-08 01:33:32.344765,2025-09-08 08:54:32.344765
case_94,Create Request for Quotation Requester Manager,Heinz Gutschmidt,2025-09-07 18:34:32.344765,2025-09-08 02:16:32.344765,2025-09-08 02:18:32.344765
case_95,Create Purchase Requisition,Penn Osterwalder,2025-09-08 02:23:32.344765,2025-09-08 02:23:32.344765,2025-09-08 02:44:32.344765
case_95,Create Request for Quotation Requester,Fjodor Kowalski,2025-09-08 02:44:32.344765,2025-09-08 02:52:32.344765,2025-09-08 03:00:32.344765
case_96,Create Purchase Requisition,Fjodor Kowalski,2025-09-08 03:46:32.344765,2025-09-08 03:46:32.344765,2025-09-08 04:26:32.344765
case_88,Create Quotation comparison Map,Karel de Groot,2025-09-07 15:44:32.344765,2025-09-08 04:14:32.344765,2025-09-08 09:20:32.344765
case_78,Analyze Quotation comparison Map,Nico Ojenbeer,2025-09-07 14:56:32.344765,2025-09-08 04:28:32.344765,2025-09-08 04:55:32.344765
case_78,Choose best option,Immanuel Karagianni,2025-09-08 04:55:32.344765,2025-09-08 05:22:32.344765,2025-09-08 05:22:32.344765
case_93,Analyze Purchase Requisition,Francis Odell,2025-09-07 09:25:32.344765,2025-09-08 05:23:32.344765,2025-09-08 05:32:32.344765
case_94,Analyze Request for Quotation,Karel de Groot,2025-09-08 02:18:32.344765,2025-09-08 05:31:32.344765,2025-09-08 05:38:32.344765
case_77,Settle conditions with supplier,Francois de Perrier,2025-09-07 22:16:32.344765,2025-09-08 05:37:32.344765,2025-09-08 10:23:32.344765
case_54,Confirm Purchase Order,Karen Clarens,2025-09-07 21:09:32.344765,2025-09-08 07:00:32.344765,2025-09-08 07:06:32.344765
case_87,Send Request for Quotation to Supplier,Francois de Perrier,2025-09-06 08:28:32.344765,2025-09-08 07:50:32.344765,2025-09-08 08:06:32.344765
case_79,Create Purchase Order,Karel de Groot,2025-09-08 04:41:32.344765,2025-09-08 08:45:32.344765,2025-09-08 08:54:32.344765
case_97,Create Purchase Requisition,Nico Ojenbeer,2025-09-08 09:32:32.344765,2025-09-08 09:32:32.344765,2025-09-08 12:48:32.344765
case_88,Analyze Quotation comparison Map,Clement Duchot,2025-09-08 09:20:32.344765,2025-09-08 10:11:32.344765,2025-09-08 10:25:32.344765
case_70,Create Quotation comparison Map,Magdalena Predutta,2025-09-06 03:25:32.344765,2025-09-08 10:41:32.344765,2025-09-08 12:57:32.344765
case_88,Choose best option,Esmana Liubiata,2025-09-08 10:25:32.344765,2025-09-08 10:55:32.344765,2025-09-08 10:55:32.344765
case_89,Send Request for Quotation to Supplier,Francois de Perrier,2025-09-08 00:06:32.344765,2025-09-08 11:22:32.344765,2025-09-08 11:35:32.344765
case_56,Deliver Goods Services,Carmen Finacse,2025-09-03 08:36:32.344765,2025-09-08 12:21:32.344765,2025-09-08 23:44:32.344765
case_70,Analyze Quotation comparison Map,Fjodor Kowalski,2025-09-08 12:57:32.344765,2025-09-08 13:08:32.344765,2025-09-08 13:11:32.344765
case_97,Analyze Purchase Requisition,Heinz Gutschmidt,2025-09-08 12:48:32.344765,2025-09-08 14:22:32.344765,2025-09-08 14:25:32.344765
case_93,Create Request for Quotation Requester,Penn Osterwalder,2025-09-08 05:32:32.344765,2025-09-08 14:37:32.344765,2025-09-08 14:48:32.344765
case_70,Choose best option,Kim Passa,2025-09-08 13:11:32.344765,2025-09-08 14:46:32.344765,2025-09-08 14:46:32.344765
case_97,Create Request for Quotation Requester Manager,Heinz Gutschmidt,2025-09-08 14:25:32.344765,2025-09-08 14:46:32.344765,2025-09-08 14:48:32.344765
case_95,Analyze Request for Quotation,Francois de Perrier,2025-09-08 03:00:32.344765,2025-09-08 14:47:32.344765,2025-09-08 14:54:32.344765
case_62,Release Purchase Order,Tesca Lobes,2025-09-08 08:54:32.344765,2025-09-08 16:19:32.344765,2025-09-08 16:19:32.344765
case_95,Send Request for Quotation to Supplier,Karel de Groot,2025-09-08 14:54:32.344765,2025-09-08 17:03:32.344765,2025-09-08 17:15:32.344765
case_68,Create Quotation comparison Map,Magdalena Predutta,2025-09-06 15:45:32.344765,2025-09-08 17:34:32.344765,2025-09-08 20:27:32.344765
case_77,Create Purchase Order,Francois de Perrier,2025-09-08 10:23:32.344765,2025-09-08 18:28:32.344765,2025-09-08 18:34:32.344765
case_82,Analyze Request for Quotation,Francois de Perrier,2025-09-06 20:32:32.344765,2025-09-08 18:54:32.344765,2025-09-08 18:56:32.344765
case_94,Send Request for Quotation to Supplier,Francois de Perrier,2025-09-08 05:38:32.344765,2025-09-08 19:11:32.344765,2025-09-08 19:27:32.344765
case_89,Create Quotation comparison Map,Magdalena Predutta,2025-09-08 11:35:32.344765,2025-09-08 19:25:32.344765,2025-09-09 01:49:32.344765
case_74,Release Purchase Order,Fjodor Kowalski,2025-09-08 17:55:32.344765,2025-09-08 20:07:32.344765,2025-09-08 20:07:32.344765
case_98,Create Purchase Requisition,Clement Duchot,2025-09-08 20:15:32.344765,2025-09-08 20:15:32.344765,2025-09-08 21:16:32.344765
case_78,Settle conditions with supplier,Karel de Groot,2025-09-08 05:22:32.344765,2025-09-08 20:16:32.344765,2025-09-09 04:26:32.344765
case_74,Approve Purchase Order for payment,Francois de Perrier,2025-09-08 20:07:32.344765,2025-09-08 21:25:32.344765,2025-09-08 21:25:32.344765
case_68,Analyze Quotation comparison Map,Anne Olwada,2025-09-08 20:27:32.344765,2025-09-08 21:55:32.344765,2025-09-08 22:06:32.344765
case_96,Analyze Purchase Requisition,Heinz Gutschmidt,2025-09-08 04:26:32.344765,2025-09-08 22:30:32.344765,2025-09-08 22:33:32.344765
case_73,Deliver Goods Services,Carmen Finacse,2025-09-06 23:52:32.344765,2025-09-08 23:00:32.344765,2025-09-10 12:10:32.344765
case_96,Create Request for Quotation Requester,Fjodor Kowalski,2025-09-08 22:33:32.344765,2025-09-08 23:02:32.344765,2025-09-08 23:14:32.344765
case_86,Send Request for Quotation to Supplier,Karel de Groot,2025-09-06 21:43:32.344765,2025-09-08 23:14:32.344765,2025-09-08 23:38:32.344765
case_90,Create Quotation comparison Map,Karel de Groot,2025-09-07 19:22:32.344765,2025-09-08 23:16:32.344765,2025-09-09 02:01:32.344765
case_82,Amend Request for Quotation Requester Manager,Francis Odell,2025-09-08 18:56:32.344765,2025-09-08 23:36:32.344765,2025-09-08 23:50:32.344765
case_82,Analyze Request for Quotation,Francois de Perrier,2025-09-08 23:50:32.344765,2025-09-09 00:27:32.344765,2025-09-09 01:00:32.344765
case_70,Settle conditions with supplier,Magdalena Predutta,2025-09-08 14:46:32.344765,2025-09-09 00:28:32.344765,2025-09-09 10:15:32.344765
case_56,Release Purchase Order,Clement Duchot,2025-09-08 23:44:32.344765,2025-09-09 00:51:32.344765,2025-09-09 00:51:32.344765
case_76,Release Purchase Order,Penn Osterwalder,2025-09-08 23:03:32.344765,2025-09-09 01:11:32.344765,2025-09-09 01:11:32.344765
case_89,Analyze Quotation comparison Map,Anna Kaufmann,2025-09-09 01:49:32.344765,2025-09-09 01:49:32.344765,2025-09-09 02:20:32.344765
case_90,Analyze Quotation comparison Map,Nico Ojenbeer,2025-09-09 02:01:32.344765,2025-09-09 02:06:32.344765,2025-09-09 02:28:32.344765
case_90,Choose best option,Nico Ojenbeer,2025-09-09 02:28:32.344765,2025-09-09 02:39:32.344765,2025-09-09 02:39:32.344765
case_99,Create Purchase Requisition,Fjodor Kowalski,2025-09-09 02:49:32.344765,2025-09-09 02:49:32.344765,2025-09-09 03:02:32.344765
case_62,Approve Purchase Order for payment,Francois de Perrier,2025-09-08 16:19:32.344765,2025-09-09 03:05:32.344765,2025-09-09 03:05:32.344765
case_89,Choose best option,Christian Francois,2025-09-09 02:20:32.344765,2025-09-09 03:48:32.344765,2025-09-09 03:48:32.344765
case_56,Approve Purchase Order for payment,Karel de Groot,2025-09-09 00:51:32.344765,2025-09-09 03:59:32.344765,2025-09-09 03:59:32.344765
case_82,Amend Request for Quotation Requester,Fjodor Kowalski,2025-09-09 01:00:32.344765,2025-09-09 04:16:32.344765,2025-09-09 04:28:32.344765
case_68,Choose best option,Immanuel Karagianni,2025-09-08 22:06:32.344765,2025-09-09 04:45:32.344765,2025-09-09 04:45:32.344765
case_56,Send invoice,Karen Clarens,2025-09-09 03:59:32.344765,2025-09-09 06:07:32.344765,2025-09-09 06:07:32.344765
case_100,Create Purchase Requisition,Alberto Duport,2025-09-09 06:37:32.344765,2025-09-09 06:37:32.344765,2025-09-09 08:10:32.344765
case_79,Confirm Purchase Order,Esmeralda Clay,2025-09-08 08:54:32.344765,2025-09-09 06:46:32.344765,2025-09-09 08:10:32.344765
case_56,Release Supplier's Invoice,Pedro Alvares,2025-09-09 06:07:32.344765,2025-09-09 06:47:32.344765,2025-09-09 06:53:32.344765
case_62,Send invoice,Karen Clarens,2025-09-09 03:05:32.344765,2025-09-09 07:29:32.344765,2025-09-09 07:29:32.344765
case_96,Analyze Request for Quotation,Karel de Groot,2025-09-08 23:14:32.344765,2025-09-09 09:35:32.344765,2025-09-09 09:56:32.344765
case_96,Amend Request for Quotation Requester,Anna Kaufmann,2025-09-09 09:56:32.344765,2025-09-09 09:56:32.344765,2025-09-09 10:08:32.344765
case_62,Release Supplier's Invoice,Karalda Nimwada,2025-09-09 07:29:32.344765,2025-09-09 11:38:32.344765,2025-09-09 11:44:32.344765
case_97,Analyze Request for Quotation,Francois de Perrier,2025-09-08 14:48:32.344765,2025-09-09 12:17:32.344765,2025-09-09 12:33:32.344765
case_99,Analyze Purchase Requisition,Maris Freeman,2025-09-09 03:02:32.344765,2025-09-09 12:25:32.344765,2025-09-09 12:26:32.344765
case_99,Create Request for Quotation Requester,Anna Kaufmann,2025-09-09 12:26:32.344765,2025-09-09 12:26:32.344765,2025-09-09 12:34:32.344765
case_89,Settle conditions with supplier,Karel de Groot,2025-09-09 03:48:32.344765,2025-09-09 13:08:32.344765,2025-09-09 20:54:32.344765
case_68,Settle conditions with supplier,Magdalena Predutta,2025-09-09 04:45:32.344765,2025-09-09 13:13:32.344765,2025-09-09 17:26:32.344765
case_82,Analyze Request for Quotation,Karel de Groot,2025-09-09 04:28:32.344765,2025-09-09 14:02:32.344765,2025-09-09 14:28:32.344765
case_91,Analyze Purchase Requisition,Heinz Gutschmidt,2025-09-06 15:18:32.344765,2025-09-09 14:04:32.344765,2025-09-09 14:07:32.344765
case_74,Send invoice,Esmeralda Clay,2025-09-08 21:25:32.344765,2025-09-09 14:21:32.344765,2025-09-09 14:21:32.344765
case_62,Authorize Supplier's Invoice payment,Karalda Nimwada,2025-09-09 11:44:32.344765,2025-09-09 14:28:32.344765,2025-09-09 14:28:32.344765
case_82,Amend Request for Quotation Requester,Anna Kaufmann,2025-09-09 14:28:32.344765,2025-09-09 14:28:32.344765,2025-09-09 15:07:32.344765
case_56,Settle dispute with supplier Financial Manager,Pedro Alvares,2025-09-09 06:53:32.344765,2025-09-09 14:31:32.344765,2025-09-09 14:45:32.344765
case_97,Send Request for Quotation to Supplier,Francois de Perrier,2025-09-09 12:33:32.344765,2025-09-09 15:01:32.344765,2025-09-09 15:13:32.344765
case_62,Pay invoice,Karalda Nimwada,2025-09-09 14:28:32.344765,2025-09-09 15:02:32.344765,2025-09-09 15:05:32.344765
case_74,Release Supplier's Invoice,Karalda Nimwada,2025-09-09 14:21:32.344765,2025-09-09 15:22:32.344765,2025-09-09 15:24:32.344765
case_93,Analyze Request for Quotation,Magdalena Predutta,2025-09-08 14:48:32.344765,2025-09-09 15:25:32.344765,2025-09-09 15:50:32.344765
case_74,Authorize Supplier's Invoice payment,Pedro Alvares,2025-09-09 15:24:32.344765,2025-09-09 16:15:32.344765,2025-09-09 16:15:32.344765
case_93,Amend Request for Quotation Requester,Nico Ojenbeer,2025-09-09 15:50:32.344765,2025-09-09 16:28:32.344765,2025-09-09 16:35:32.344765
case_98,Create Request for Quotation Requester Manager,Heinz Gutschmidt,2025-09-08 21:16:32.344765,2025-09-09 18:42:32.344765,2025-09-09 18:45:32.344765
case_56,Authorize Supplier's Invoice payment,Pedro Alvares,2025-09-09 14:45:32.344765,2025-09-09 18:44:32.344765,2025-09-09 18:44:32.344765
case_63,Confirm Purchase Order,Carmen Finacse,2025-09-05 05:15:32.344765,2025-09-09 18:55:32.344765,2025-09-09 20:15:32.344765
case_74,Pay invoice,Pedro Alvares,2025-09-09 16:15:32.344765,2025-09-09 19:08:32.344765,2025-09-09 19:11:32.344765
case_56,Pay invoice,Karalda Nimwada,2025-09-09 18:44:32.344765,2025-09-09 19:45:32.344765,2025-09-09 19:56:32.344765
case_76,Approve Purchase Order for payment,Magdalena Predutta,2025-09-09 01:11:32.344765,2025-09-09 20:39:32.344765,2025-09-09 20:39:32.344765
case_96,Analyze Request for Quotation,Francois de Perrier,2025-09-09 10:08:32.344765,2025-09-09 23:04:32.344765,2025-09-09 23:34:32.344765
case_68,Create Purchase Order,Francois de Perrier,2025-09-09 17:26:32.344765,2025-09-10 01:38:32.344765,2025-09-10 01:47:32.344765
case_95,Create Quotation comparison Map,Magdalena Predutta,2025-09-08 17:15:32.344765,2025-09-10 03:45:32.344765,2025-09-10 08:10:32.344765
case_77,Confirm Purchase Order,Sean Manney,2025-09-08 18:34:32.344765,2025-09-10 03:58:32.344765,2025-09-10 04:00:32.344765
case_100,Analyze Purchase Requisition,Heinz Gutschmidt,2025-09-09 08:10:32.344765,2025-09-10 04:24:32.344765,2025-09-10 04:25:32.344765
case_87,Create Quotation comparison Map,Magdalena Predutta,2025-09-08 08:06:32.344765,2025-09-10 07:01:32.344765,2025-09-10 09:54:32.344765
case_95,Analyze Quotation comparison Map,Christian Francois,2025-09-10 08:10:32.344765,2025-09-10 08:46:32.344765,2025-09-10 08:54:32.344765
case_77,Deliver Goods Services,Kiu Kan,2025-09-10 04:00:32.344765,2025-09-10 09:59:32.344765,2025-09-11 03:21:32.344765
case_73,Release Purchase Order,Alberto Duport,2025-09-10 12:10:32.344765,2025-09-10 14:07:32.344765,2025-09-10 14:07:32.344765
case_86,Create Quotation comparison Map,Francois de Perrier,2025-09-08 23:38:32.344765,2025-09-10 14:07:32.344765,2025-09-10 20:31:32.344765
case_82,Analyze Request for Quotation,Karel de Groot,2025-09-09 15:07:32.344765,2025-09-10 14:40:32.344765,2025-09-10 15:02:32.344765
case_92,Analyze Request for Quotation,Karel de Groot,2025-09-07 15:38:32.344765,2025-09-10 14:49:32.344765,2025-09-10 15:05:32.344765
case_87,Analyze Quotation comparison Map,Christian Francois,2025-09-10 09:54:32.344765,2025-09-10 16:05:32.344765,2025-09-10 16:24:32.344765
case_91,Create Request for Quotation Requester Manager,Heinz Gutschmidt,2025-09-09 14:07:32.344765,2025-09-10 16:34:32.344765,2025-09-10 16:35:32.344765
case_94,Create Quotation comparison Map,Francois de Perrier,2025-09-08 19:27:32.344765,2025-09-10 17:12:32.344765,2025-09-10 20:15:32.344765
case_95,Choose best option,Elvira Lores,2025-09-10 08:54:32.344765,2025-09-10 17:15:32.344765,2025-09-10 17:15:32.344765
case_68,Confirm Purchase Order,Carmen Finacse,2025-09-10 01:47:32.344765,2025-09-10 17:15:32.344765,2025-09-10 17:27:32.344765
case_92,Amend Request for Quotation Requester,Penn Osterwalder,2025-09-10 15:05:32.344765,2025-09-10 18:04:32.344765,2025-09-10 18:13:32.344765
case_97,Create Quotation comparison Map,Karel de Groot,2025-09-09 15:13:32.344765,2025-09-10 18:07:32.344765,2025-09-10 22:25:32.344765
case_68,Deliver Goods Services,Esmeralda Clay,2025-09-10 17:27:32.344765,2025-09-10 19:56:32.344765,2025-09-12 05:37:32.344765
case_93,Analyze Request for Quotation,Francois de Perrier,2025-09-09 16:35:32.344765,2025-09-10 20:21:32.344765,2025-09-10 20:43:32.344765
case_99,Analyze Request for Quotation,Magdalena Predutta,2025-09-09 12:34:32.344765,2025-09-10 21:54:32.344765,2025-09-10 22:08:32.344765
case_93,Amend Request for Quotation Requester,Clement Duchot,2025-09-10 20:43:32.344765,2025-09-10 21:58:32.344765,2025-09-11 00:14:32.344765
case_82,Send Request for Quotation to Supplier,Karel de Groot,2025-09-10 15:02:32.344765,2025-09-10 22:12:32.344765,2025-09-10 22:30:32.344765
case_73,Approve Purchase Order for payment,Francois de Perrier,2025-09-10 14:07:32.344765,2025-09-10 22:28:32.344765,2025-09-10 22:28:32.344765
case_99,Amend Request for Quotation Requester,Kim Passa,2025-09-10 22:08:32.344765,2025-09-10 23:29:32.344765,2025-09-10 23:38:32.344765
case_94,Analyze Quotation comparison Map,Clement Duchot,2025-09-10 20:15:32.344765,2025-09-11 00:12:32.344765,2025-09-11 00:38:32.344765
case_78,Create Purchase Order,Karel de Groot,2025-09-09 04:26:32.344765,2025-09-11 00:22:32.344765,2025-09-11 00:31:32.344765
case_94,Choose best option,Anna Kaufmann,2025-09-11 00:38:32.344765,2025-09-11 00:38:32.344765,2025-09-11 00:38:32.344765
case_87,Choose best option,Elvira Lores,2025-09-10 16:24:32.344765,2025-09-11 00:47:32.344765,2025-09-11 00:47:32.344765
case_86,Analyze Quotation comparison Map,Anne Olwada,2025-09-10 20:31:32.344765,2025-09-11 00:50:32.344765,2025-09-11 01:09:32.344765
case_97,Analyze Quotation comparison Map,Anne Olwada,2025-09-10 22:25:32.344765,2025-09-11 01:51:32.344765,2025-09-11 02:14:32.344765
case_82,Create Quotation comparison Map,Karel de Groot,2025-09-10 22:30:32.344765,2025-09-11 02:43:32.344765,2025-09-11 08:52:32.344765
case_100,Create Request for Quotation Requester Manager,Francis Odell,2025-09-10 04:25:32.344765,2025-09-11 02:54:32.344765,2025-09-11 02:55:32.344765
case_97,Choose best option,Fjodor Kowalski,2025-09-11 02:14:32.344765,2025-09-11 03:23:32.344765,2025-09-11 03:23:32.344765
case_86,Choose best option,Fjodor Kowalski,2025-09-11 01:09:32.344765,2025-09-11 04:22:32.344765,2025-09-11 04:22:32.344765
case_86,Settle conditions with supplier,Magdalena Predutta,2025-09-11 04:22:32.344765,2025-09-11 04:50:32.344765,2025-09-11 14:44:32.344765
case_54,Deliver Goods Services,Esmeralda Clay,2025-09-08 07:06:32.344765,2025-09-11 04:59:32.344765,2025-09-11 12:11:32.344765
case_77,Release Purchase Order,Alberto Duport,2025-09-11 03:21:32.344765,2025-09-11 05:18:32.344765,2025-09-11 05:18:32.344765
case_94,Settle conditions with supplier,Francois de Perrier,2025-09-11 00:38:32.344765,2025-09-11 05:36:32.344765,2025-09-11 17:32:32.344765
case_79,Deliver Goods Services,Carmen Finacse,2025-09-09 08:10:32.344765,2025-09-11 06:04:32.344765,2025-09-12 23:03:32.344765
case_77,Approve Purchase Order for payment,Karel de Groot,2025-09-11 05:18:32.344765,2025-09-11 07:52:32.344765,2025-09-11 07:52:32.344765
case_82,Analyze Quotation comparison Map,Immanuel Karagianni,2025-09-11 08:52:32.344765,2025-09-11 09:28:32.344765,2025-09-11 09:45:32.344765
case_82,Choose best option,Kim Passa,2025-09-11 09:45:32.344765,2025-09-11 10:21:32.344765,2025-09-11 10:21:32.344765
case_88,Settle conditions with supplier,Karel de Groot,2025-09-08 10:55:32.344765,2025-09-11 11:11:32.344765,2025-09-11 23:20:32.344765
case_54,Release Purchase Order,Nico Ojenbeer,2025-09-11 12:11:32.344765,2025-09-11 12:11:32.344765,2025-09-11 12:11:32.344765
case_90,Settle conditions with supplier,Karel de Groot,2025-09-09 02:39:32.344765,2025-09-11 13:45:32.344765,2025-09-11 19:44:32.344765
case_95,Settle conditions with supplier,Francois de Perrier,2025-09-10 17:15:32.344765,2025-09-11 15:44:32.344765,2025-09-11 22:59:32.344765
case_71,Create Purchase Order,Francois de Perrier,2025-09-07 23:19:32.344765,2025-09-11 16:02:32.344765,2025-09-11 16:08:32.344765
case_98,Analyze Request for Quotation,Karel de Groot,2025-09-09 18:45:32.344765,2025-09-11 17:00:32.344765,2025-09-11 17:22:32.344765
case_70,Create Purchase Order,Francois de Perrier,2025-09-09 10:15:32.344765,2025-09-11 21:11:32.344765,2025-09-11 21:21:32.344765
case_98,Amend Request for Quotation Requester,Clement Duchot,2025-09-11 17:22:32.344765,2025-09-11 21:16:32.344765,2025-09-11 21:23:32.344765
case_100,Analyze Request for Quotation,Karel de Groot,2025-09-11 02:55:32.344765,2025-09-11 21:30:32.344765,2025-09-11 21:54:32.344765
case_87,Settle conditions with supplier,Francois de Perrier,2025-09-11 00:47:32.344765,2025-09-11 21:33:32.344765,2025-09-12 05:18:32.344765
case_100,Send Request for Quotation to Supplier,Karel de Groot,2025-09-11 21:54:32.344765,2025-09-11 23:23:32.344765,2025-09-11 23:46:32.344765
case_54,Approve Purchase Order for payment,Magdalena Predutta,2025-09-11 12:11:32.344765,2025-09-12 00:36:32.344765,2025-09-12 00:36:32.344765
case_99,Analyze Request for Quotation,Magdalena Predutta,2025-09-10 23:38:32.344765,2025-09-12 02:49:32.344765,2025-09-12 03:12:32.344765
case_99,Amend Request for Quotation Requester,Elvira Lores,2025-09-12 03:12:32.344765,2025-09-12 05:14:32.344765,2025-09-12 05:22:32.344765
case_71,Confirm Purchase Order,Karen Clarens,2025-09-11 16:08:32.344765,2025-09-12 07:42:32.344765,2025-09-12 08:15:32.344765
case_68,Release Purchase Order,Elvira Lores,2025-09-12 05:37:32.344765,2025-09-12 10:03:32.344765,2025-09-12 10:03:32.344765
case_98,Analyze Request for Quotation,Magdalena Predutta,2025-09-11 21:23:32.344765,2025-09-12 11:24:32.344765,2025-09-12 11:26:32.344765
case_100,Create Quotation comparison Map,Magdalena Predutta,2025-09-11 23:46:32.344765,2025-09-12 12:25:32.344765,2025-09-12 12:37:32.344765
case_91,Analyze Request for Quotation,Francois de Perrier,2025-09-10 16:35:32.344765,2025-09-12 13:08:32.344765,2025-09-12 13:22:32.344765
case_100,Analyze Quotation comparison Map,Tesca Lobes,2025-09-12 12:37:32.344765,2025-09-12 13:21:32.344765,2025-09-12 13:49:32.344765
case_91,Amend Request for Quotation Requester,Elvira Lores,2025-09-12 13:22:32.344765,2025-09-12 15:58:32.344765,2025-09-12 16:09:32.344765
case_68,Approve Purchase Order for payment,Magdalena Predutta,2025-09-12 10:03:32.344765,2025-09-12 16:51:32.344765,2025-09-12 16:51:32.344765
case_73,Send invoice,Carmen Finacse,2025-09-10 22:28:32.344765,2025-09-12 16:54:32.344765,2025-09-12 16:54:32.344765
case_73,Release Supplier's Invoice,Pedro Alvares,2025-09-12 16:54:32.344765,2025-09-12 17:09:32.344765,2025-09-12 17:12:32.344765
case_100,Choose best option,Tesca Lobes,2025-09-12 13:49:32.344765,2025-09-12 17:33:32.344765,2025-09-12 17:33:32.344765
case_94,Create Purchase Order,Francois de Perrier,2025-09-11 17:32:32.344765,2025-09-12 18:15:32.344765,2025-09-12 18:26:32.344765
case_91,Analyze Request for Quotation,Magdalena Predutta,2025-09-12 16:09:32.344765,2025-09-12 18:33:32.344765,2025-09-12 18:46:32.344765
case_91,Amend Request for Quotation Requester,Tesca Lobes,2025-09-12 18:46:32.344765,2025-09-12 19:33:32.344765,2025-09-12 19:40:32.344765
case_78,Confirm Purchase Order,Karen Clarens,2025-09-11 00:31:32.344765,2025-09-12 20:40:32.344765,2025-09-12 21:05:32.344765
case_73,Authorize Supplier's Invoice payment,Karalda Nimwada,2025-09-12 17:12:32.344765,2025-09-12 21:04:32.344765,2025-09-12 21:04:32.344765
case_99,Analyze Request for Quotation,Karel de Groot,2025-09-12 05:22:32.344765,2025-09-12 21:46:32.344765,2025-09-12 22:05:32.344765
case_54,Send invoice,Esmeralda Clay,2025-09-12 00:36:32.344765,2025-09-12 22:40:32.344765,2025-09-12 22:40:32.344765
case_79,Release Purchase Order,Kim Passa,2025-09-12 23:03:32.344765,2025-09-13 00:04:32.344765,2025-09-13 00:04:32.344765
case_54,Release Supplier's Invoice,Pedro Alvares,2025-09-12 22:40:32.344765,2025-09-13 01:32:32.344765,2025-09-13 01:34:32.344765
case_99,Send Request for Quotation to Supplier,Magdalena Predutta,2025-09-12 22:05:32.344765,2025-09-13 01:43:32.344765,2025-09-13 02:07:32.344765
case_86,Create Purchase Order,Magdalena Predutta,2025-09-11 14:44:32.344765,2025-09-13 02:06:32.344765,2025-09-13 02:18:32.344765
case_89,Create Purchase Order,Karel de Groot,2025-09-09 20:54:32.344765,2025-09-13 02:10:32.344765,2025-09-13 02:22:32.344765
case_54,Settle dispute with supplier Financial Manager,Pedro Alvares,2025-09-13 01:34:32.344765,2025-09-13 02:23:32.344765,2025-09-13 02:53:32.344765
case_68,Send invoice,Esmeralda Clay,2025-09-12 16:51:32.344765,2025-09-13 02:45:32.344765,2025-09-13 02:45:32.344765
case_82,Settle conditions with supplier,Francois de Perrier,2025-09-11 10:21:32.344765,2025-09-13 02:50:32.344765,2025-09-13 08:34:32.344765
case_93,Analyze Request for Quotation,Magdalena Predutta,2025-09-11 00:14:32.344765,2025-09-13 04:11:32.344765,2025-09-13 04:30:32.344765
case_73,Pay invoice,Pedro Alvares,2025-09-12 21:04:32.344765,2025-09-13 04:42:32.344765,2025-09-13 04:52:32.344765
case_76,Send invoice,Carmen Finacse,2025-09-09 20:39:32.344765,2025-09-13 05:28:32.344765,2025-09-13 05:28:32.344765
case_71,Deliver Goods Services,Carmen Finacse,2025-09-12 08:15:32.344765,2025-09-13 06:45:32.344765,2025-09-14 17:09:32.344765
case_79,Approve Purchase Order for payment,Magdalena Predutta,2025-09-13 00:04:32.344765,2025-09-13 06:48:32.344765,2025-09-13 06:48:32.344765
case_76,Release Supplier's Invoice,Pedro Alvares,2025-09-13 05:28:32.344765,2025-09-13 07:40:32.344765,2025-09-13 07:43:32.344765
case_54,Authorize Supplier's Invoice payment,Pedro Alvares,2025-09-13 02:53:32.344765,2025-09-13 07:56:32.344765,2025-09-13 07:56:32.344765
case_76,Settle dispute with supplier Financial Manager,Pedro Alvares,2025-09-13 07:43:32.344765,2025-09-13 08:15:32.344765,2025-09-13 08:40:32.344765
case_93,Amend Request for Quotation Requester,Nico Ojenbeer,2025-09-13 04:30:32.344765,2025-09-13 09:20:32.344765,2025-09-13 09:29:32.344765
case_88,Create Purchase Order,Karel de Groot,2025-09-11 23:20:32.344765,2025-09-13 10:01:32.344765,2025-09-13 10:10:32.344765
case_95,Create Purchase Order,Magdalena Predutta,2025-09-11 22:59:32.344765,2025-09-13 11:44:32.344765,2025-09-13 11:52:32.344765
case_54,Pay invoice,Pedro Alvares,2025-09-13 07:56:32.344765,2025-09-13 11:59:32.344765,2025-09-13 14:10:32.344765
case_76,Authorize Supplier's Invoice payment,Karalda Nimwada,2025-09-13 08:40:32.344765,2025-09-13 12:13:32.344765,2025-09-13 12:13:32.344765
case_76,Pay invoice,Karalda Nimwada,2025-09-13 12:13:32.344765,2025-09-13 12:49:32.344765,2025-09-13 12:57:32.344765
case_68,Release Supplier's Invoice,Karalda Nimwada,2025-09-13 02:45:32.344765,2025-09-13 13:07:32.344765,2025-09-13 13:13:32.344765
case_68,Authorize Supplier's Invoice payment,Karalda Nimwada,2025-09-13 13:13:32.344765,2025-09-13 13:40:32.344765,2025-09-13 13:40:32.344765
case_93,Analyze Request for Quotation,Magdalena Predutta,2025-09-13 09:29:32.344765,2025-09-13 15:04:32.344765,2025-09-13 15:28:32.344765
case_97,Settle conditions with supplier,Francois de Perrier,2025-09-11 03:23:32.344765,2025-09-13 15:08:32.344765,2025-09-13 21:52:32.344765
case_90,Create Purchase Order,Karel de Groot,2025-09-11 19:44:32.344765,2025-09-13 16:40:32.344765,2025-09-13 16:46:32.344765
case_68,Pay invoice,Karalda Nimwada,2025-09-13 13:40:32.344765,2025-09-13 19:08:32.344765,2025-09-13 19:19:32.344765
case_70,Confirm Purchase Order,Carmen Finacse,2025-09-11 21:21:32.344765,2025-09-13 19:25:32.344765,2025-09-13 19:40:32.344765
case_89,Confirm Purchase Order,Karen Clarens,2025-09-13 02:22:32.344765,2025-09-13 19:45:32.344765,2025-09-13 20:15:32.344765
case_99,Create Quotation comparison Map,Magdalena Predutta,2025-09-13 02:07:32.344765,2025-09-13 22:24:32.344765,2025-09-14 01:17:32.344765
case_89,Deliver Goods Services,Kiu Kan,2025-09-13 20:15:32.344765,2025-09-13 22:54:32.344765,2025-09-16 00:19:32.344765
case_92,Analyze Request for Quotation,Karel de Groot,2025-09-10 18:13:32.344765,2025-09-14 00:50:32.344765,2025-09-14 01:13:32.344765
case_63,Deliver Goods Services,Kiu Kan,2025-09-09 20:15:32.344765,2025-09-14 01:13:32.344765,2025-09-15 22:34:32.344765
case_99,Analyze Quotation comparison Map,Kim Passa,2025-09-14 01:17:32.344765,2025-09-14 01:23:32.344765,2025-09-14 01:49:32.344765
case_99,Choose best option,Immanuel Karagianni,2025-09-14 01:49:32.344765,2025-09-14 02:31:32.344765,2025-09-14 02:31:32.344765
case_79,Send invoice,Sean Manney,2025-09-13 06:48:32.344765,2025-09-14 03:27:32.344765,2025-09-14 03:27:32.344765
case_87,Create Purchase Order,Karel de Groot,2025-09-12 05:18:32.344765,2025-09-14 04:15:32.344765,2025-09-14 04:20:32.344765
case_79,Release Supplier's Invoice,Pedro Alvares,2025-09-14 03:27:32.344765,2025-09-14 04:15:32.344765,2025-09-14 04:20:32.344765
case_93,Amend Request for Quotation Requester,Elvira Lores,2025-09-13 15:28:32.344765,2025-09-14 04:38:32.344765,2025-09-14 04:49:32.344765
case_92,Amend Request for Quotation Requester,Clement Duchot,2025-09-14 01:13:32.344765,2025-09-14 05:43:32.344765,2025-09-14 05:53:32.344765
case_79,Authorize Supplier's Invoice payment,Karalda Nimwada,2025-09-14 04:20:32.344765,2025-09-14 07:21:32.344765,2025-09-14 07:21:32.344765
case_88,Confirm Purchase Order,Sean Manney,2025-09-13 10:10:32.344765,2025-09-14 08:16:32.344765,2025-09-14 08:52:32.344765
case_70,Deliver Goods Services,Esmeralda Clay,2025-09-13 19:40:32.344765,2025-09-14 12:11:32.344765,2025-09-16 03:43:32.344765
case_93,Analyze Request for Quotation,Karel de Groot,2025-09-14 04:49:32.344765,2025-09-14 13:24:32.344765,2025-09-14 13:47:32.344765
case_91,Analyze Request for Quotation,Karel de Groot,2025-09-12 19:40:32.344765,2025-09-14 14:36:32.344765,2025-09-14 14:54:32.344765
case_79,Pay invoice,Karalda Nimwada,2025-09-14 07:21:32.344765,2025-09-14 15:14:32.344765,2025-09-14 15:20:32.344765
case_91,Amend Request for Quotation Requester,Immanuel Karagianni,2025-09-14 14:54:32.344765,2025-09-14 15:27:32.344765,2025-09-14 15:38:32.344765
case_92,Analyze Request for Quotation,Magdalena Predutta,2025-09-14 05:53:32.344765,2025-09-14 17:03:32.344765,2025-09-14 17:18:32.344765
case_82,Create Purchase Order,Karel de Groot,2025-09-13 08:34:32.344765,2025-09-14 17:44:32.344765,2025-09-14 17:56:32.344765
case_92,Amend Request for Quotation Requester,Anne Olwada,2025-09-14 17:18:32.344765,2025-09-14 18:21:32.344765,2025-09-14 18:39:32.344765
case_88,Deliver Goods Services,Karen Clarens,2025-09-14 08:52:32.344765,2025-09-15 00:13:32.344765,2025-09-15 06:18:32.344765
case_92,Analyze Request for Quotation,Francois de Perrier,2025-09-14 18:39:32.344765,2025-09-15 01:51:32.344765,2025-09-15 02:16:32.344765
case_86,Confirm Purchase Order,Carmen Finacse,2025-09-13 02:18:32.344765,2025-09-15 01:54:32.344765,2025-09-15 04:22:32.344765
case_71,Release Purchase Order,Kim Passa,2025-09-14 17:09:32.344765,2025-09-15 03:54:32.344765,2025-09-15 03:54:32.344765
case_82,Confirm Purchase Order,Carmen Finacse,2025-09-14 17:56:32.344765,2025-09-15 04:34:32.344765,2025-09-15 07:03:32.344765
case_100,Settle conditions with supplier,Magdalena Predutta,2025-09-12 17:33:32.344765,2025-09-15 05:55:32.344765,2025-09-15 11:54:32.344765
case_99,Settle conditions with supplier,Francois de Perrier,2025-09-14 02:31:32.344765,2025-09-15 07:17:32.344765,2025-09-15 16:16:32.344765
case_94,Confirm Purchase Order,Esmeralda Clay,2025-09-12 18:26:32.344765,2025-09-15 09:30:32.344765,2025-09-15 09:54:32.344765
case_88,Release Purchase Order,Nico Ojenbeer,2025-09-15 06:18:32.344765,2025-09-15 12:29:32.344765,2025-09-15 12:29:32.344765
case_91,Analyze Request for Quotation,Francois de Perrier,2025-09-14 15:38:32.344765,2025-09-15 13:43:32.344765,2025-09-15 14:13:32.344765
case_88,Approve Purchase Order for payment,Karel de Groot,2025-09-15 12:29:32.344765,2025-09-15 13:52:32.344765,2025-09-15 13:52:32.344765
case_100,Create Purchase Order,Karel de Groot,2025-09-15 11:54:32.344765,2025-09-15 14:35:32.344765,2025-09-15 14:45:32.344765
case_99,Create Purchase Order,Karel de Groot,2025-09-15 16:16:32.344765,2025-09-15 18:48:32.344765,2025-09-15 18:56:32.344765
case_91,Send Request for Quotation to Supplier,Magdalena Predutta,2025-09-15 14:13:32.344765,2025-09-15 20:38:32.344765,2025-09-15 21:10:32.344765
case_77,Send invoice,Carmen Finacse,2025-09-11 07:52:32.344765,2025-09-15 21:02:32.344765,2025-09-15 21:02:32.344765
case_86,Deliver Goods Services,Karen Clarens,2025-09-15 04:22:32.344765,2025-09-15 21:28:32.344765,2025-09-17 05:36:32.344765
case_77,Release Supplier's Invoice,Karalda Nimwada,2025-09-15 21:02:32.344765,2025-09-15 22:23:32.344765,2025-09-15 22:26:32.344765
case_77,Authorize Supplier's Invoice payment,Pedro Alvares,2025-09-15 22:26:32.344765,2025-09-15 23:06:32.344765,2025-09-15 23:06:32.344765
case_63,Release Purchase Order,Miu Hanwan,2025-09-15 22:34:32.344765,2025-09-16 02:11:32.344765,2025-09-16 02:11:32.344765
case_89,Release Purchase Order,Kim Passa,2025-09-16 00:19:32.344765,2025-09-16 02:37:32.344765,2025-09-16 02:37:32.344765
case_97,Create Purchase Order,Francois de Perrier,2025-09-13 21:52:32.344765,2025-09-16 02:41:32.344765,2025-09-16 02:50:32.344765
case_77,Pay invoice,Pedro Alvares,2025-09-15 23:06:32.344765,2025-09-16 04:05:32.344765,2025-09-16 04:18:32.344765
case_70,Release Purchase Order,Miu Hanwan,2025-09-16 03:43:32.344765,2025-09-16 04:15:32.344765,2025-09-16 04:15:32.344765
case_91,Create Quotation comparison Map,Magdalena Predutta,2025-09-15 21:10:32.344765,2025-09-16 08:00:32.344765,2025-09-16 11:16:32.344765
case_89,Approve Purchase Order for payment,Magdalena Predutta,2025-09-16 02:37:32.344765,2025-09-16 12:04:32.344765,2025-09-16 12:04:32.344765
case_99,Confirm Purchase Order,Kiu Kan,2025-09-15 18:56:32.344765,2025-09-16 15:26:32.344765,2025-09-16 15:36:32.344765
case_99,Deliver Goods Services,Sean Manney,2025-09-16 15:36:32.344765,2025-09-16 19:52:32.344765,2025-09-19 04:46:32.344765
case_91,Analyze Quotation comparison Map,Kim Passa,2025-09-16 11:16:32.344765,2025-09-16 19:54:32.344765,2025-09-16 21:29:32.344765
case_91,Choose best option,Esmana Liubiata,2025-09-16 21:29:32.344765,2025-09-16 21:47:32.344765,2025-09-16 21:47:32.344765
case_88,Send invoice,Kiu Kan,2025-09-15 13:52:32.344765,2025-09-17 01:24:32.344765,2025-09-17 01:24:32.344765
case_92,Send Request for Quotation to Supplier,Francois de Perrier,2025-09-15 02:16:32.344765,2025-09-17 01:38:32.344765,2025-09-17 01:57:32.344765
case_94,Deliver Goods Services,Carmen Finacse,2025-09-15 09:54:32.344765,2025-09-17 03:54:32.344765,2025-09-17 08:23:32.344765
case_88,Release Supplier's Invoice,Karalda Nimwada,2025-09-17 01:24:32.344765,2025-09-17 05:08:32.344765,2025-09-17 05:12:32.344765
case_86,Release Purchase Order,Immanuel Karagianni,2025-09-17 05:36:32.344765,2025-09-17 06:03:32.344765,2025-09-17 06:03:32.344765
case_87,Confirm Purchase Order,Sean Manney,2025-09-14 04:20:32.344765,2025-09-17 07:05:32.344765,2025-09-17 07:35:32.344765
case_70,Approve Purchase Order for payment,Magdalena Predutta,2025-09-16 04:15:32.344765,2025-09-17 07:43:32.344765,2025-09-17 07:43:32.344765
case_94,Release Purchase Order,Anne Olwada,2025-09-17 08:23:32.344765,2025-09-17 08:41:32.344765,2025-09-17 08:41:32.344765
case_88,Authorize Supplier's Invoice payment,Karalda Nimwada,2025-09-17 05:12:32.344765,2025-09-17 09:14:32.344765,2025-09-17 09:14:32.344765
case_70,Send invoice,Kiu Kan,2025-09-17 07:43:32.344765,2025-09-17 10:50:32.344765,2025-09-17 10:50:32.344765
case_70,Release Supplier's Invoice,Pedro Alvares,2025-09-17 10:50:32.344765,2025-09-17 11:52:32.344765,2025-09-17 11:56:32.344765
case_70,Authorize Supplier's Invoice payment,Karalda Nimwada,2025-09-17 11:56:32.344765,2025-09-17 12:03:32.344765,2025-09-17 12:03:32.344765
case_88,Pay invoice,Karalda Nimwada,2025-09-17 09:14:32.344765,2025-09-17 12:18:32.344765,2025-09-17 12:21:32.344765
case_70,Pay invoice,Karalda Nimwada,2025-09-17 12:03:32.344765,2025-09-17 12:58:32.344765,2025-09-17 14:10:32.344765
case_78,Deliver Goods Services,Esmeralda Clay,2025-09-12 21:05:32.344765,2025-09-17 13:54:32.344765,2025-09-18 05:32:32.344765
case_82,Deliver Goods Services,Kiu Kan,2025-09-15 07:03:32.344765,2025-09-17 20:08:32.344765,2025-09-18 07:42:32.344765
case_63,Approve Purchase Order for payment,Francois de Perrier,2025-09-16 02:11:32.344765,2025-09-18 00:33:32.344765,2025-09-18 00:33:32.344765
case_91,Settle conditions with supplier,Karel de Groot,2025-09-16 21:47:32.344765,2025-09-18 07:57:32.344765,2025-09-18 18:36:32.344765
case_78,Release Purchase Order,Miu Hanwan,2025-09-18 05:32:32.344765,2025-09-18 08:11:32.344765,2025-09-18 08:11:32.344765
case_63,Send invoice,Carmen Finacse,2025-09-18 00:33:32.344765,2025-09-18 08:24:32.344765,2025-09-18 08:24:32.344765
case_82,Release Purchase Order,Miu Hanwan,2025-09-18 07:42:32.344765,2025-09-18 08:48:32.344765,2025-09-18 08:48:32.344765
case_63,Release Supplier's Invoice,Pedro Alvares,2025-09-18 08:24:32.344765,2025-09-18 09:32:32.344765,2025-09-18 09:36:32.344765
case_89,Send invoice,Esmeralda Clay,2025-09-16 12:04:32.344765,2025-09-18 12:05:32.344765,2025-09-18 12:05:32.344765
case_87,Deliver Goods Services,Karen Clarens,2025-09-17 07:35:32.344765,2025-09-18 12:46:32.344765,2025-09-19 08:02:32.344765
case_89,Release Supplier's Invoice,Karalda Nimwada,2025-09-18 12:05:32.344765,2025-09-18 17:09:32.344765,2025-09-18 17:14:32.344765
case_63,Authorize Supplier's Invoice payment,Karalda Nimwada,2025-09-18 09:36:32.344765,2025-09-18 17:34:32.344765,2025-09-18 17:34:32.344765
case_78,Approve Purchase Order for payment,Karel de Groot,2025-09-18 08:11:32.344765,2025-09-18 18:34:32.344765,2025-09-18 18:34:32.344765
case_89,Authorize Supplier's Invoice payment,Pedro Alvares,2025-09-18 17:14:32.344765,2025-09-18 20:07:32.344765,2025-09-18 20:07:32.344765
case_89,Pay invoice,Karalda Nimwada,2025-09-18 20:07:32.344765,2025-09-18 20:34:32.344765,2025-09-18 20:40:32.344765
case_63,Pay invoice,Karalda Nimwada,2025-09-18 17:34:32.344765,2025-09-18 20:51:32.344765,2025-09-18 21:01:32.344765
case_95,Confirm Purchase Order,Kiu Kan,2025-09-13 11:52:32.344765,2025-09-19 00:16:32.344765,2025-09-19 00:57:32.344765
case_86,Approve Purchase Order for payment,Karel de Groot,2025-09-17 06:03:32.344765,2025-09-19 04:18:32.344765,2025-09-19 04:18:32.344765
case_100,Confirm Purchase Order,Kiu Kan,2025-09-15 14:45:32.344765,2025-09-19 04:51:32.344765,2025-09-19 07:15:32.344765
case_94,Approve Purchase Order for payment,Francois de Perrier,2025-09-17 08:41:32.344765,2025-09-19 06:04:32.344765,2025-09-19 06:04:32.344765
case_99,Release Purchase Order,Anne Olwada,2025-09-19 04:46:32.344765,2025-09-19 06:41:32.344765,2025-09-19 06:41:32.344765
case_90,Confirm Purchase Order,Kiu Kan,2025-09-13 16:46:32.344765,2025-09-19 08:21:32.344765,2025-09-19 08:42:32.344765
case_87,Release Purchase Order,Nico Ojenbeer,2025-09-19 08:02:32.344765,2025-09-19 08:43:32.344765,2025-09-19 08:43:32.344765
case_86,Send invoice,Esmeralda Clay,2025-09-19 04:18:32.344765,2025-09-19 09:04:32.344765,2025-09-19 09:04:32.344765
case_86,Release Supplier's Invoice,Pedro Alvares,2025-09-19 09:04:32.344765,2025-09-19 10:27:32.344765,2025-09-19 10:31:32.344765
case_92,Create Quotation comparison Map,Magdalena Predutta,2025-09-17 01:57:32.344765,2025-09-19 11:13:32.344765,2025-09-19 14:38:32.344765
case_86,Authorize Supplier's Invoice payment,Karalda Nimwada,2025-09-19 10:31:32.344765,2025-09-19 11:18:32.344765,2025-09-19 11:18:32.344765
case_90,Deliver Goods Services,Esmeralda Clay,2025-09-19 08:42:32.344765,2025-09-19 13:04:32.344765,2025-09-21 17:17:32.344765
case_92,Analyze Quotation comparison Map,Penn Osterwalder,2025-09-19 14:38:32.344765,2025-09-19 14:51:32.344765,2025-09-19 17:01:32.344765
case_86,Pay invoice,Karalda Nimwada,2025-09-19 11:18:32.344765,2025-09-19 14:52:32.344765,2025-09-19 15:00:32.344765
case_92,Choose best option,Alberto Duport,2025-09-19 17:01:32.344765,2025-09-19 19:10:32.344765,2025-09-19 19:10:32.344765
case_82,Approve Purchase Order for payment,Magdalena Predutta,2025-09-18 08:48:32.344765,2025-09-19 19:18:32.344765,2025-09-19 19:18:32.344765
case_97,Confirm Purchase Order,Carmen Finacse,2025-09-16 02:50:32.344765,2025-09-19 21:21:32.344765,2025-09-19 21:43:32.344765
case_71,Approve Purchase Order for payment,Francois de Perrier,2025-09-15 03:54:32.344765,2025-09-20 01:22:32.344765,2025-09-20 01:22:32.344765
case_87,Settle dispute with supplier Purchasing Agent,Francois de Perrier,2025-09-19 08:43:32.344765,2025-09-20 03:37:32.344765,2025-09-20 12:45:32.344765
case_91,Create Purchase Order,Magdalena Predutta,2025-09-18 18:36:32.344765,2025-09-20 04:30:32.344765,2025-09-20 04:40:32.344765
case_87,Release Purchase Order,Clement Duchot,2025-09-20 12:45:32.344765,2025-09-20 15:12:32.344765,2025-09-20 15:12:32.344765
case_99,Approve Purchase Order for payment,Karel de Groot,2025-09-19 06:41:32.344765,2025-09-20 16:51:32.344765,2025-09-20 16:51:32.344765
case_91,Confirm Purchase Order,Esmeralda Clay,2025-09-20 04:40:32.344765,2025-09-20 20:11:32.344765,2025-09-20 20:47:32.344765
case_99,Send invoice,Carmen Finacse,2025-09-20 16:51:32.344765,2025-09-20 21:56:32.344765,2025-09-20 21:56:32.344765
case_99,Release Supplier's Invoice,Karalda Nimwada,2025-09-20 21:56:32.344765,2025-09-20 22:17:32.344765,2025-09-20 22:21:32.344765
case_99,Authorize Supplier's Invoice payment,Karalda Nimwada,2025-09-20 22:21:32.344765,2025-09-20 22:51:32.344765,2025-09-20 22:51:32.344765
case_99,Pay invoice,Pedro Alvares,2025-09-20 22:51:32.344765,2025-09-20 23:40:32.344765,2025-09-20 23:45:32.344765
case_95,Deliver Goods Services,Sean Manney,2025-09-19 00:57:32.344765,2025-09-21 08:08:32.344765,2025-09-22 20:44:32.344765
case_97,Deliver Goods Services,Carmen Finacse,2025-09-19 21:43:32.344765,2025-09-21 12:44:32.344765,2025-09-23 11:25:32.344765
case_90,Release Purchase Order,Tesca Lobes,2025-09-21 17:17:32.344765,2025-09-21 20:46:32.344765,2025-09-21 20:46:32.344765
case_87,Approve Purchase Order for payment,Francois de Perrier,2025-09-20 15:12:32.344765,2025-09-21 23:19:32.344765,2025-09-21 23:19:32.344765
case_100,Deliver Goods Services,Esmeralda Clay,2025-09-19 07:15:32.344765,2025-09-22 00:39:32.344765,2025-09-22 05:13:32.344765
case_100,Release Purchase Order,Penn Osterwalder,2025-09-22 05:13:32.344765,2025-09-22 06:24:32.344765,2025-09-22 06:24:32.344765
case_87,Send invoice,Karen Clarens,2025-09-21 23:19:32.344765,2025-09-22 07:46:32.344765,2025-09-22 07:46:32.344765
case_87,Release Supplier's Invoice,Pedro Alvares,2025-09-22 07:46:32.344765,2025-09-22 10:13:32.344765,2025-09-22 10:18:32.344765
case_87,Authorize Supplier's Invoice payment,Karalda Nimwada,2025-09-22 10:18:32.344765,2025-09-22 11:11:32.344765,2025-09-22 11:11:32.344765
case_87,Pay invoice,Karalda Nimwada,2025-09-22 11:11:32.344765,2025-09-22 11:45:32.344765,2025-09-22 11:48:32.344765
case_94,Send invoice,Carmen Finacse,2025-09-19 06:04:32.344765,2025-09-22 12:32:32.344765,2025-09-22 12:32:32.344765
case_94,Release Supplier's Invoice,Karalda Nimwada,2025-09-22 12:32:32.344765,2025-09-22 14:34:32.344765,2025-09-22 14:39:32.344765
case_94,Settle dispute with supplier Financial Manager,Pedro Alvares,2025-09-22 14:39:32.344765,2025-09-22 15:11:32.344765,2025-09-22 15:22:32.344765
case_94,Authorize Supplier's Invoice payment,Karalda Nimwada,2025-09-22 15:22:32.344765,2025-09-22 16:30:32.344765,2025-09-22 16:30:32.344765
case_94,Pay invoice,Pedro Alvares,2025-09-22 16:30:32.344765,2025-09-22 16:44:32.344765,2025-09-22 16:46:32.344765
case_71,Send invoice,Kiu Kan,2025-09-20 01:22:32.344765,2025-09-22 19:47:32.344765,2025-09-22 19:47:32.344765
case_71,Release Supplier's Invoice,Pedro Alvares,2025-09-22 19:47:32.344765,2025-09-22 21:01:32.344765,2025-09-22 21:03:32.344765
case_71,Settle dispute with supplier Financial Manager,Pedro Alvares,2025-09-22 21:03:32.344765,2025-09-22 21:09:32.344765,2025-09-22 21:34:32.344765
case_95,Release Purchase Order,Miu Hanwan,2025-09-22 20:44:32.344765,2025-09-22 23:55:32.344765,2025-09-22 23:55:32.344765
case_71,Authorize Supplier's Invoice payment,Karalda Nimwada,2025-09-22 21:34:32.344765,2025-09-23 00:35:32.344765,2025-09-23 00:35:32.344765
case_100,Approve Purchase Order for payment,Magdalena Predutta,2025-09-22 06:24:32.344765,2025-09-23 03:33:32.344765,2025-09-23 03:33:32.344765
case_71,Pay invoice,Pedro Alvares,2025-09-23 00:35:32.344765,2025-09-23 04:24:32.344765,2025-09-23 04:33:32.344765
case_95,Approve Purchase Order for payment,Magdalena Predutta,2025-09-22 23:55:32.344765,2025-09-23 11:25:32.344765,2025-09-23 11:25:32.344765
case_97,Release Purchase Order,Alberto Duport,2025-09-23 11:25:32.344765,2025-09-23 13:09:32.344765,2025-09-23 13:09:32.344765
case_91,Deliver Goods Services,Sean Manney,2025-09-20 20:47:32.344765,2025-09-23 21:22:32.344765,2025-09-25 18:44:32.344765
case_92,Settle conditions with supplier,Francois de Perrier,2025-09-19 19:10:32.344765,2025-09-24 02:57:32.344765,2025-09-24 12:52:32.344765
case_100,Send invoice,Carmen Finacse,2025-09-23 03:33:32.344765,2025-09-24 14:43:32.344765,2025-09-24 14:43:32.344765
case_100,Release Supplier's Invoice,Pedro Alvares,2025-09-24 14:43:32.344765,2025-09-24 15:58:32.344765,2025-09-24 16:02:32.344765
case_100,Authorize Supplier's Invoice payment,Karalda Nimwada,2025-09-24 16:02:32.344765,2025-09-24 20:00:32.344765,2025-09-24 20:00:32.344765
case_100,Pay invoice,Pedro Alvares,2025-09-24 20:00:32.344765,2025-09-24 23:15:32.344765,2025-09-24 23:23:32.344765
case_82,Send invoice,Esmeralda Clay,2025-09-19 19:18:32.344765,2025-09-25 08:22:32.344765,2025-09-25 08:22:32.344765
case_82,Release Supplier's Invoice,Pedro Alvares,2025-09-25 08:22:32.344765,2025-09-25 09:07:32.344765,2025-09-25 09:08:32.344765
case_82,Authorize Supplier's Invoice payment,Pedro Alvares,2025-09-25 09:08:32.344765,2025-09-25 10:08:32.344765,2025-09-25 10:08:32.344765
case_82,Pay invoice,Karalda Nimwada,2025-09-25 10:08:32.344765,2025-09-25 10:15:32.344765,2025-09-25 10:26:32.344765
case_97,Approve Purchase Order for payment,Francois de Perrier,2025-09-23 13:09:32.344765,2025-09-25 10:32:32.344765,2025-09-25 10:32:32.344765
case_97,Send invoice,Karen Clarens,2025-09-25 10:32:32.344765,2025-09-25 14:09:32.344765,2025-09-25 14:09:32.344765
case_97,Release Supplier's Invoice,Pedro Alvares,2025-09-25 14:09:32.344765,2025-09-25 18:27:32.344765,2025-09-25 18:31:32.344765
case_97,Authorize Supplier's Invoice payment,Pedro Alvares,2025-09-25 18:31:32.344765,2025-09-25 19:37:32.344765,2025-09-25 19:37:32.344765
case_91,Release Purchase Order,Anne Olwada,2025-09-25 18:44:32.344765,2025-09-25 20:20:32.344765,2025-09-25 20:20:32.344765
case_92,Create Purchase Order,Karel de Groot,2025-09-24 12:52:32.344765,2025-09-25 20:46:32.344765,2025-09-25 20:52:32.344765
case_97,Pay invoice,Karalda Nimwada,2025-09-25 19:37:32.344765,2025-09-25 21:14:32.344765,2025-09-25 21:27:32.344765
case_90,Approve Purchase Order for payment,Francois de Perrier,2025-09-21 20:46:32.344765,2025-09-26 18:14:32.344765,2025-09-26 18:14:32.344765
case_95,Send invoice,Karen Clarens,2025-09-23 11:25:32.344765,2025-09-26 22:33:32.344765,2025-09-26 22:33:32.344765
case_95,Release Supplier's Invoice,Karalda Nimwada,2025-09-26 22:33:32.344765,2025-09-27 07:24:32.344765,2025-09-27 07:28:32.344765
case_95,Authorize Supplier's Invoice payment,Pedro Alvares,2025-09-27 07:28:32.344765,2025-09-27 11:27:32.344765,2025-09-27 11:27:32.344765
case_90,Send invoice,Karen Clarens,2025-09-26 18:14:32.344765,2025-09-27 12:13:32.344765,2025-09-27 12:13:32.344765
case_95,Pay invoice,Karalda Nimwada,2025-09-27 11:27:32.344765,2025-09-27 12:34:32.344765,2025-09-27 12:40:32.344765
case_90,Release Supplier's Invoice,Pedro Alvares,2025-09-27 12:13:32.344765,2025-09-27 16:44:32.344765,2025-09-27 16:47:32.344765
case_91,Settle dispute with supplier Purchasing Agent,Karel de Groot,2025-09-25 20:20:32.344765,2025-09-27 17:16:32.344765,2025-09-28 01:59:32.344765
case_90,Authorize Supplier's Invoice payment,Karalda Nimwada,2025-09-27 16:47:32.344765,2025-09-27 19:22:32.344765,2025-09-27 19:22:32.344765
case_90,Pay invoice,Karalda Nimwada,2025-09-27 19:22:32.344765,2025-09-27 20:22:32.344765,2025-09-27 20:25:32.344765
case_91,Release Purchase Order,Alberto Duport,2025-09-28 01:59:32.344765,2025-09-28 02:34:32.344765,2025-09-28 02:34:32.344765
case_91,Approve Purchase Order for payment,Francois de Perrier,2025-09-28 02:34:32.344765,2025-09-28 11:22:32.344765,2025-09-28 11:22:32.344765
case_78,Send invoice,Carmen Finacse,2025-09-18 18:34:32.344765,2025-09-29 22:34:32.344765,2025-09-29 22:34:32.344765
case_91,Send invoice,Carmen Finacse,2025-09-28 11:22:32.344765,2025-09-29 23:32:32.344765,2025-09-29 23:32:32.344765
case_91,Release Supplier's Invoice,Karalda Nimwada,2025-09-29 23:32:32.344765,2025-09-30 00:27:32.344765,2025-09-30 00:30:32.344765
case_91,Authorize Supplier's Invoice payment,Karalda Nimwada,2025-09-30 00:30:32.344765,2025-09-30 01:06:32.344765,2025-09-30 01:06:32.344765
case_91,Pay invoice,Karalda Nimwada,2025-09-30 01:06:32.344765,2025-09-30 03:43:32.344765,2025-09-30 03:55:32.344765
case_78,Release Supplier's Invoice,Karalda Nimwada,2025-09-29 22:34:32.344765,2025-09-30 07:56:32.344765,2025-09-30 08:00:32.344765
case_78,Authorize Supplier's Invoice payment,Karalda Nimwada,2025-09-30 08:00:32.344765,2025-09-30 08:47:32.344765,2025-09-30 08:47:32.344765
case_78,Pay invoice,Pedro Alvares,2025-09-30 08:47:32.344765,2025-09-30 15:33:32.344765,2025-09-30 15:41:32.344765
case_92,Confirm Purchase Order,Carmen Finacse,2025-09-25 20:52:32.344765,2025-10-01 16:12:32.344765,2025-10-01 16:22:32.344765
case_92,Deliver Goods Services,Karen Clarens,2025-10-01 16:22:32.344765,2025-10-02 19:21:32.344765,2025-10-03 00:33:32.344765
case_92,Release Purchase Order,Clement Duchot,2025-10-03 00:33:32.344765,2025-10-03 07:00:32.344765,2025-10-03 07:00:32.344765
case_92,Approve Purchase Order for payment,Magdalena Predutta,2025-10-03 07:00:32.344765,2025-10-04 07:31:32.344765,2025-10-04 07:31:32.344765
case_92,Send invoice,Karen Clarens,2025-10-04 07:31:32.344765,2025-10-08 00:39:32.344765,2025-10-08 00:39:32.344765
case_92,Release Supplier's Invoice,Karalda Nimwada,2025-10-08 00:39:32.344765,2025-10-08 02:00:32.344765,2025-10-08 02:06:32.344765
case_92,Authorize Supplier's Invoice payment,Karalda Nimwada,2025-10-08 02:06:32.344765,2025-10-08 02:17:32.344765,2025-10-08 02:17:32.344765
case_92,Pay invoice,Karalda Nimwada,2025-10-08 02:17:32.344765,2025-10-08 06:04:32.344765,2025-10-08 06:09:32.344765
